Product_ID,Product_Name,Category,Brand,Price,List_Price,Rating,Reviews,BestSeller,Prime,AmazonChoice,Stock,Status,Image_URL,Description
B0DPBHSAHX,"Neutrogena Foaming Face Wash, 150ml, For Daily Use, All Skin Types",Beauty,Neutrogena,4.3,5.0,4.8,187,False,False,False,72,Available,https://images.pexels.com/photos/11010801/pexels-photo-11010801.jpeg,"Premium quality Neutrogena Foaming Face Wash, gently cleanses without stripping natural moisture, suitable for daily use."
B0PKH1DNMM,"Eucerin Gel Face Cleanser, 150ml, For Daily Use, All Skin Types",Beauty,Eucerin,6.65,6.65,3.8,1204,False,False,False,23,Available,https://images.pexels.com/photos/3762460/pexels-photo-3762460.jpeg,"Premium quality Eucerin Gel Face Cleanser, gently cleanses without stripping natural moisture, suitable for daily use."
B0W5NGCX19,"CeraVe Salicylic Acid Face Wash, 150ml, For Daily Use, All Skin Types",Beauty,CeraVe,12.76,18.38,4.0,526,False,True,True,213,Available,https://images.pexels.com/photos/8128069/pexels-photo-8128069.jpeg,"Premium quality CeraVe Salicylic Acid Face Wash, gently cleanses without stripping natural moisture, suitable for daily use."
B0YZYCWTIQ,"Cetaphil Oil Control Face Wash, 150ml, For Daily Use, All Skin Types",Beauty,Cetaphil,14.4,17.97,4.1,365,False,True,False,206,Available,https://images.pexels.com/photos/3762460/pexels-photo-3762460.jpeg,"Premium quality Cetaphil Oil Control Face Wash, gently cleanses without stripping natural moisture, suitable for daily use."
B0LJH75LXO,"Garnier Hydrating Face Wash, 150ml, For Daily Use, All Skin Types",Beauty,Garnier,6.64,9.06,3.6,67,False,True,False,48,Available,https://images.pexels.com/photos/2566853/pexels-photo-2566853.jpeg,"Premium quality Garnier Hydrating Face Wash, gently cleanses without stripping natural moisture, suitable for daily use."
B06OH9SDBD,"Aveeno Charcoal Face Wash, 150ml, For Daily Use, All Skin Types",Beauty,Aveeno,5.71,7.74,4.4,67,False,True,False,295,Available,https://images.pexels.com/photos/2566853/pexels-photo-2566853.jpeg,"Premium quality Aveeno Charcoal Face Wash, gently cleanses without stripping natural moisture, suitable for daily use."
B0JT7YE511,"The Ordinary Micellar Cleansing Water, 200ml, Fragrance Free",Beauty,The Ordinary,17.09,18.86,4.2,23,False,False,False,215,Available,https://images.pexels.com/photos/3762460/pexels-photo-3762460.jpeg,"Premium quality The Ordinary Micellar Cleansing Water, dermatologist tested and fragrance free for sensitive skin."
B0SDW4SHNF,"Neutrogena Creamy Face Cleanser, 200ml, Fragrance Free",Beauty,Neutrogena,10.11,10.93,4.6,804,False,False,False,154,Available,https://images.pexels.com/photos/8128069/pexels-photo-8128069.jpeg,"Premium quality Neutrogena Creamy Face Cleanser, dermatologist tested and fragrance free for sensitive skin."
B053LC58DR,"Garnier Gentle Foaming Cleanser, 200ml, Fragrance Free",Beauty,Garnier,18.86,18.86,4.8,367,False,True,False,270,Available,https://images.pexels.com/photos/8140898/pexels-photo-8140898.jpeg,"Premium quality Garnier Gentle Foaming Cleanser, dermatologist tested and fragrance free for sensitive skin."
B0PHT0HL9X,"Garnier Balancing Cleanser, 200ml, Fragrance Free",Beauty,Garnier,16.72,21.0,4.7,492,False,True,False,104,Available,https://images.pexels.com/photos/17747936/pexels-photo-17747936.jpeg,"Premium quality Garnier Balancing Cleanser, dermatologist tested and fragrance free for sensitive skin."
B0HCWI64CI,"Garnier Milk Cleanser, 200ml, Fragrance Free",Beauty,Garnier,12.32,13.6,3.9,8,False,False,False,30,Available,https://images.pexels.com/photos/2566853/pexels-photo-2566853.jpeg,"Premium quality Garnier Milk Cleanser, dermatologist tested and fragrance free for sensitive skin."
B0ODXMO5BX,"Aveeno Daily Facial Moisturizer SPF15, 50g Jar",Beauty,Aveeno,12.28,17.51,4.2,1401,False,True,False,262,Available,https://images.pexels.com/photos/2566853/pexels-photo-2566853.jpeg,"Premium quality Aveeno Daily Facial Moisturizer SPF15, locks in moisture for smooth, healthy-looking skin all day."
B0QPKI7P5T,"Neutrogena Oil-Free Moisturizer, 50g Jar",Beauty,Neutrogena,9.21,9.21,3.8,714,False,True,False,75,Available,https://images.pexels.com/photos/8140898/pexels-photo-8140898.jpeg,"Premium quality Neutrogena Oil-Free Moisturizer, locks in moisture for smooth, healthy-looking skin all day."
B0HOCN9J2Q,"Garnier Hyaluronic Acid Moisturizer, 50g Jar",Beauty,Garnier,24.72,24.72,4.2,95,False,True,False,141,Available,https://images.pexels.com/photos/17747936/pexels-photo-17747936.jpeg,"Premium quality Garnier Hyaluronic Acid Moisturizer, locks in moisture for smooth, healthy-looking skin all day."
B0T0CVS4F8,"Garnier Night Repair Cream, 50g Jar",Beauty,Garnier,21.24,24.43,4.4,80,False,False,False,131,Available,https://images.pexels.com/photos/8140898/pexels-photo-8140898.jpeg,"Premium quality Garnier Night Repair Cream, locks in moisture for smooth, healthy-looking skin all day."
B0IVWPVS7H,"The Ordinary Ultra Hydrating Moisturizer, 50g Jar",Beauty,The Ordinary,9.37,13.11,4.8,81,False,True,False,226,Available,https://images.pexels.com/photos/2566853/pexels-photo-2566853.jpeg,"Premium quality The Ordinary Ultra Hydrating Moisturizer, locks in moisture for smooth, healthy-looking skin all day."
B07AWUDTSE,"Nivea Ceramide Moisturizing Cream, 50g Jar",Beauty,Nivea,12.77,16.97,4.8,145,False,False,False,173,Available,https://images.pexels.com/photos/3762460/pexels-photo-3762460.jpeg,"Premium quality Nivea Ceramide Moisturizing Cream, locks in moisture for smooth, healthy-looking skin all day."
B09XA3KX7E,"Neutrogena SPF 50 Sunscreen Lotion, 100ml, Broad Spectrum UVA/UVB",Beauty,Neutrogena,22.19,25.26,4.4,297,False,False,False,298,Available,https://images.pexels.com/photos/8140898/pexels-photo-8140898.jpeg,"Premium quality Neutrogena SPF 50 Sunscreen Lotion, broad spectrum protection that blends in without a white cast."
B0WJR64DPJ,"Neutrogena Mineral Sunscreen SPF30, 100ml, Broad Spectrum UVA/UVB",Beauty,Neutrogena,20.14,23.85,3.9,226,False,False,False,127,Available,https://images.pexels.com/photos/8140898/pexels-photo-8140898.jpeg,"Premium quality Neutrogena Mineral Sunscreen SPF30, broad spectrum protection that blends in without a white cast."
B0ZUE8YFBN,"Nivea Tinted Sunscreen SPF45, 100ml, Broad Spectrum UVA/UVB",Beauty,Nivea,20.57,20.57,4.2,137,False,True,False,154,Available,https://images.pexels.com/photos/11010801/pexels-photo-11010801.jpeg,"Premium quality Nivea Tinted Sunscreen SPF45, broad spectrum protection that blends in without a white cast."
B0ID25OWF7,"The Ordinary Sport Sunscreen SPF50, 100ml, Broad Spectrum UVA/UVB",Beauty,The Ordinary,15.45,18.77,3.9,378,False,False,False,40,Available,https://images.pexels.com/photos/8128069/pexels-photo-8128069.jpeg,"Premium quality The Ordinary Sport Sunscreen SPF50, broad spectrum protection that blends in without a white cast."
B0L7253J2D,"The Ordinary Broad Spectrum Sunscreen SPF30, 100ml, Broad Spectrum UVA/UVB",Beauty,The Ordinary,23.64,23.64,4.6,60,False,True,False,231,Available,https://images.pexels.com/photos/8128069/pexels-photo-8128069.jpeg,"Premium quality The Ordinary Broad Spectrum Sunscreen SPF30, broad spectrum protection that blends in without a white cast."
B05IXOKC1M,"CeraVe Vitamin C Brightening Serum, 30ml Dropper Bottle",Beauty,CeraVe,28.89,39.93,4.7,138,False,True,False,255,Available,https://images.pexels.com/photos/11010801/pexels-photo-11010801.jpeg,"Premium quality CeraVe Vitamin C Brightening Serum, lightweight formula that targets uneven tone and fine lines."
B08G8JDP0L,"Eucerin Hyaluronic Acid Serum, 30ml Dropper Bottle",Beauty,Eucerin,24.95,24.95,3.7,182,False,False,False,189,Available,https://images.pexels.com/photos/11010801/pexels-photo-11010801.jpeg,"Premium quality Eucerin Hyaluronic Acid Serum, lightweight formula that targets uneven tone and fine lines."
B0A7TZ0YNC,"Garnier Niacinamide 10% Serum, 30ml Dropper Bottle",Beauty,Garnier,12.54,12.54,4.5,243,False,True,False,117,Available,https://images.pexels.com/photos/2566853/pexels-photo-2566853.jpeg,"Premium quality Garnier Niacinamide 10% Serum, lightweight formula that targets uneven tone and fine lines."
B0LOOKEP7Y,"Nivea Retinol Anti-Aging Serum, 30ml Dropper Bottle",Beauty,Nivea,23.71,23.71,4.0,615,False,False,False,83,Available,https://images.pexels.com/photos/5797999/pexels-photo-5797999.jpeg,"Premium quality Nivea Retinol Anti-Aging Serum, lightweight formula that targets uneven tone and fine lines."
B0UXQPHR62,"La Roche-Posay Vitamin E Face Serum, 30ml Dropper Bottle",Beauty,La Roche-Posay,22.52,31.27,4.2,89,False,True,False,175,Available,https://images.pexels.com/photos/5797999/pexels-photo-5797999.jpeg,"Premium quality La Roche-Posay Vitamin E Face Serum, lightweight formula that targets uneven tone and fine lines."
B0IL3FB9W1,"Neutrogena Peptide Firming Serum, 30ml Dropper Bottle",Beauty,Neutrogena,16.24,16.24,4.8,288,False,True,True,191,Available,https://images.pexels.com/photos/17747936/pexels-photo-17747936.jpeg,"Premium quality Neutrogena Peptide Firming Serum, lightweight formula that targets uneven tone and fine lines."
B0XA11DPG8,"Eucerin Alcohol-Free Toner, 200ml",Beauty,Eucerin,16.63,16.63,3.9,359,False,False,False,216,Available,https://images.pexels.com/photos/11010801/pexels-photo-11010801.jpeg,"Premium quality Eucerin Alcohol-Free Toner, refreshes and balances skin pH after cleansing."
B0TUL1P36P,"Aveeno Rose Water Toner, 200ml",Beauty,Aveeno,6.6,9.2,4.2,19,False,True,False,253,Available,https://images.pexels.com/photos/11010801/pexels-photo-11010801.jpeg,"Premium quality Aveeno Rose Water Toner, refreshes and balances skin pH after cleansing."
B04J1RIPZI,"Aveeno Exfoliating Glycolic Toner, 200ml",Beauty,Aveeno,16.77,16.77,4.6,374,False,False,False,263,Available,https://images.pexels.com/photos/3762460/pexels-photo-3762460.jpeg,"Premium quality Aveeno Exfoliating Glycolic Toner, refreshes and balances skin pH after cleansing."
B0COTOHP6V,"Nivea Witch Hazel Toner, 200ml",Beauty,Nivea,16.72,18.99,4.5,74,False,False,False,216,Available,https://images.pexels.com/photos/2566853/pexels-photo-2566853.jpeg,"Premium quality Nivea Witch Hazel Toner, refreshes and balances skin pH after cleansing."
B0KO64T026,CeraVe Clay Detox Face Mask,Beauty,CeraVe,17.85,17.85,4.8,26,False,False,False,214,Available,https://images.pexels.com/photos/17747936/pexels-photo-17747936.jpeg,"Premium quality CeraVe Clay Detox Face Mask, deep cleans pores and leaves skin refreshed."
B079T6VXDP,Cetaphil Sheet Mask Hydration Set (5pk),Beauty,Cetaphil,9.09,11.13,4.7,1189,False,False,False,227,Available,https://images.pexels.com/photos/8128069/pexels-photo-8128069.jpeg,"Premium quality Cetaphil Sheet Mask Hydration Set (5pk), deep cleans pores and leaves skin refreshed."
B0N13JCAT9,Aveeno Charcoal Peel-Off Mask,Beauty,Aveeno,7.73,9.28,4.6,1348,False,True,False,252,Available,https://images.pexels.com/photos/3762460/pexels-photo-3762460.jpeg,"Premium quality Aveeno Charcoal Peel-Off Mask, deep cleans pores and leaves skin refreshed."
B0HAFEYUHZ,"Herbal Essences Anti-Dandruff Shampoo, 340ml",Beauty,Herbal Essences,13.45,13.45,4.8,660,False,False,False,40,Available,https://images.pexels.com/photos/16973307/pexels-photo-16973307.jpeg,"Premium quality Herbal Essences Anti-Dandruff Shampoo, cleanses scalp while nourishing hair from root to tip."
B0LU7U6N7H,"Dove Volumizing Shampoo, 340ml",Beauty,Dove,12.88,12.88,3.8,145,False,False,False,78,Available,https://images.pexels.com/photos/3735627/pexels-photo-3735627.jpeg,"Premium quality Dove Volumizing Shampoo, cleanses scalp while nourishing hair from root to tip."
B0BTXCXAPR,"TRESemme Keratin Smooth Shampoo, 340ml",Beauty,TRESemme,14.06,18.74,4.3,41,False,False,False,81,Available,https://images.pexels.com/photos/16973307/pexels-photo-16973307.jpeg,"Premium quality TRESemme Keratin Smooth Shampoo, cleanses scalp while nourishing hair from root to tip."
B08J3TRP0J,"OGX Color Protect Shampoo, 340ml",Beauty,OGX,13.26,13.26,4.6,461,False,False,False,98,Available,https://images.pexels.com/photos/3735627/pexels-photo-3735627.jpeg,"Premium quality OGX Color Protect Shampoo, cleanses scalp while nourishing hair from root to tip."
B0LRMJKV5U,"TRESemme Sulfate-Free Shampoo, 340ml",Beauty,TRESemme,8.63,11.72,4.2,232,False,True,False,214,Available,https://images.pexels.com/photos/3735627/pexels-photo-3735627.jpeg,"Premium quality TRESemme Sulfate-Free Shampoo, cleanses scalp while nourishing hair from root to tip."
B0R2DHYLUR,"TRESemme Daily Clarifying Shampoo, 340ml",Beauty,TRESemme,8.14,10.46,4.4,52,False,False,False,143,Available,https://images.pexels.com/photos/16973307/pexels-photo-16973307.jpeg,"Premium quality TRESemme Daily Clarifying Shampoo, cleanses scalp while nourishing hair from root to tip."
B0JEGET1GH,"Head & Shoulders Deep Conditioner, 340ml",Beauty,Head & Shoulders,17.96,17.96,4.0,273,False,False,False,200,Available,https://images.pexels.com/photos/16973307/pexels-photo-16973307.jpeg,"Premium quality Head & Shoulders Deep Conditioner, detangles and softens hair, pairs well with matching shampoo."
B03KMKZEBB,"L'Oreal Paris Leave-In Conditioner, 340ml",Beauty,L'Oreal Paris,14.42,14.42,4.9,13,False,False,False,288,Available,https://images.pexels.com/photos/16973307/pexels-photo-16973307.jpeg,"Premium quality L'Oreal Paris Leave-In Conditioner, detangles and softens hair, pairs well with matching shampoo."
B0QPGB7R3O,"Dove Repair Conditioner, 340ml",Beauty,Dove,13.29,13.29,4.3,960,False,False,False,72,Available,https://images.pexels.com/photos/3735627/pexels-photo-3735627.jpeg,"Premium quality Dove Repair Conditioner, detangles and softens hair, pairs well with matching shampoo."
B0UOVW1N6K,"Pantene Moisture Lock Conditioner, 340ml",Beauty,Pantene,6.97,6.97,3.9,119,False,True,False,175,Available,https://images.pexels.com/photos/16973307/pexels-photo-16973307.jpeg,"Premium quality Pantene Moisture Lock Conditioner, detangles and softens hair, pairs well with matching shampoo."
B0HXFGCAQV,"L'Oreal Paris Curl Defining Conditioner, 340ml",Beauty,L'Oreal Paris,12.39,17.78,3.9,434,False,False,False,70,Available,https://images.pexels.com/photos/16973307/pexels-photo-16973307.jpeg,"Premium quality L'Oreal Paris Curl Defining Conditioner, detangles and softens hair, pairs well with matching shampoo."
B0J2V2HEIF,"Pantene Argan Hair Oil, 200ml Bottle",Beauty,Pantene,6.55,6.55,3.9,149,False,True,False,252,Available,https://images.pexels.com/photos/16973307/pexels-photo-16973307.jpeg,"Premium quality Pantene Argan Hair Oil, strengthens hair and reduces breakage with regular use."
B0KOJTPV60,"Dove Coconut Hair Oil, 200ml Bottle",Beauty,Dove,4.79,5.72,4.2,293,False,False,False,167,Available,https://images.pexels.com/photos/16973307/pexels-photo-16973307.jpeg,"Premium quality Dove Coconut Hair Oil, strengthens hair and reduces breakage with regular use."
B0JB1QX6GV,"Pantene Onion Hair Oil, 200ml Bottle",Beauty,Pantene,5.0,5.0,4.5,316,False,False,False,30,Available,https://images.pexels.com/photos/16973307/pexels-photo-16973307.jpeg,"Premium quality Pantene Onion Hair Oil, strengthens hair and reduces breakage with regular use."
B0YK83TQLL,"TRESemme Almond Hair Oil, 200ml Bottle",Beauty,TRESemme,9.17,10.99,4.0,81,False,False,False,73,Available,https://images.pexels.com/photos/16973307/pexels-photo-16973307.jpeg,"Premium quality TRESemme Almond Hair Oil, strengthens hair and reduces breakage with regular use."
B0RPBJEK5R,"Pantene Castor Hair Growth Oil, 200ml Bottle",Beauty,Pantene,11.23,13.85,4.4,1397,False,False,False,116,Available,https://images.pexels.com/photos/3735627/pexels-photo-3735627.jpeg,"Premium quality Pantene Castor Hair Growth Oil, strengthens hair and reduces breakage with regular use."
B06QE3RZSJ,"Herbal Essences Anti-Frizz Hair Serum, 100ml",Beauty,Herbal Essences,15.94,17.3,4.9,596,False,True,False,228,Available,https://images.pexels.com/photos/16973307/pexels-photo-16973307.jpeg,"Premium quality Herbal Essences Anti-Frizz Hair Serum, tames frizz and adds a smooth, glossy finish."
B00EC14M2J,"Mamaearth Shine Boost Hair Serum, 100ml",Beauty,Mamaearth,9.41,9.41,4.4,1122,False,True,False,216,Available,https://images.pexels.com/photos/3735627/pexels-photo-3735627.jpeg,"Premium quality Mamaearth Shine Boost Hair Serum, tames frizz and adds a smooth, glossy finish."
B0RL1N759I,"L'Oreal Paris Heat Protectant Serum, 100ml",Beauty,L'Oreal Paris,16.16,16.16,4.2,900,False,False,False,270,Available,https://images.pexels.com/photos/16973307/pexels-photo-16973307.jpeg,"Premium quality L'Oreal Paris Heat Protectant Serum, tames frizz and adds a smooth, glossy finish."
B0NX39RBSV,"Herbal Essences Split-End Repair Serum, 100ml",Beauty,Herbal Essences,17.98,21.54,4.7,364,False,False,False,262,Available,https://images.pexels.com/photos/3735627/pexels-photo-3735627.jpeg,"Premium quality Herbal Essences Split-End Repair Serum, tames frizz and adds a smooth, glossy finish."
B0XFQ8MYX4,"Mamaearth Smoothing Hair Serum, 100ml",Beauty,Mamaearth,7.4,7.4,4.1,1019,False,False,False,27,Available,https://images.pexels.com/photos/16973307/pexels-photo-16973307.jpeg,"Premium quality Mamaearth Smoothing Hair Serum, tames frizz and adds a smooth, glossy finish."
B0CW790PDW,"OGX Deep Repair Hair Mask, 250g Jar",Beauty,OGX,16.4,16.4,3.6,37,False,False,False,269,Available,https://images.pexels.com/photos/3735627/pexels-photo-3735627.jpeg,"Premium quality OGX Deep Repair Hair Mask, weekly treatment for damaged or color-treated hair."
B0NFTU2GC5,"Mamaearth Protein Hair Mask, 250g Jar",Beauty,Mamaearth,9.5,10.36,4.0,87,False,False,False,186,Available,https://images.pexels.com/photos/3735627/pexels-photo-3735627.jpeg,"Premium quality Mamaearth Protein Hair Mask, weekly treatment for damaged or color-treated hair."
B06QKTC89K,"Mamaearth Keratin Hair Mask, 250g Jar",Beauty,Mamaearth,20.69,25.88,4.5,18,False,False,False,150,Available,https://images.pexels.com/photos/16973307/pexels-photo-16973307.jpeg,"Premium quality Mamaearth Keratin Hair Mask, weekly treatment for damaged or color-treated hair."
B0MKZA3OA5,"L'Oreal Paris Moisture Hair Mask, 250g Jar",Beauty,L'Oreal Paris,13.85,20.08,4.1,157,False,True,False,267,Available,https://images.pexels.com/photos/3735627/pexels-photo-3735627.jpeg,"Premium quality L'Oreal Paris Moisture Hair Mask, weekly treatment for damaged or color-treated hair."
B0WWYZX4W6,"Himalaya Moisturizing Body Wash, 500ml",Beauty,Himalaya,14.16,14.16,4.1,196,False,False,True,137,Available,https://images.pexels.com/photos/8140918/pexels-photo-8140918.jpeg,"Premium quality Himalaya Moisturizing Body Wash, gently cleanses while keeping skin soft and hydrated."
B00GET8T63,"Nivea Exfoliating Body Wash, 500ml",Beauty,Nivea,8.4,10.87,4.0,126,False,True,False,87,Available,https://images.pexels.com/photos/14890557/pexels-photo-14890557.jpeg,"Premium quality Nivea Exfoliating Body Wash, gently cleanses while keeping skin soft and hydrated."
B01IYYO4UD,"Himalaya Sensitive Skin Body Wash, 500ml",Beauty,Himalaya,15.64,21.93,3.7,705,False,False,False,78,Available,https://images.pexels.com/photos/14890557/pexels-photo-14890557.jpeg,"Premium quality Himalaya Sensitive Skin Body Wash, gently cleanses while keeping skin soft and hydrated."
B07DIA5U6H,"Nivea Refreshing Citrus Body Wash, 500ml",Beauty,Nivea,7.91,9.62,4.7,176,False,False,False,154,Available,https://images.pexels.com/photos/8140905/pexels-photo-8140905.jpeg,"Premium quality Nivea Refreshing Citrus Body Wash, gently cleanses while keeping skin soft and hydrated."
B09EITNN8Z,"Himalaya Oatmeal Body Wash, 500ml",Beauty,Himalaya,15.0,18.47,3.6,131,False,True,False,91,Available,https://images.pexels.com/photos/8140918/pexels-photo-8140918.jpeg,"Premium quality Himalaya Oatmeal Body Wash, gently cleanses while keeping skin soft and hydrated."
B0W7KYHQIN,"EOS Shea Butter Body Wash, 500ml",Beauty,EOS,11.46,11.46,4.7,312,False,False,False,232,Available,https://images.pexels.com/photos/8140918/pexels-photo-8140918.jpeg,"Premium quality EOS Shea Butter Body Wash, gently cleanses while keeping skin soft and hydrated."
B0883DHX8B,"Cetaphil Charcoal Body Wash, 500ml",Beauty,Cetaphil,10.99,10.99,4.0,60,False,True,False,203,Available,https://images.pexels.com/photos/14890557/pexels-photo-14890557.jpeg,"Premium quality Cetaphil Charcoal Body Wash, gently cleanses while keeping skin soft and hydrated."
B0HH5LF6A4,"Burt's Bees Cocoa Butter Body Lotion, 400ml Pump Bottle",Beauty,Burt's Bees,16.87,16.87,4.6,648,False,True,False,125,Available,https://images.pexels.com/photos/8140905/pexels-photo-8140905.jpeg,"Premium quality Burt's Bees Cocoa Butter Body Lotion, fast-absorbing formula for all-day soft skin."
B0A2ILGB0S,"Dove 24hr Hydration Body Lotion, 400ml Pump Bottle",Beauty,Dove,11.48,11.48,3.6,30,False,False,False,76,Available,https://images.pexels.com/photos/8140918/pexels-photo-8140918.jpeg,"Premium quality Dove 24hr Hydration Body Lotion, fast-absorbing formula for all-day soft skin."
B0HW06XKXB,"Vaseline Aloe Vera Body Lotion, 400ml Pump Bottle",Beauty,Vaseline,10.71,10.71,4.2,1733,False,False,True,282,Available,https://images.pexels.com/photos/14890557/pexels-photo-14890557.jpeg,"Premium quality Vaseline Aloe Vera Body Lotion, fast-absorbing formula for all-day soft skin."
B0VCJWTL9T,"EOS Shea Butter Body Lotion, 400ml Pump Bottle",Beauty,EOS,10.12,13.6,3.7,591,False,True,False,247,Available,https://images.pexels.com/photos/14890557/pexels-photo-14890557.jpeg,"Premium quality EOS Shea Butter Body Lotion, fast-absorbing formula for all-day soft skin."
B0O3O0LLJ8,"Carmex Vitamin E Body Lotion, 400ml Pump Bottle",Beauty,Carmex,12.27,16.44,4.8,88,False,False,False,130,Available,https://images.pexels.com/photos/8140918/pexels-photo-8140918.jpeg,"Premium quality Carmex Vitamin E Body Lotion, fast-absorbing formula for all-day soft skin."
B0NEC8UYO5,"Himalaya Fragrance-Free Body Lotion, 400ml Pump Bottle",Beauty,Himalaya,5.81,5.81,4.6,2,False,False,False,67,Available,https://images.pexels.com/photos/14890557/pexels-photo-14890557.jpeg,"Premium quality Himalaya Fragrance-Free Body Lotion, fast-absorbing formula for all-day soft skin."
B0FR4MUEKI,"Nivea Deep Moisture Body Lotion, 400ml Pump Bottle",Beauty,Nivea,16.62,16.62,4.3,675,False,True,False,200,Available,https://images.pexels.com/photos/14890557/pexels-photo-14890557.jpeg,"Premium quality Nivea Deep Moisture Body Lotion, fast-absorbing formula for all-day soft skin."
B0YBJ17MGF,"Carmex Intensive Hand Cream, 75ml Tube",Beauty,Carmex,11.77,11.77,4.5,490,False,False,False,33,Available,https://images.pexels.com/photos/8140918/pexels-photo-8140918.jpeg,"Premium quality Carmex Intensive Hand Cream, non-greasy formula that heals dry, cracked hands."
B0NQFLL7V5,"EOS Shea Hand Cream, 75ml Tube",Beauty,EOS,3.63,3.63,4.3,522,False,True,False,35,Available,https://images.pexels.com/photos/8140905/pexels-photo-8140905.jpeg,"Premium quality EOS Shea Hand Cream, non-greasy formula that heals dry, cracked hands."
B0PJ1EPKYR,"Dove Repair Hand Cream, 75ml Tube",Beauty,Dove,9.79,10.87,4.2,590,False,False,False,246,Available,https://images.pexels.com/photos/8140918/pexels-photo-8140918.jpeg,"Premium quality Dove Repair Hand Cream, non-greasy formula that heals dry, cracked hands."
B011KERPET,"Aveeno Fast-Absorbing Hand Cream, 75ml Tube",Beauty,Aveeno,3.41,4.44,4.8,30,False,True,False,23,Available,https://images.pexels.com/photos/8140905/pexels-photo-8140905.jpeg,"Premium quality Aveeno Fast-Absorbing Hand Cream, non-greasy formula that heals dry, cracked hands."
B0BA75UUZP,"Carmex Travel Size Hand Cream, 75ml Tube",Beauty,Carmex,8.03,8.03,4.7,177,False,True,False,201,Available,https://images.pexels.com/photos/8140905/pexels-photo-8140905.jpeg,"Premium quality Carmex Travel Size Hand Cream, non-greasy formula that heals dry, cracked hands."
B0D4IVSOLM,"EOS Almond Hand Cream, 75ml Tube",Beauty,EOS,3.19,4.39,4.8,49,False,False,False,255,Available,https://images.pexels.com/photos/14890557/pexels-photo-14890557.jpeg,"Premium quality EOS Almond Hand Cream, non-greasy formula that heals dry, cracked hands."
B0M033IFHV,"Dove Moisturizing Lip Balm, Stick",Beauty,Dove,2.46,2.46,4.8,795,False,False,False,291,Available,https://images.pexels.com/photos/8140918/pexels-photo-8140918.jpeg,"Premium quality Dove Moisturizing Lip Balm, relieves dry chapped lips and locks in moisture."
B0UY5X9L8L,"Vaseline Tinted Lip Balm, Stick",Beauty,Vaseline,3.06,3.06,4.3,390,False,False,False,272,Available,https://images.pexels.com/photos/14890557/pexels-photo-14890557.jpeg,"Premium quality Vaseline Tinted Lip Balm, relieves dry chapped lips and locks in moisture."
B0CQBNKX9D,"Vaseline SPF15 Lip Balm, Stick",Beauty,Vaseline,4.81,4.81,4.1,160,False,False,True,160,Available,https://images.pexels.com/photos/8140918/pexels-photo-8140918.jpeg,"Premium quality Vaseline SPF15 Lip Balm, relieves dry chapped lips and locks in moisture."
B0XLRFCD6M,"Carmex Beeswax Lip Balm, Stick",Beauty,Carmex,4.31,4.31,4.7,26,False,False,False,41,Available,https://images.pexels.com/photos/8140918/pexels-photo-8140918.jpeg,"Premium quality Carmex Beeswax Lip Balm, relieves dry chapped lips and locks in moisture."
B0VN7N1YBW,"Vaseline Shea Butter Lip Balm, Stick",Beauty,Vaseline,5.03,5.89,4.3,148,False,False,False,244,Available,https://images.pexels.com/photos/14890557/pexels-photo-14890557.jpeg,"Premium quality Vaseline Shea Butter Lip Balm, relieves dry chapped lips and locks in moisture."
B0X65MUFM8,"Vaseline Vanilla Lip Balm, Stick",Beauty,Vaseline,3.98,3.98,4.5,157,False,True,False,217,Available,https://images.pexels.com/photos/8140918/pexels-photo-8140918.jpeg,"Premium quality Vaseline Vanilla Lip Balm, relieves dry chapped lips and locks in moisture."
B023Y30YSX,"EOS Cocoa Lip Balm, Stick",Beauty,EOS,2.77,2.77,4.1,523,True,True,False,63,Available,https://images.pexels.com/photos/14890557/pexels-photo-14890557.jpeg,"Premium quality EOS Cocoa Lip Balm, relieves dry chapped lips and locks in moisture."
B0G9FK2ST0,"Carmex Mint Lip Balm, Stick",Beauty,Carmex,4.17,4.78,4.6,405,False,True,False,129,Available,https://images.pexels.com/photos/8140918/pexels-photo-8140918.jpeg,"Premium quality Carmex Mint Lip Balm, relieves dry chapped lips and locks in moisture."
B0GYW6ZBNZ,"Nivea Rose Lip Balm, Stick",Beauty,Nivea,5.97,5.97,3.8,872,False,False,False,87,Available,https://images.pexels.com/photos/14890557/pexels-photo-14890557.jpeg,"Premium quality Nivea Rose Lip Balm, relieves dry chapped lips and locks in moisture."
B03Q4N89QK,"Aveeno Overnight Lip Mask, Stick",Beauty,Aveeno,6.51,6.51,4.0,255,False,False,False,139,Available,https://images.pexels.com/photos/14890557/pexels-photo-14890557.jpeg,"Premium quality Aveeno Overnight Lip Mask, relieves dry chapped lips and locks in moisture."
B0JX5TD44K,"Anchor Full Cream Milk, 1L Carton",Grocery,Anchor,2.73,2.73,3.8,50,False,False,False,122,Available,https://images.pexels.com/photos/10391653/pexels-photo-10391653.jpeg,"Fresh quality Anchor Full Cream Milk, 1L Carton, pairs well with bread, cereal, tea and coffee."
B0QMABSI9N,"National Toned Milk, 1L Pouch",Grocery,National,2.16,3.0,3.9,499,False,False,False,66,Available,https://images.pexels.com/photos/3341067/pexels-photo-3341067.jpeg,"Fresh quality National Toned Milk, 1L Pouch, pairs well with bread, cereal, tea and coffee."
B0K3ZEZQAC,"National Salted Butter, 200g Block",Grocery,National,3.9,3.9,3.8,572,False,False,False,191,Available,https://images.pexels.com/photos/20008782/pexels-photo-20008782.jpeg,"Fresh quality National Salted Butter, 200g Block, pairs well with bread, cereal, tea and coffee."
B0IEIXWC4R,"Nestle Unsalted Butter, 200g Block",Grocery,Nestle,3.95,5.33,4.6,329,False,False,False,290,Available,https://images.pexels.com/photos/3341067/pexels-photo-3341067.jpeg,"Fresh quality Nestle Unsalted Butter, 200g Block, pairs well with bread, cereal, tea and coffee."
B0UGYSM8T2,"Britannia Cheddar Cheese Block, 200g",Grocery,Britannia,4.79,5.43,4.1,589,False,True,False,239,Available,https://images.pexels.com/photos/3341067/pexels-photo-3341067.jpeg,"Fresh quality Britannia Cheddar Cheese Block, 200g, pairs well with bread, cereal, tea and coffee."
B02M0W10LB,"Dairy Fresh Mozzarella Cheese Shredded, 200g",Grocery,Dairy Fresh,6.16,7.53,3.6,272,False,True,False,211,Available,https://images.pexels.com/photos/20008782/pexels-photo-20008782.jpeg,"Fresh quality Dairy Fresh Mozzarella Cheese Shredded, 200g, pairs well with bread, cereal, tea and coffee."
B0GEZ7BH25,"Britannia Processed Cheese Slices, 10pk",Grocery,Britannia,3.35,3.35,4.2,295,False,False,False,257,Available,https://images.pexels.com/photos/20008782/pexels-photo-20008782.jpeg,"Fresh quality Britannia Processed Cheese Slices, 10pk, pairs well with bread, cereal, tea and coffee."
B0XK5BXJ2P,"National Plain Yogurt, 400g Tub",Grocery,National,2.42,2.42,3.6,223,False,False,False,298,Available,https://images.pexels.com/photos/10281119/pexels-photo-10281119.jpeg,"Fresh quality National Plain Yogurt, 400g Tub, pairs well with bread, cereal, tea and coffee."
B0R7S20CV3,"Britannia Greek Yogurt, 500g Tub",Grocery,Britannia,3.99,3.99,4.2,10,False,False,True,193,Available,https://images.pexels.com/photos/20008782/pexels-photo-20008782.jpeg,"Fresh quality Britannia Greek Yogurt, 500g Tub, pairs well with bread, cereal, tea and coffee."
B0YMB5M9J9,"National Flavored Yogurt Cups, 4pk",Grocery,National,3.71,4.41,4.2,45,False,False,False,248,Available,https://images.pexels.com/photos/3341067/pexels-photo-3341067.jpeg,"Fresh quality National Flavored Yogurt Cups, 4pk, pairs well with bread, cereal, tea and coffee."
B0V2BC2NNU,"Amul Paneer / Cottage Cheese, 200g",Grocery,Amul,3.54,4.5,3.8,12,False,False,False,101,Available,https://images.pexels.com/photos/10391653/pexels-photo-10391653.jpeg,"Fresh quality Amul Paneer / Cottage Cheese, 200g, pairs well with bread, cereal, tea and coffee."
B0OXIE0RNU,"Britannia Whipping Cream, 250ml",Grocery,Britannia,3.62,4.5,4.3,404,False,False,False,59,Available,https://images.pexels.com/photos/20008782/pexels-photo-20008782.jpeg,"Fresh quality Britannia Whipping Cream, 250ml, pairs well with bread, cereal, tea and coffee."
B0CGZ9389Y,"National Low-Fat Milk, 1L Carton",Grocery,National,2.7,3.53,3.8,150,False,True,False,271,Available,https://images.pexels.com/photos/3341067/pexels-photo-3341067.jpeg,"Fresh quality National Low-Fat Milk, 1L Carton, pairs well with bread, cereal, tea and coffee."
B0W2SEHE2A,"Anchor Buttermilk, 500ml",Grocery,Anchor,1.63,1.63,4.8,284,False,False,False,100,Available,https://images.pexels.com/photos/20008782/pexels-photo-20008782.jpeg,"Fresh quality Anchor Buttermilk, 500ml, pairs well with bread, cereal, tea and coffee."
B0ZROOUELC,"Dairy Fresh Cream Cheese, 200g Tub",Grocery,Dairy Fresh,4.83,4.83,4.1,952,False,True,False,64,Available,https://images.pexels.com/photos/10281119/pexels-photo-10281119.jpeg,"Fresh quality Dairy Fresh Cream Cheese, 200g Tub, pairs well with bread, cereal, tea and coffee."
B0S53SKF7I,"Britannia Ghee (Clarified Butter), 500ml",Grocery,Britannia,8.05,11.16,3.8,114,False,False,False,113,Available,https://images.pexels.com/photos/20008782/pexels-photo-20008782.jpeg,"Fresh quality Britannia Ghee (Clarified Butter), 500ml, pairs well with bread, cereal, tea and coffee."
B0TSG7FXZV,"Amul Skimmed Milk Powder, 500g",Grocery,Amul,5.63,5.63,4.0,211,False,True,False,160,Available,https://images.pexels.com/photos/3341067/pexels-photo-3341067.jpeg,"Fresh quality Amul Skimmed Milk Powder, 500g, pairs well with bread, cereal, tea and coffee."
B0OXRWK8R2,"Amul String Cheese Snack Pack, 6pk",Grocery,Amul,4.16,4.16,4.6,563,False,False,False,155,Available,https://images.pexels.com/photos/10281119/pexels-photo-10281119.jpeg,"Fresh quality Amul String Cheese Snack Pack, 6pk, pairs well with bread, cereal, tea and coffee."
B0HVLZ049E,"National Condensed Milk, 400g Can",Grocery,National,3.03,3.03,4.2,103,False,False,False,100,Available,https://images.pexels.com/photos/20008782/pexels-photo-20008782.jpeg,"Fresh quality National Condensed Milk, 400g Can, pairs well with bread, cereal, tea and coffee."
B0B85P8637,"Anchor Evaporated Milk, 400g Can",Grocery,Anchor,2.52,3.16,3.8,32,False,False,False,156,Available,https://images.pexels.com/photos/20008782/pexels-photo-20008782.jpeg,"Fresh quality Anchor Evaporated Milk, 400g Can, pairs well with bread, cereal, tea and coffee."
B0DOQIVBKV,"Bunge White Sandwich Bread, 400g Loaf",Grocery,Bunge,2.03,2.58,4.2,136,False,False,False,275,Available,https://images.pexels.com/photos/10281119/pexels-photo-10281119.jpeg,"Freshly baked quality Bunge White Sandwich Bread, 400g Loaf, great with butter, cheese, jam or a hot cup of tea."
B0NOBBUNKN,"Harvest Gold Whole Wheat Bread, 400g Loaf",Grocery,Harvest Gold,2.23,2.23,3.9,70,False,True,False,240,Available,https://images.pexels.com/photos/10281119/pexels-photo-10281119.jpeg,"Freshly baked quality Harvest Gold Whole Wheat Bread, 400g Loaf, great with butter, cheese, jam or a hot cup of tea."
B0N9UNFVOB,"English Oven Multigrain Bread, 400g Loaf",Grocery,English Oven,2.25,2.25,3.7,1061,False,True,True,80,Available,https://images.pexels.com/photos/3341067/pexels-photo-3341067.jpeg,"Freshly baked quality English Oven Multigrain Bread, 400g Loaf, great with butter, cheese, jam or a hot cup of tea."
B0SLWF90KM,"Bunge Burger Buns, 6pk",Grocery,Bunge,2.37,2.37,4.4,660,False,False,False,285,Available,https://images.pexels.com/photos/10281119/pexels-photo-10281119.jpeg,"Freshly baked quality Bunge Burger Buns, 6pk, great with butter, cheese, jam or a hot cup of tea."
B0OL65WVJX,"English Oven Hot Dog Buns, 8pk",Grocery,English Oven,2.27,2.27,3.7,401,False,True,False,208,Available,https://images.pexels.com/photos/10391653/pexels-photo-10391653.jpeg,"Freshly baked quality English Oven Hot Dog Buns, 8pk, great with butter, cheese, jam or a hot cup of tea."
B0B8DALFYO,"Britannia Dinner Rolls, 8pk",Grocery,Britannia,2.78,3.65,4.5,820,False,True,False,214,Available,https://images.pexels.com/photos/10281119/pexels-photo-10281119.jpeg,"Freshly baked quality Britannia Dinner Rolls, 8pk, great with butter, cheese, jam or a hot cup of tea."
B0G6MM1ZXY,"Britannia Digestive Biscuits, 250g",Grocery,Britannia,2.14,2.76,4.0,651,False,False,True,264,Available,https://images.pexels.com/photos/10281119/pexels-photo-10281119.jpeg,"Freshly baked quality Britannia Digestive Biscuits, 250g, great with butter, cheese, jam or a hot cup of tea."
B0YRRU7ZKU,"Bunge Cream Cracker Biscuits, 200g",Grocery,Bunge,2.17,2.58,4.5,82,False,False,False,172,Available,https://images.pexels.com/photos/10281119/pexels-photo-10281119.jpeg,"Freshly baked quality Bunge Cream Cracker Biscuits, 200g, great with butter, cheese, jam or a hot cup of tea."
B0ZMPJRHT7,"Modern Chocolate Chip Cookies, 300g",Grocery,Modern,3.56,3.56,4.0,892,False,True,False,94,Available,https://images.pexels.com/photos/20008782/pexels-photo-20008782.jpeg,"Freshly baked quality Modern Chocolate Chip Cookies, 300g, great with butter, cheese, jam or a hot cup of tea."
B0TWBOZD1A,"Bunge Oatmeal Raisin Cookies, 300g",Grocery,Bunge,2.74,2.74,4.5,310,False,True,False,142,Available,https://images.pexels.com/photos/10391653/pexels-photo-10391653.jpeg,"Freshly baked quality Bunge Oatmeal Raisin Cookies, 300g, great with butter, cheese, jam or a hot cup of tea."
B08LX6DUT0,"Modern Butter Cookies Tin, 400g",Grocery,Modern,5.63,5.63,3.9,658,False,False,False,263,Available,https://images.pexels.com/photos/3341067/pexels-photo-3341067.jpeg,"Freshly baked quality Modern Butter Cookies Tin, 400g, great with butter, cheese, jam or a hot cup of tea."
B0R7875AUD,"Bunge Croissants, 4pk",Grocery,Bunge,3.63,3.63,4.1,905,False,False,False,38,Available,https://images.pexels.com/photos/20008782/pexels-photo-20008782.jpeg,"Freshly baked quality Bunge Croissants, 4pk, great with butter, cheese, jam or a hot cup of tea."
B04QGEFQJG,"Harvest Gold Bagels Plain, 6pk",Grocery,Harvest Gold,3.35,3.35,4.8,153,False,False,False,288,Available,https://images.pexels.com/photos/20008782/pexels-photo-20008782.jpeg,"Freshly baked quality Harvest Gold Bagels Plain, 6pk, great with butter, cheese, jam or a hot cup of tea."
B0OPLOD9R7,"Harvest Gold Tortilla Wraps, 8pk",Grocery,Harvest Gold,3.12,3.12,4.4,46,False,False,False,109,Available,https://images.pexels.com/photos/3341067/pexels-photo-3341067.jpeg,"Freshly baked quality Harvest Gold Tortilla Wraps, 8pk, great with butter, cheese, jam or a hot cup of tea."
B0AXYCELOS,"Harvest Gold Pita Bread, 6pk",Grocery,Harvest Gold,2.38,2.81,4.5,103,False,True,False,188,Available,https://images.pexels.com/photos/20008782/pexels-photo-20008782.jpeg,"Freshly baked quality Harvest Gold Pita Bread, 6pk, great with butter, cheese, jam or a hot cup of tea."
B0EF0VOTQT,"Britannia Rusk / Toast, 200g",Grocery,Britannia,2.11,2.11,3.9,222,False,False,False,208,Available,https://images.pexels.com/photos/10391653/pexels-photo-10391653.jpeg,"Freshly baked quality Britannia Rusk / Toast, 200g, great with butter, cheese, jam or a hot cup of tea."
B0N7E36HTF,"Bunge Marie Biscuits, 250g",Grocery,Bunge,1.68,1.68,4.3,681,False,False,False,61,Available,https://images.pexels.com/photos/10281119/pexels-photo-10281119.jpeg,"Freshly baked quality Bunge Marie Biscuits, 250g, great with butter, cheese, jam or a hot cup of tea."
B03QSQCQ30,"Britannia Sourdough Bread Loaf, 500g",Grocery,Britannia,4.52,4.52,4.3,788,True,True,False,270,Available,https://images.pexels.com/photos/10281119/pexels-photo-10281119.jpeg,"Freshly baked quality Britannia Sourdough Bread Loaf, 500g, great with butter, cheese, jam or a hot cup of tea."
B0C97C7BO1,"Harvest Gold Ginger Snap Cookies, 250g",Grocery,Harvest Gold,3.18,3.18,4.0,2,False,True,False,57,Available,https://images.pexels.com/photos/10281119/pexels-photo-10281119.jpeg,"Freshly baked quality Harvest Gold Ginger Snap Cookies, 250g, great with butter, cheese, jam or a hot cup of tea."
B0XTXMGTT0,"Harvest Gold Wafer Biscuits, 150g",Grocery,Harvest Gold,2.29,3.21,4.5,285,False,True,False,213,Available,https://images.pexels.com/photos/10391653/pexels-photo-10391653.jpeg,"Freshly baked quality Harvest Gold Wafer Biscuits, 150g, great with butter, cheese, jam or a hot cup of tea."
B0T3IMJ70E,"Kelloggs Corn Flakes Cereal, 500g",Grocery,Kelloggs,3.86,3.86,4.3,216,False,False,False,257,Available,https://images.pexels.com/photos/8108145/pexels-photo-8108145.jpeg,"Wholesome quality Kelloggs Corn Flakes Cereal, 500g, a breakfast staple that pairs with milk, bread or toast."
B0VQY5IBPT,"Kissan Chocolate Cereal, 400g",Grocery,Kissan,4.18,4.18,3.7,100,False,True,False,28,Available,https://images.pexels.com/photos/6781594/pexels-photo-6781594.jpeg,"Wholesome quality Kissan Chocolate Cereal, 400g, a breakfast staple that pairs with milk, bread or toast."
B03I59SOJU,"Quaker Muesli with Nuts and Fruit, 500g",Grocery,Quaker,5.01,6.92,4.6,51,False,False,False,183,Available,https://images.pexels.com/photos/8108145/pexels-photo-8108145.jpeg,"Wholesome quality Quaker Muesli with Nuts and Fruit, 500g, a breakfast staple that pairs with milk, bread or toast."
B02LOFN1R4,"Quaker Rolled Oats, 1kg",Grocery,Quaker,3.94,4.98,4.5,164,False,False,False,196,Available,https://images.pexels.com/photos/19165528/pexels-photo-19165528.jpeg,"Wholesome quality Quaker Rolled Oats, 1kg, a breakfast staple that pairs with milk, bread or toast."
B0EIHX74D0,"Quaker Instant Oatmeal Packets, 10pk",Grocery,Quaker,4.87,4.87,4.3,1145,False,False,False,231,Available,https://images.pexels.com/photos/6781594/pexels-photo-6781594.jpeg,"Wholesome quality Quaker Instant Oatmeal Packets, 10pk, a breakfast staple that pairs with milk, bread or toast."
B010UR5L8A,"Kelloggs Granola Cereal, 450g",Grocery,Kelloggs,4.76,4.76,3.8,156,False,False,False,40,Available,https://images.pexels.com/photos/6781594/pexels-photo-6781594.jpeg,"Wholesome quality Kelloggs Granola Cereal, 450g, a breakfast staple that pairs with milk, bread or toast."
B0OILKQXLM,"Kelloggs Strawberry Jam, 340g Jar",Grocery,Kelloggs,3.47,3.47,4.5,292,True,False,False,144,Available,https://images.pexels.com/photos/19165528/pexels-photo-19165528.jpeg,"Wholesome quality Kelloggs Strawberry Jam, 340g Jar, a breakfast staple that pairs with milk, bread or toast."
B0HLB50ATV,"Kissan Mixed Fruit Jam, 340g Jar",Grocery,Kissan,2.63,2.63,4.0,485,False,False,False,260,Available,https://images.pexels.com/photos/8108145/pexels-photo-8108145.jpeg,"Wholesome quality Kissan Mixed Fruit Jam, 340g Jar, a breakfast staple that pairs with milk, bread or toast."
B0YJ38XRG2,"Kissan Orange Marmalade, 340g Jar",Grocery,Kissan,2.98,3.47,4.5,180,False,False,False,145,Available,https://images.pexels.com/photos/6781594/pexels-photo-6781594.jpeg,"Wholesome quality Kissan Orange Marmalade, 340g Jar, a breakfast staple that pairs with milk, bread or toast."
B0S4C3BAEW,"Quaker Creamy Peanut Butter, 500g Jar",Grocery,Quaker,5.02,7.12,4.8,1427,False,False,False,297,Available,https://images.pexels.com/photos/6781594/pexels-photo-6781594.jpeg,"Wholesome quality Quaker Creamy Peanut Butter, 500g Jar, a breakfast staple that pairs with milk, bread or toast."
B0TOAZTKSZ,"Quaker Crunchy Peanut Butter, 500g Jar",Grocery,Quaker,3.82,4.65,3.6,1312,False,False,False,267,Available,https://images.pexels.com/photos/19165528/pexels-photo-19165528.jpeg,"Wholesome quality Quaker Crunchy Peanut Butter, 500g Jar, a breakfast staple that pairs with milk, bread or toast."
B0M2C8QIZK,"Quaker Honey, 350g Jar",Grocery,Quaker,4.75,5.39,3.9,116,False,False,False,118,Available,https://images.pexels.com/photos/6781594/pexels-photo-6781594.jpeg,"Wholesome quality Quaker Honey, 350g Jar, a breakfast staple that pairs with milk, bread or toast."
B0C4XL9967,"Kelloggs Maple Syrup, 250ml",Grocery,Kelloggs,5.23,6.72,4.5,275,False,False,False,48,Available,https://images.pexels.com/photos/6781594/pexels-photo-6781594.jpeg,"Wholesome quality Kelloggs Maple Syrup, 250ml, a breakfast staple that pairs with milk, bread or toast."
B0YKTXG4AH,"Quaker Bran Flakes Cereal, 450g",Grocery,Quaker,4.16,4.16,4.8,143,False,True,False,263,Available,https://images.pexels.com/photos/6781594/pexels-photo-6781594.jpeg,"Wholesome quality Quaker Bran Flakes Cereal, 450g, a breakfast staple that pairs with milk, bread or toast."
B0N02YC0MD,"Kissan Nutella Chocolate Hazelnut Spread, 400g",Grocery,Kissan,6.36,8.2,4.3,134,False,False,False,219,Available,https://images.pexels.com/photos/6781594/pexels-photo-6781594.jpeg,"Wholesome quality Kissan Nutella Chocolate Hazelnut Spread, 400g, a breakfast staple that pairs with milk, bread or toast."
B0W2QITNGV,"National Basmati Rice, 5kg Bag",Grocery,National,9.36,9.36,4.0,15,False,False,False,223,Available,https://images.pexels.com/photos/19165528/pexels-photo-19165528.jpeg,"Kitchen essential quality National Basmati Rice, 5kg Bag, an everyday pantry staple for home cooking."
B0ZW0LDALM,"National Long Grain White Rice, 2kg",Grocery,National,5.04,5.9,3.8,376,False,True,False,57,Available,https://images.pexels.com/photos/19165528/pexels-photo-19165528.jpeg,"Kitchen essential quality National Long Grain White Rice, 2kg, an everyday pantry staple for home cooking."
B0MDVLNKND,"National Brown Rice, 1kg",Grocery,National,2.99,3.73,3.6,279,False,False,False,282,Available,https://images.pexels.com/photos/8108145/pexels-photo-8108145.jpeg,"Kitchen essential quality National Brown Rice, 1kg, an everyday pantry staple for home cooking."
B0FGJK2N7Z,"Barilla All-Purpose Flour, 2kg",Grocery,Barilla,2.89,3.53,3.9,21,False,True,False,91,Available,https://images.pexels.com/photos/19165528/pexels-photo-19165528.jpeg,"Kitchen essential quality Barilla All-Purpose Flour, 2kg, an everyday pantry staple for home cooking."
B02LM349EL,"Barilla Whole Wheat Flour, 2kg",Grocery,Barilla,3.1,3.36,4.4,130,True,True,False,222,Available,https://images.pexels.com/photos/8108145/pexels-photo-8108145.jpeg,"Kitchen essential quality Barilla Whole Wheat Flour, 2kg, an everyday pantry staple for home cooking."
B0RUIN3OEU,"Barilla Spaghetti Pasta, 500g",Grocery,Barilla,1.88,2.31,4.5,955,False,True,False,183,Available,https://images.pexels.com/photos/8108145/pexels-photo-8108145.jpeg,"Kitchen essential quality Barilla Spaghetti Pasta, 500g, an everyday pantry staple for home cooking."
B0ZPKY32OR,"Everest Penne Pasta, 500g",Grocery,Everest,1.64,1.64,4.2,109,False,False,False,33,Available,https://images.pexels.com/photos/8108145/pexels-photo-8108145.jpeg,"Kitchen essential quality Everest Penne Pasta, 500g, an everyday pantry staple for home cooking."
B09ROS7YT2,"Knorr Macaroni Pasta, 500g",Grocery,Knorr,1.69,1.69,3.7,62,False,False,False,236,Available,https://images.pexels.com/photos/19165528/pexels-photo-19165528.jpeg,"Kitchen essential quality Knorr Macaroni Pasta, 500g, an everyday pantry staple for home cooking."
B0MXB9YO18,"Everest Marinara Pasta Sauce, 680g Jar",Grocery,Everest,3.63,3.63,4.5,268,False,False,False,75,Available,https://images.pexels.com/photos/19165528/pexels-photo-19165528.jpeg,"Kitchen essential quality Everest Marinara Pasta Sauce, 680g Jar, an everyday pantry staple for home cooking."
B0HNQYYF9R,"National Alfredo Pasta Sauce, 450g Jar",Grocery,National,3.22,4.09,4.5,1697,False,False,False,285,Available,https://images.pexels.com/photos/19165528/pexels-photo-19165528.jpeg,"Kitchen essential quality National Alfredo Pasta Sauce, 450g Jar, an everyday pantry staple for home cooking."
B02SMDZQCB,"Del Monte Arrabbiata Pasta Sauce, 680g Jar",Grocery,Del Monte,4.19,5.81,4.0,110,False,True,False,92,Available,https://images.pexels.com/photos/8108145/pexels-photo-8108145.jpeg,"Kitchen essential quality Del Monte Arrabbiata Pasta Sauce, 680g Jar, an everyday pantry staple for home cooking."
B0STLPQ2WG,"National Red Lentils (Masoor Dal), 1kg",Grocery,National,2.23,2.5,4.6,446,False,False,False,104,Available,https://images.pexels.com/photos/8108145/pexels-photo-8108145.jpeg,"Kitchen essential quality National Red Lentils (Masoor Dal), 1kg, an everyday pantry staple for home cooking."
B0AHKZ2U2T,"Del Monte Yellow Lentils (Toor Dal), 1kg",Grocery,Del Monte,2.87,2.87,4.2,573,False,False,False,121,Available,https://images.pexels.com/photos/19165528/pexels-photo-19165528.jpeg,"Kitchen essential quality Del Monte Yellow Lentils (Toor Dal), 1kg, an everyday pantry staple for home cooking."
B0VWVM4W3Z,"McCormick Chickpeas, 800g Can",Grocery,McCormick,1.44,1.91,4.4,108,False,False,True,270,Available,https://images.pexels.com/photos/19165528/pexels-photo-19165528.jpeg,"Kitchen essential quality McCormick Chickpeas, 800g Can, an everyday pantry staple for home cooking."
B0SPENGWYX,"National Black Beans, 800g Can",Grocery,National,1.87,2.18,4.5,521,False,True,False,79,Available,https://images.pexels.com/photos/6781594/pexels-photo-6781594.jpeg,"Kitchen essential quality National Black Beans, 800g Can, an everyday pantry staple for home cooking."
B08RHNUXOR,"Everest Sunflower Cooking Oil, 1L",Grocery,Everest,3.25,3.73,4.7,183,False,False,False,250,Available,https://images.pexels.com/photos/8108145/pexels-photo-8108145.jpeg,"Kitchen essential quality Everest Sunflower Cooking Oil, 1L, an everyday pantry staple for home cooking."
B0TGQ01TEE,"Tata Sampann Olive Oil Extra Virgin, 500ml",Grocery,Tata Sampann,7.47,8.15,4.0,400,False,True,False,132,Available,https://images.pexels.com/photos/8108145/pexels-photo-8108145.jpeg,"Kitchen essential quality Tata Sampann Olive Oil Extra Virgin, 500ml, an everyday pantry staple for home cooking."
B0D31K9QM3,"McCormick Vegetable Cooking Oil, 1L",Grocery,McCormick,3.56,3.56,4.9,401,False,False,False,245,Available,https://images.pexels.com/photos/19165528/pexels-photo-19165528.jpeg,"Kitchen essential quality McCormick Vegetable Cooking Oil, 1L, an everyday pantry staple for home cooking."
B0PW232UTV,"National Mustard Cooking Oil, 1L",Grocery,National,4.44,6.13,4.4,306,False,False,False,199,Available,https://images.pexels.com/photos/6781594/pexels-photo-6781594.jpeg,"Kitchen essential quality National Mustard Cooking Oil, 1L, an everyday pantry staple for home cooking."
B0D82795E5,"McCormick White Granulated Sugar, 1kg",Grocery,McCormick,2.19,2.83,4.5,37,False,False,False,283,Available,https://images.pexels.com/photos/6781594/pexels-photo-6781594.jpeg,"Kitchen essential quality McCormick White Granulated Sugar, 1kg, an everyday pantry staple for home cooking."
B0JOQW5DSK,"Fortune Brown Sugar, 1kg",Grocery,Fortune,2.37,2.37,4.4,721,False,False,False,221,Available,https://images.pexels.com/photos/19165528/pexels-photo-19165528.jpeg,"Kitchen essential quality Fortune Brown Sugar, 1kg, an everyday pantry staple for home cooking."
B0XMCTHPHJ,"Tata Sampann Table Salt, 1kg",Grocery,Tata Sampann,1.28,1.38,4.2,154,False,False,False,67,Available,https://images.pexels.com/photos/19165528/pexels-photo-19165528.jpeg,"Kitchen essential quality Tata Sampann Table Salt, 1kg, an everyday pantry staple for home cooking."
B0BW4A7FQ9,"McCormick Rock Salt, 500g",Grocery,McCormick,1.58,2.2,4.6,82,False,False,False,195,Available,https://images.pexels.com/photos/19165528/pexels-photo-19165528.jpeg,"Kitchen essential quality McCormick Rock Salt, 500g, an everyday pantry staple for home cooking."
B0JXJN6FOK,"Barilla Garam Masala Spice Blend, 100g",Grocery,Barilla,3.0,3.0,4.8,16,True,True,False,174,Available,https://images.pexels.com/photos/8108145/pexels-photo-8108145.jpeg,"Kitchen essential quality Barilla Garam Masala Spice Blend, 100g, an everyday pantry staple for home cooking."
B0IYAZ39PE,"Barilla Turmeric Powder, 200g",Grocery,Barilla,2.19,2.44,3.8,357,False,False,False,129,Available,https://images.pexels.com/photos/6781594/pexels-photo-6781594.jpeg,"Kitchen essential quality Barilla Turmeric Powder, 200g, an everyday pantry staple for home cooking."
B0KN35XYCU,"Barilla Red Chili Powder, 200g",Grocery,Barilla,2.28,2.28,4.1,452,False,True,False,72,Available,https://images.pexels.com/photos/8108145/pexels-photo-8108145.jpeg,"Kitchen essential quality Barilla Red Chili Powder, 200g, an everyday pantry staple for home cooking."
B0PH6FE0MP,"Fortune Cumin Seeds, 100g",Grocery,Fortune,1.85,1.85,4.4,6,False,False,False,97,Available,https://images.pexels.com/photos/6781594/pexels-photo-6781594.jpeg,"Kitchen essential quality Fortune Cumin Seeds, 100g, an everyday pantry staple for home cooking."
B04XKSS0KB,"Barilla Black Pepper Whole, 100g",Grocery,Barilla,2.86,3.67,4.5,287,False,False,False,165,Available,https://images.pexels.com/photos/6781594/pexels-photo-6781594.jpeg,"Kitchen essential quality Barilla Black Pepper Whole, 100g, an everyday pantry staple for home cooking."
B097E4UNY1,"Tata Sampann Mixed Herbs Seasoning, 50g",Grocery,Tata Sampann,2.39,3.15,4.9,102,False,False,False,56,Available,https://images.pexels.com/photos/6781594/pexels-photo-6781594.jpeg,"Kitchen essential quality Tata Sampann Mixed Herbs Seasoning, 50g, an everyday pantry staple for home cooking."
B0KZ1POXTF,"Tilda Vegetable Stock Cubes, 12pk",Grocery,Tilda,2.9,3.36,4.1,414,False,False,False,50,Available,https://images.pexels.com/photos/6781594/pexels-photo-6781594.jpeg,"Kitchen essential quality Tilda Vegetable Stock Cubes, 12pk, an everyday pantry staple for home cooking."
B0W4YCZ04C,"Nescafe Black Tea Bags, 100pk",Grocery,Nescafe,2.6,2.6,4.1,76,False,False,False,99,Available,https://images.pexels.com/photos/6781594/pexels-photo-6781594.jpeg,"Refreshing quality Nescafe Black Tea Bags, 100pk, a household beverage staple ideal for daily use."
B00EZZF8S2,"Tropicana Green Tea Bags, 50pk",Grocery,Tropicana,3.17,3.17,4.6,469,False,True,False,48,Available,https://images.pexels.com/photos/8108145/pexels-photo-8108145.jpeg,"Refreshing quality Tropicana Green Tea Bags, 50pk, a household beverage staple ideal for daily use."
B06MPSJ9WR,"Nescafe Chamomile Herbal Tea, 30pk",Grocery,Nescafe,3.47,4.75,3.8,195,False,False,False,157,Available,https://images.pexels.com/photos/8108145/pexels-photo-8108145.jpeg,"Refreshing quality Nescafe Chamomile Herbal Tea, 30pk, a household beverage staple ideal for daily use."
B0DU0ISB5I,"Nescafe Loose Leaf Black Tea, 250g",Grocery,Nescafe,3.59,3.59,3.9,1104,False,True,True,105,Available,https://images.pexels.com/photos/19165528/pexels-photo-19165528.jpeg,"Refreshing quality Nescafe Loose Leaf Black Tea, 250g, a household beverage staple ideal for daily use."
B00PLOZJCN,"Nescafe Masala Chai Tea, 200g",Grocery,Nescafe,3.57,5.09,4.8,59,False,False,False,38,Available,https://images.pexels.com/photos/8108145/pexels-photo-8108145.jpeg,"Refreshing quality Nescafe Masala Chai Tea, 200g, a household beverage staple ideal for daily use."
B0QK4LTAHU,"Nestle Instant Coffee Granules, 200g Jar",Grocery,Nestle,7.75,10.68,3.7,166,False,False,False,43,Available,https://images.pexels.com/photos/19165528/pexels-photo-19165528.jpeg,"Refreshing quality Nestle Instant Coffee Granules, 200g Jar, a household beverage staple ideal for daily use."
B00T2F7ATW,"Nestle Ground Coffee Medium Roast, 340g",Grocery,Nestle,7.87,10.22,4.6,48,False,False,False,272,Available,https://images.pexels.com/photos/8108145/pexels-photo-8108145.jpeg,"Refreshing quality Nestle Ground Coffee Medium Roast, 340g, a household beverage staple ideal for daily use."
B0IRC9ZD76,"Lipton Coffee Pods, 24pk",Grocery,Lipton,11.8,15.61,4.3,1034,False,True,False,177,Available,https://images.pexels.com/photos/8108145/pexels-photo-8108145.jpeg,"Refreshing quality Lipton Coffee Pods, 24pk, a household beverage staple ideal for daily use."
B0WOVCXEK4,"Tropicana Decaf Instant Coffee, 100g",Grocery,Tropicana,6.75,9.72,4.3,839,False,False,False,63,Available,https://images.pexels.com/photos/19165528/pexels-photo-19165528.jpeg,"Refreshing quality Tropicana Decaf Instant Coffee, 100g, a household beverage staple ideal for daily use."
B02VFFQOT8,"Nestle Cold Brew Coffee Concentrate, 1L",Grocery,Nestle,9.0,11.23,3.9,119,False,True,False,139,Available,https://images.pexels.com/photos/6781594/pexels-photo-6781594.jpeg,"Refreshing quality Nestle Cold Brew Coffee Concentrate, 1L, a household beverage staple ideal for daily use."
B0ZVH4FZ8O,"Tropicana Orange Juice, 1L Carton",Grocery,Tropicana,2.9,3.26,4.0,431,False,False,False,100,Available,https://images.pexels.com/photos/6781594/pexels-photo-6781594.jpeg,"Refreshing quality Tropicana Orange Juice, 1L Carton, a household beverage staple ideal for daily use."
B0Q0IQ2FA3,"Nestle Apple Juice, 1L Carton",Grocery,Nestle,2.76,2.76,4.1,679,False,True,False,109,Available,https://images.pexels.com/photos/6781594/pexels-photo-6781594.jpeg,"Refreshing quality Nestle Apple Juice, 1L Carton, a household beverage staple ideal for daily use."
B03AC6PE63,"Tapal Mixed Fruit Juice, 1L Carton",Grocery,Tapal,2.86,3.82,3.9,324,False,False,False,63,Available,https://images.pexels.com/photos/19165528/pexels-photo-19165528.jpeg,"Refreshing quality Tapal Mixed Fruit Juice, 1L Carton, a household beverage staple ideal for daily use."
B0BYGHGK5B,"Lipton Mango Juice, 1L Carton",Grocery,Lipton,2.56,2.92,4.1,301,False,False,False,241,Available,https://images.pexels.com/photos/8108145/pexels-photo-8108145.jpeg,"Refreshing quality Lipton Mango Juice, 1L Carton, a household beverage staple ideal for daily use."
B0EH5SW229,"Tata Tea Cranberry Juice, 1L Bottle",Grocery,Tata Tea,3.37,4.15,4.0,110,False,True,False,265,Available,https://images.pexels.com/photos/8108145/pexels-photo-8108145.jpeg,"Refreshing quality Tata Tea Cranberry Juice, 1L Bottle, a household beverage staple ideal for daily use."
B0NGLH62C9,"Nescafe UHT Long Life Drinking Milk, 1L",Grocery,Nescafe,2.48,2.48,4.3,39,False,False,False,196,Available,https://images.pexels.com/photos/8108145/pexels-photo-8108145.jpeg,"Refreshing quality Nescafe UHT Long Life Drinking Milk, 1L, a household beverage staple ideal for daily use."
B0J37C9H42,"Nescafe Chocolate Flavored Milk, 500ml",Grocery,Nescafe,2.49,2.49,4.5,910,False,True,False,101,Available,https://images.pexels.com/photos/19165528/pexels-photo-19165528.jpeg,"Refreshing quality Nescafe Chocolate Flavored Milk, 500ml, a household beverage staple ideal for daily use."
B06BZ8UUG9,"Real Almond Milk, 1L Carton",Grocery,Real,5.19,6.06,4.5,922,False,False,False,182,Available,https://images.pexels.com/photos/19165528/pexels-photo-19165528.jpeg,"Refreshing quality Real Almond Milk, 1L Carton, a household beverage staple ideal for daily use."
B0RLW3MG25,"Tata Tea Oat Milk, 1L Carton",Grocery,Tata Tea,4.16,4.63,3.6,401,False,False,False,139,Available,https://images.pexels.com/photos/6781594/pexels-photo-6781594.jpeg,"Refreshing quality Tata Tea Oat Milk, 1L Carton, a household beverage staple ideal for daily use."
B048N7ODKE,"Lipton Soy Milk, 1L Carton",Grocery,Lipton,3.22,3.22,4.7,165,False,False,False,92,Available,https://images.pexels.com/photos/6781594/pexels-photo-6781594.jpeg,"Refreshing quality Lipton Soy Milk, 1L Carton, a household beverage staple ideal for daily use."
B08Y72IVGL,"Nestle Sparkling Water, 12pk Cans",Grocery,Nestle,5.9,5.9,3.8,171,False,False,False,269,Available,https://images.pexels.com/photos/8108145/pexels-photo-8108145.jpeg,"Refreshing quality Nestle Sparkling Water, 12pk Cans, a household beverage staple ideal for daily use."
B0UGL3WXDR,"Nescafe Lemon Iced Tea, 1L Bottle",Grocery,Nescafe,2.34,2.34,4.6,517,False,False,False,220,Available,https://images.pexels.com/photos/19165528/pexels-photo-19165528.jpeg,"Refreshing quality Nescafe Lemon Iced Tea, 1L Bottle, a household beverage staple ideal for daily use."
B00MAHYM2Z,"Nestle Hot Chocolate Powder, 400g Tin",Grocery,Nestle,4.68,5.61,4.5,909,False,False,False,65,Available,https://images.pexels.com/photos/6781594/pexels-photo-6781594.jpeg,"Refreshing quality Nestle Hot Chocolate Powder, 400g Tin, a household beverage staple ideal for daily use."
B0TDR5XYFC,"Tropicana Energy Drink, 4pk Cans",Grocery,Tropicana,6.1,6.96,4.1,872,False,False,False,231,Available,https://images.pexels.com/photos/6781594/pexels-photo-6781594.jpeg,"Refreshing quality Tropicana Energy Drink, 4pk Cans, a household beverage staple ideal for daily use."
B00T6DVWRB,"Nescafe Coconut Water, 1L Carton",Grocery,Nescafe,3.23,3.61,4.1,605,False,True,False,195,Available,https://images.pexels.com/photos/8108145/pexels-photo-8108145.jpeg,"Refreshing quality Nescafe Coconut Water, 1L Carton, a household beverage staple ideal for daily use."
B0O1ICNS8Y,Zara Women's Peplum Top,Fashion,Zara,26.28,26.28,4.7,410,False,False,False,63,Available,https://images.pexels.com/photos/7679454/pexels-photo-7679454.jpeg,"Premium quality Zara Women's Peplum Top, comfortable everyday wear made from durable fabric."
B02YWE1G98,Champion Women's Ribbed Tank Top,Fashion,Champion,16.82,18.66,4.8,35,False,False,False,37,Available,https://images.pexels.com/photos/4440567/pexels-photo-4440567.jpeg,"Premium quality Champion Women's Ribbed Tank Top, comfortable everyday wear made from durable fabric."
B04J66CNOL,Zara Men's Plaid Flannel Shirt,Fashion,Zara,18.77,25.02,4.4,70,False,False,False,123,Available,https://images.pexels.com/photos/11671964/pexels-photo-11671964.jpeg,"Premium quality Zara Men's Plaid Flannel Shirt, comfortable everyday wear made from durable fabric."
B0FUU8DD22,Allen Solly Men's Swim Shorts,Fashion,Allen Solly,17.96,17.96,3.7,915,False,False,False,287,Available,https://images.pexels.com/photos/11671964/pexels-photo-11671964.jpeg,"Premium quality Allen Solly Men's Swim Shorts, comfortable everyday wear made from durable fabric."
B0FVYB6LI0,US Polo Assn Women's Turtleneck Sweater,Fashion,US Polo Assn,23.28,23.28,4.0,372,False,True,False,262,Available,https://images.pexels.com/photos/11671964/pexels-photo-11671964.jpeg,"Premium quality US Polo Assn Women's Turtleneck Sweater, comfortable everyday wear made from durable fabric."
B04Y9IK01L,Tommy Hilfiger Kids' Cotton T-Shirt (3pk),Fashion,Tommy Hilfiger,10.24,10.24,4.7,3,False,True,True,175,Available,https://images.pexels.com/photos/7679454/pexels-photo-7679454.jpeg,"Premium quality Tommy Hilfiger Kids' Cotton T-Shirt (3pk), comfortable everyday wear made from durable fabric."
B053SFLSE4,Champion Men's Denim Jacket,Fashion,Champion,49.37,57.18,4.6,42,False,False,False,228,Available,https://images.pexels.com/photos/4109797/pexels-photo-4109797.jpeg,"Premium quality Champion Men's Denim Jacket, comfortable everyday wear made from durable fabric."
B07ZJ3SWEB,Zara Women's Palazzo Pants,Fashion,Zara,21.47,21.47,4.2,435,False,True,False,49,Available,https://images.pexels.com/photos/11671964/pexels-photo-11671964.jpeg,"Premium quality Zara Women's Palazzo Pants, comfortable everyday wear made from durable fabric."
B0J3DAB42H,Van Heusen Men's Chino Trousers,Fashion,Van Heusen,33.07,46.37,4.7,2,False,True,False,199,Available,https://images.pexels.com/photos/4440567/pexels-photo-4440567.jpeg,"Premium quality Van Heusen Men's Chino Trousers, comfortable everyday wear made from durable fabric."
B0YREG2IV7,Uniqlo Women's Cashmere Scarf,Fashion,Uniqlo,26.52,32.66,4.9,70,False,False,True,30,Available,https://images.pexels.com/photos/11671964/pexels-photo-11671964.jpeg,"Premium quality Uniqlo Women's Cashmere Scarf, comfortable everyday wear made from durable fabric."
B0Y3ODSX4N,US Polo Assn Men's Cargo Shorts,Fashion,US Polo Assn,28.43,28.43,4.2,318,False,True,False,255,Available,https://images.pexels.com/photos/11671964/pexels-photo-11671964.jpeg,"Premium quality US Polo Assn Men's Cargo Shorts, comfortable everyday wear made from durable fabric."
B0JZ6KF162,Gap Men's Cotton Boxer Briefs (5pk),Fashion,Gap,20.21,24.34,4.7,470,False,False,False,161,Available,https://images.pexels.com/photos/7679454/pexels-photo-7679454.jpeg,"Premium quality Gap Men's Cotton Boxer Briefs (5pk), comfortable everyday wear made from durable fabric."
B0PNBZUG0I,Tommy Hilfiger Women's Faux Leather Leggings,Fashion,Tommy Hilfiger,25.21,25.21,3.9,422,False,False,False,274,Available,https://images.pexels.com/photos/7679454/pexels-photo-7679454.jpeg,"Premium quality Tommy Hilfiger Women's Faux Leather Leggings, comfortable everyday wear made from durable fabric."
B000U686XI,Tommy Hilfiger Women's A-Line Denim Dress,Fashion,Tommy Hilfiger,36.67,36.67,4.2,101,True,True,False,112,Available,https://images.pexels.com/photos/4440567/pexels-photo-4440567.jpeg,"Premium quality Tommy Hilfiger Women's A-Line Denim Dress, comfortable everyday wear made from durable fabric."
B04Q5V7C6S,Gap Women's Cropped Cardigan,Fashion,Gap,26.41,26.41,4.0,498,False,True,False,210,Available,https://images.pexels.com/photos/7679454/pexels-photo-7679454.jpeg,"Premium quality Gap Women's Cropped Cardigan, comfortable everyday wear made from durable fabric."
B0969F5GCL,Allen Solly Women's High-Waist Skinny Jeans,Fashion,Allen Solly,33.95,47.4,4.0,108,False,False,False,90,Available,https://images.pexels.com/photos/4440567/pexels-photo-4440567.jpeg,"Premium quality Allen Solly Women's High-Waist Skinny Jeans, comfortable everyday wear made from durable fabric."
B022EPPPRA,Tommy Hilfiger Women's Swimsuit One-Piece,Fashion,Tommy Hilfiger,33.96,40.11,3.8,157,False,False,False,106,Available,https://images.pexels.com/photos/4440567/pexels-photo-4440567.jpeg,"Premium quality Tommy Hilfiger Women's Swimsuit One-Piece, comfortable everyday wear made from durable fabric."
B0WIYMENVG,Tommy Hilfiger Men's Formal Dress Shirt,Fashion,Tommy Hilfiger,43.85,43.85,4.5,548,False,True,False,291,Available,https://images.pexels.com/photos/4109797/pexels-photo-4109797.jpeg,"Premium quality Tommy Hilfiger Men's Formal Dress Shirt, comfortable everyday wear made from durable fabric."
B09M6MG87O,Gap Women's Off-Shoulder Blouse,Fashion,Gap,31.12,39.6,4.8,419,False,True,False,288,Available,https://images.pexels.com/photos/4440567/pexels-photo-4440567.jpeg,"Premium quality Gap Women's Off-Shoulder Blouse, comfortable everyday wear made from durable fabric."
B0XB5JTB9X,Uniqlo Men's Winter Puffer Vest,Fashion,Uniqlo,43.18,58.36,4.1,756,False,True,False,278,Available,https://images.pexels.com/photos/4109797/pexels-photo-4109797.jpeg,"Premium quality Uniqlo Men's Winter Puffer Vest, comfortable everyday wear made from durable fabric."
B0ZWKXXJVE,Levi's Men's Polo Shirt,Fashion,Levi's,26.73,32.63,3.8,428,False,False,False,149,Available,https://images.pexels.com/photos/4109797/pexels-photo-4109797.jpeg,"Premium quality Levi's Men's Polo Shirt, comfortable everyday wear made from durable fabric."
B0239MOFT6,Allen Solly Kids' Fleece Joggers,Fashion,Allen Solly,17.19,19.29,4.4,336,False,False,False,74,Available,https://images.pexels.com/photos/7679454/pexels-photo-7679454.jpeg,"Premium quality Allen Solly Kids' Fleece Joggers, comfortable everyday wear made from durable fabric."
B0FDS0DJI9,Tommy Hilfiger Men's Leather Belt,Fashion,Tommy Hilfiger,18.52,20.61,4.5,39,False,False,False,76,Available,https://images.pexels.com/photos/11671964/pexels-photo-11671964.jpeg,"Premium quality Tommy Hilfiger Men's Leather Belt, comfortable everyday wear made from durable fabric."
B0YPE46AEX,Gap Men's Thermal Base Layer Top,Fashion,Gap,21.96,25.14,4.1,183,False,False,False,40,Available,https://images.pexels.com/photos/11671964/pexels-photo-11671964.jpeg,"Premium quality Gap Men's Thermal Base Layer Top, comfortable everyday wear made from durable fabric."
B03GO8JN42,Tommy Hilfiger Kids' Winter Jacket,Fashion,Tommy Hilfiger,39.68,39.68,3.7,123,False,False,False,157,Available,https://images.pexels.com/photos/4440567/pexels-photo-4440567.jpeg,"Premium quality Tommy Hilfiger Kids' Winter Jacket, comfortable everyday wear made from durable fabric."
B0RUPW2W55,H&M Women's Linen Summer Dress,Fashion,H&M,22.92,22.92,4.8,111,False,True,False,101,Available,https://images.pexels.com/photos/4440567/pexels-photo-4440567.jpeg,"Premium quality H&M Women's Linen Summer Dress, comfortable everyday wear made from durable fabric."
B0A5S00I85,Van Heusen Men's Windbreaker Jacket,Fashion,Van Heusen,48.01,59.16,4.5,1444,False,True,False,43,Available,https://images.pexels.com/photos/4109797/pexels-photo-4109797.jpeg,"Premium quality Van Heusen Men's Windbreaker Jacket, comfortable everyday wear made from durable fabric."
B06WA7SQRF,US Polo Assn Unisex Beanie Hat,Fashion,US Polo Assn,11.29,13.64,4.7,199,False,True,False,217,Available,https://images.pexels.com/photos/7679454/pexels-photo-7679454.jpeg,"Premium quality US Polo Assn Unisex Beanie Hat, comfortable everyday wear made from durable fabric."
B0N3CPUDRL,Tommy Hilfiger Men's Casual Button-Down Shirt,Fashion,Tommy Hilfiger,22.82,22.82,4.3,890,False,False,False,45,Available,https://images.pexels.com/photos/7679454/pexels-photo-7679454.jpeg,"Premium quality Tommy Hilfiger Men's Casual Button-Down Shirt, comfortable everyday wear made from durable fabric."
B08W6UXQM3,Levi's Men's Slim Fit Suit Trousers,Fashion,Levi's,38.59,49.63,4.6,398,False,False,False,20,Available,https://images.pexels.com/photos/4440567/pexels-photo-4440567.jpeg,"Premium quality Levi's Men's Slim Fit Suit Trousers, comfortable everyday wear made from durable fabric."
B0QDXAMW2T,Van Heusen Men's Quilted Vest,Fashion,Van Heusen,33.3,33.3,4.1,633,False,False,False,262,Available,https://images.pexels.com/photos/11671964/pexels-photo-11671964.jpeg,"Premium quality Van Heusen Men's Quilted Vest, comfortable everyday wear made from durable fabric."
B0G7OQ2ZDO,H&M Women's Fitted V-Neck T-Shirt,Fashion,H&M,8.55,9.68,4.4,279,False,True,False,229,Available,https://images.pexels.com/photos/4109797/pexels-photo-4109797.jpeg,"Premium quality H&M Women's Fitted V-Neck T-Shirt, comfortable everyday wear made from durable fabric."
B0TB74RS7G,Van Heusen Women's Denim Jacket,Fashion,Van Heusen,43.72,43.72,4.2,344,False,True,False,278,Available,https://images.pexels.com/photos/4440567/pexels-photo-4440567.jpeg,"Premium quality Van Heusen Women's Denim Jacket, comfortable everyday wear made from durable fabric."
B0961J88QE,Zara Men's Slim Fit Straight Jeans,Fashion,Zara,28.11,28.11,4.1,271,False,False,False,184,Available,https://images.pexels.com/photos/7679454/pexels-photo-7679454.jpeg,"Premium quality Zara Men's Slim Fit Straight Jeans, comfortable everyday wear made from durable fabric."
B0L0THHZY7,Champion Women's Wool Coat,Fashion,Champion,93.5,93.5,4.3,86,False,False,False,173,Available,https://images.pexels.com/photos/4440567/pexels-photo-4440567.jpeg,"Premium quality Champion Women's Wool Coat, comfortable everyday wear made from durable fabric."
B0UU7ZY6T5,Zara Women's Satin Slip Dress,Fashion,Zara,33.59,33.59,4.6,512,False,False,False,185,Available,https://images.pexels.com/photos/7679454/pexels-photo-7679454.jpeg,"Premium quality Zara Women's Satin Slip Dress, comfortable everyday wear made from durable fabric."
B0FKJ4YK1B,Levi's Men's Athletic Joggers,Fashion,Levi's,27.41,31.08,4.6,131,False,True,False,48,Available,https://images.pexels.com/photos/7679454/pexels-photo-7679454.jpeg,"Premium quality Levi's Men's Athletic Joggers, comfortable everyday wear made from durable fabric."
B0I22KX7N8,H&M Women's Seamless Bralette,Fashion,H&M,17.39,17.39,4.3,9,False,False,False,134,Available,https://images.pexels.com/photos/11671964/pexels-photo-11671964.jpeg,"Premium quality H&M Women's Seamless Bralette, comfortable everyday wear made from durable fabric."
B0536ZX1TV,Allen Solly Men's Bomber Jacket,Fashion,Allen Solly,42.15,42.15,4.6,414,False,False,False,123,Available,https://images.pexels.com/photos/4440567/pexels-photo-4440567.jpeg,"Premium quality Allen Solly Men's Bomber Jacket, comfortable everyday wear made from durable fabric."
B0SNPUEVJL,Gap Women's Knit Sweater Dress,Fashion,Gap,36.22,36.22,3.8,77,False,True,False,58,Available,https://images.pexels.com/photos/4440567/pexels-photo-4440567.jpeg,"Premium quality Gap Women's Knit Sweater Dress, comfortable everyday wear made from durable fabric."
B0M2LHGCSO,Levi's Men's Classic Fit Crew Neck T-Shirt,Fashion,Levi's,9.84,10.81,4.3,1128,False,False,False,174,Available,https://images.pexels.com/photos/7679454/pexels-photo-7679454.jpeg,"Premium quality Levi's Men's Classic Fit Crew Neck T-Shirt, comfortable everyday wear made from durable fabric."
B08WRU1XEM,H&M Kids' Denim Overalls,Fashion,H&M,20.94,20.94,4.0,1231,False,True,False,189,Available,https://images.pexels.com/photos/4440567/pexels-photo-4440567.jpeg,"Premium quality H&M Kids' Denim Overalls, comfortable everyday wear made from durable fabric."
B0EJ0AS1SS,Champion Men's Corduroy Jacket,Fashion,Champion,62.56,68.49,4.6,985,False,True,False,184,Available,https://images.pexels.com/photos/7679454/pexels-photo-7679454.jpeg,"Premium quality Champion Men's Corduroy Jacket, comfortable everyday wear made from durable fabric."
B0G8TACY15,Levi's Men's Formal Blazer,Fashion,Levi's,77.79,77.79,4.8,184,False,False,False,184,Available,https://images.pexels.com/photos/7679454/pexels-photo-7679454.jpeg,"Premium quality Levi's Men's Formal Blazer, comfortable everyday wear made from durable fabric."
B00FQLDB2U,H&M Women's Denim Shorts,Fashion,H&M,14.88,14.88,4.8,6,False,False,False,242,Available,https://images.pexels.com/photos/4440567/pexels-photo-4440567.jpeg,"Premium quality H&M Women's Denim Shorts, comfortable everyday wear made from durable fabric."
B0TXW1VZC7,Gap Men's Waffle Knit Sweater,Fashion,Gap,28.15,34.61,4.5,1054,False,True,False,181,Available,https://images.pexels.com/photos/4109797/pexels-photo-4109797.jpeg,"Premium quality Gap Men's Waffle Knit Sweater, comfortable everyday wear made from durable fabric."
B0BFH024KW,Gap Unisex Baseball Cap,Fashion,Gap,15.87,17.65,4.7,223,False,True,False,244,Available,https://images.pexels.com/photos/11671964/pexels-photo-11671964.jpeg,"Premium quality Gap Unisex Baseball Cap, comfortable everyday wear made from durable fabric."
B0VT8K06MO,Tommy Hilfiger Women's Ankle Length Jeggings,Fashion,Tommy Hilfiger,24.45,34.32,3.6,1360,False,True,False,92,Available,https://images.pexels.com/photos/4440567/pexels-photo-4440567.jpeg,"Premium quality Tommy Hilfiger Women's Ankle Length Jeggings, comfortable everyday wear made from durable fabric."
B024479QTK,Zara Men's Zip-Up Hoodie,Fashion,Zara,26.23,26.23,3.8,1325,False,True,False,149,Available,https://images.pexels.com/photos/4109797/pexels-photo-4109797.jpeg,"Premium quality Zara Men's Zip-Up Hoodie, comfortable everyday wear made from durable fabric."
B0YIKCGRLX,Gap Women's Knit Beanie and Scarf Set,Fashion,Gap,13.28,13.28,4.1,766,True,False,False,269,Available,https://images.pexels.com/photos/4440567/pexels-photo-4440567.jpeg,"Premium quality Gap Women's Knit Beanie and Scarf Set, comfortable everyday wear made from durable fabric."
B02ZXJMYLR,Champion Women's Wide-Leg Trousers,Fashion,Champion,35.04,35.04,4.0,139,False,True,False,239,Available,https://images.pexels.com/photos/7679454/pexels-photo-7679454.jpeg,"Premium quality Champion Women's Wide-Leg Trousers, comfortable everyday wear made from durable fabric."
B0FTJ5CCAS,Tommy Hilfiger Women's Puffer Jacket,Fashion,Tommy Hilfiger,74.86,83.86,4.7,194,False,False,False,61,Available,https://images.pexels.com/photos/4109797/pexels-photo-4109797.jpeg,"Premium quality Tommy Hilfiger Women's Puffer Jacket, comfortable everyday wear made from durable fabric."
B0T9Q1NI10,Champion Women's Yoga Leggings,Fashion,Champion,23.68,23.68,4.3,761,False,False,False,128,Available,https://images.pexels.com/photos/11671964/pexels-photo-11671964.jpeg,"Premium quality Champion Women's Yoga Leggings, comfortable everyday wear made from durable fabric."
B089Y1FFUU,Zara Women's Ruffle Sleeve Blouse,Fashion,Zara,22.9,28.09,3.9,152,False,True,False,277,Available,https://images.pexels.com/photos/4440567/pexels-photo-4440567.jpeg,"Premium quality Zara Women's Ruffle Sleeve Blouse, comfortable everyday wear made from durable fabric."
B0BH6NQQB9,Van Heusen Women's Pleated Midi Skirt,Fashion,Van Heusen,40.66,55.37,4.1,74,False,True,False,138,Available,https://images.pexels.com/photos/11671964/pexels-photo-11671964.jpeg,"Premium quality Van Heusen Women's Pleated Midi Skirt, comfortable everyday wear made from durable fabric."
B0NNV6CJ9I,H&M Men's Rain Jacket,Fashion,H&M,51.11,70.89,4.3,325,False,False,False,154,Available,https://images.pexels.com/photos/7679454/pexels-photo-7679454.jpeg,"Premium quality H&M Men's Rain Jacket, comfortable everyday wear made from durable fabric."
B0FCXHGNZE,Tommy Hilfiger Kids' School Uniform Polo Shirt,Fashion,Tommy Hilfiger,14.54,19.97,3.8,1100,False,False,True,23,Available,https://images.pexels.com/photos/4440567/pexels-photo-4440567.jpeg,"Premium quality Tommy Hilfiger Kids' School Uniform Polo Shirt, comfortable everyday wear made from durable fabric."
B0VXOIEVES,US Polo Assn Men's Henley Long Sleeve Shirt,Fashion,US Polo Assn,27.17,27.17,4.2,476,False,False,False,266,Available,https://images.pexels.com/photos/4440567/pexels-photo-4440567.jpeg,"Premium quality US Polo Assn Men's Henley Long Sleeve Shirt, comfortable everyday wear made from durable fabric."
B0UAZXKDQ9,Levi's Women's Maxi Dress,Fashion,Levi's,32.49,32.49,4.4,337,False,False,False,284,Available,https://images.pexels.com/photos/7679454/pexels-photo-7679454.jpeg,"Premium quality Levi's Women's Maxi Dress, comfortable everyday wear made from durable fabric."
B0GY7VCNEA,Zara Women's Denim Skirt,Fashion,Zara,18.73,21.22,4.3,40,False,False,False,113,Available,https://images.pexels.com/photos/7679454/pexels-photo-7679454.jpeg,"Premium quality Zara Women's Denim Skirt, comfortable everyday wear made from durable fabric."
B01DX6TA7Y,Zara Men's Cargo Trousers,Fashion,Zara,35.93,50.79,4.3,381,False,False,False,39,Available,https://images.pexels.com/photos/7679454/pexels-photo-7679454.jpeg,"Premium quality Zara Men's Cargo Trousers, comfortable everyday wear made from durable fabric."
B0R1M264UP,Allen Solly Men's Sports Compression Shirt,Fashion,Allen Solly,17.47,17.47,4.8,1844,False,False,False,291,Available,https://images.pexels.com/photos/11671964/pexels-photo-11671964.jpeg,"Premium quality Allen Solly Men's Sports Compression Shirt, comfortable everyday wear made from durable fabric."
B0OGZ2UEAX,Van Heusen Unisex Fleece Pullover,Fashion,Van Heusen,35.32,35.32,4.7,60,False,True,False,62,Available,https://images.pexels.com/photos/11671964/pexels-photo-11671964.jpeg,"Premium quality Van Heusen Unisex Fleece Pullover, comfortable everyday wear made from durable fabric."
B0UW9OHTUG,US Polo Assn Men's Track Pants,Fashion,US Polo Assn,20.43,26.99,4.3,292,False,True,False,149,Available,https://images.pexels.com/photos/7679454/pexels-photo-7679454.jpeg,"Premium quality US Polo Assn Men's Track Pants, comfortable everyday wear made from durable fabric."
B0X0QZFHOM,Gap Women's Canvas Tote Bag,Fashion,Gap,24.85,24.85,4.7,839,False,False,False,223,Available,https://images.pexels.com/photos/4109797/pexels-photo-4109797.jpeg,"Premium quality Gap Women's Canvas Tote Bag, comfortable everyday wear made from durable fabric."
B0VDJNV07O,Zara Women's Floral Wrap Dress,Fashion,Zara,36.67,36.67,4.2,540,False,False,False,66,Available,https://images.pexels.com/photos/11671964/pexels-photo-11671964.jpeg,"Premium quality Zara Women's Floral Wrap Dress, comfortable everyday wear made from durable fabric."
B0HX2KBVSI,Champion Men's V-Neck Sweater,Fashion,Champion,21.15,21.15,4.2,477,False,False,False,109,Available,https://images.pexels.com/photos/4440567/pexels-photo-4440567.jpeg,"Premium quality Champion Men's V-Neck Sweater, comfortable everyday wear made from durable fabric."
B0OYOHAZ7T,Levi's Unisex Cotton Crew Socks (6pk),Fashion,Levi's,8.88,8.88,4.0,484,False,True,False,100,Available,https://images.pexels.com/photos/11671964/pexels-photo-11671964.jpeg,"Premium quality Levi's Unisex Cotton Crew Socks (6pk), comfortable everyday wear made from durable fabric."
B0AGSUSMES,Tommy Hilfiger Men's Graphic Print T-Shirt,Fashion,Tommy Hilfiger,21.56,28.12,4.1,178,False,False,False,119,Available,https://images.pexels.com/photos/11671964/pexels-photo-11671964.jpeg,"Premium quality Tommy Hilfiger Men's Graphic Print T-Shirt, comfortable everyday wear made from durable fabric."
B0118QQVAE,Allen Solly Unisex Graphic Print Sweatshirt,Fashion,Allen Solly,34.26,34.26,4.3,139,False,False,False,246,Available,https://images.pexels.com/photos/4109797/pexels-photo-4109797.jpeg,"Premium quality Allen Solly Unisex Graphic Print Sweatshirt, comfortable everyday wear made from durable fabric."
B0UB2RTSOY,"Borosil Stovetop Pressure Cooker, 5L",Home,Borosil,34.57,34.57,3.9,662,False,True,False,281,Available,https://images.pexels.com/photos/28792252/pexels-photo-28792252.jpeg,"Premium quality Borosil Stovetop Pressure Cooker, 5L, a practical addition to any home or kitchen."
B0YNDN5GJJ,Borosil Bathroom Storage Organizer,Home,Borosil,21.72,21.72,3.6,664,False,True,False,255,Available,https://images.pexels.com/photos/5782042/pexels-photo-5782042.jpeg,"Premium quality Borosil Bathroom Storage Organizer, a practical addition to any home or kitchen."
B0QU9Y3Z2T,"Prestige Trash Can, 30L with Lid",Home,Prestige,14.39,17.77,4.1,807,False,True,False,210,Available,https://images.pexels.com/photos/5824488/pexels-photo-5824488.jpeg,"Premium quality Prestige Trash Can, 30L with Lid, a practical addition to any home or kitchen."
B0PE6WTLRJ,Corelle Dinnerware Storage Organizer Rack,Home,Corelle,13.75,13.75,3.6,977,False,False,False,96,Available,https://images.pexels.com/photos/12292644/pexels-photo-12292644.jpeg,"Premium quality Corelle Dinnerware Storage Organizer Rack, a practical addition to any home or kitchen."
B0QMMU7JAE,Cello Ceramic Dinner Plate Set (4pc),Home,Cello,21.98,25.49,4.4,286,False,False,False,150,Available,https://images.pexels.com/photos/28792252/pexels-photo-28792252.jpeg,"Premium quality Cello Ceramic Dinner Plate Set (4pc), a practical addition to any home or kitchen."
B0LS1QCWQ8,Milton Glass Mixing Bowl Set (3pc),Home,Milton,23.64,23.64,4.0,278,False,False,False,109,Available,https://images.pexels.com/photos/28792252/pexels-photo-28792252.jpeg,"Premium quality Milton Glass Mixing Bowl Set (3pc), a practical addition to any home or kitchen."
B0FILKJXJQ,"Prestige Vacuum Cleaner, Handheld",Home,Prestige,35.55,35.55,3.7,640,False,False,False,227,Available,https://images.pexels.com/photos/5782042/pexels-photo-5782042.jpeg,"Premium quality Prestige Vacuum Cleaner, Handheld, a practical addition to any home or kitchen."
B0J00HOD7R,"Milton Table Lamp, Fabric Shade",Home,Milton,23.86,27.25,3.9,419,False,True,False,31,Available,https://images.pexels.com/photos/12292644/pexels-photo-12292644.jpeg,"Premium quality Milton Table Lamp, Fabric Shade, a practical addition to any home or kitchen."
B0X5LIKWE4,Pyrex Wine Glass Set (6pc),Home,Pyrex,21.25,30.78,3.8,484,False,True,False,73,Available,https://images.pexels.com/photos/12292644/pexels-photo-12292644.jpeg,"Premium quality Pyrex Wine Glass Set (6pc), a practical addition to any home or kitchen."
B057TE8TVQ,"Pyrex Curtain Panels, Blackout (2pc)",Home,Pyrex,26.28,26.28,4.2,635,True,False,False,186,Available,https://images.pexels.com/photos/5824488/pexels-photo-5824488.jpeg,"Premium quality Pyrex Curtain Panels, Blackout (2pc), a practical addition to any home or kitchen."
B0PNJKA34M,IKEA Non-Stick Baking Tray Set (3pc),Home,IKEA,20.32,28.78,4.6,882,False,False,False,266,Available,https://images.pexels.com/photos/5824488/pexels-photo-5824488.jpeg,"Premium quality IKEA Non-Stick Baking Tray Set (3pc), a practical addition to any home or kitchen."
B02V2TG5PI,IKEA Kitchen Shears,Home,IKEA,6.07,6.07,4.6,164,True,True,False,264,Available,https://images.pexels.com/photos/5824488/pexels-photo-5824488.jpeg,"Premium quality IKEA Kitchen Shears, a practical addition to any home or kitchen."
B03YK03O4G,"Cello Doormat, Coir",Home,Cello,9.76,12.8,4.8,188,False,False,False,284,Available,https://images.pexels.com/photos/5782042/pexels-photo-5782042.jpeg,"Premium quality Cello Doormat, Coir, a practical addition to any home or kitchen."
B0LF8A9KEP,OXO Stainless Steel Cooking Pot Set (3pc),Home,OXO,57.29,57.29,4.2,39,False,False,False,159,Available,https://images.pexels.com/photos/12292644/pexels-photo-12292644.jpeg,"Premium quality OXO Stainless Steel Cooking Pot Set (3pc), a practical addition to any home or kitchen."
B09Q2L48C1,Corelle Ceramic Coffee Mug Set (6pc),Home,Corelle,13.08,15.18,4.6,345,False,True,False,235,Available,https://images.pexels.com/photos/12292644/pexels-photo-12292644.jpeg,"Premium quality Corelle Ceramic Coffee Mug Set (6pc), a practical addition to any home or kitchen."
B01I1P0BQ1,IKEA Plastic Storage Bins with Lids (4pc),Home,IKEA,17.64,24.54,3.8,14,False,False,False,215,Available,https://images.pexels.com/photos/28792252/pexels-photo-28792252.jpeg,"Premium quality IKEA Plastic Storage Bins with Lids (4pc), a practical addition to any home or kitchen."
B00TERKMBY,Borosil Scented Candle Set (3pc),Home,Borosil,16.67,16.67,4.5,250,False,True,False,185,Available,https://images.pexels.com/photos/12292644/pexels-photo-12292644.jpeg,"Premium quality Borosil Scented Candle Set (3pc), a practical addition to any home or kitchen."
B0I8UYYF1I,Corelle Kitchen Towel Set (6pc),Home,Corelle,13.06,14.91,4.1,312,False,False,False,161,Available,https://images.pexels.com/photos/5824488/pexels-photo-5824488.jpeg,"Premium quality Corelle Kitchen Towel Set (6pc), a practical addition to any home or kitchen."
B0Z2EI9212,"OXO Serving Tray, Bamboo",Home,OXO,14.86,21.38,4.4,135,False,True,False,50,Available,https://images.pexels.com/photos/5824488/pexels-photo-5824488.jpeg,"Premium quality OXO Serving Tray, Bamboo, a practical addition to any home or kitchen."
B0PKZGGM0J,Corelle Salt and Pepper Grinder Set,Home,Corelle,10.21,13.76,4.2,357,False,False,False,148,Available,https://images.pexels.com/photos/28792252/pexels-photo-28792252.jpeg,"Premium quality Corelle Salt and Pepper Grinder Set, a practical addition to any home or kitchen."
B0WNGA41IZ,"OXO Spice Rack Organizer, 3-Tier",Home,OXO,18.37,25.41,3.6,12,False,True,False,297,Available,https://images.pexels.com/photos/5824488/pexels-photo-5824488.jpeg,"Premium quality OXO Spice Rack Organizer, 3-Tier, a practical addition to any home or kitchen."
B0DSC4E5HR,"Corelle Electric Kettle, 1.7L",Home,Corelle,26.91,34.55,4.4,15,False,True,False,164,Available,https://images.pexels.com/photos/12292644/pexels-photo-12292644.jpeg,"Premium quality Corelle Electric Kettle, 1.7L, a practical addition to any home or kitchen."
B0JNVC7HR6,Pyrex Electric Hand Mixer,Home,Pyrex,23.57,23.57,4.5,691,False,False,False,270,Available,https://images.pexels.com/photos/12292644/pexels-photo-12292644.jpeg,"Premium quality Pyrex Electric Hand Mixer, a practical addition to any home or kitchen."
B0CWT04CHS,Borosil Airtight Food Storage Containers (10pc),Home,Borosil,27.02,34.76,4.6,178,False,False,False,232,Available,https://images.pexels.com/photos/12292644/pexels-photo-12292644.jpeg,"Premium quality Borosil Airtight Food Storage Containers (10pc), a practical addition to any home or kitchen."
B0UU01UYZP,Corelle Bath Towel Set (4pc),Home,Corelle,22.97,29.28,4.8,54,False,False,False,147,Available,https://images.pexels.com/photos/12292644/pexels-photo-12292644.jpeg,"Premium quality Corelle Bath Towel Set (4pc), a practical addition to any home or kitchen."
B076T94OW3,"Cuisinart Wall Clock, Modern Design",Home,Cuisinart,19.51,24.71,4.4,295,False,False,False,100,Available,https://images.pexels.com/photos/5782042/pexels-photo-5782042.jpeg,"Premium quality Cuisinart Wall Clock, Modern Design, a practical addition to any home or kitchen."
B08ABKAE6A,Milton Insulated Lunch Bag,Home,Milton,10.41,12.69,4.2,587,False,True,False,150,Available,https://images.pexels.com/photos/28792252/pexels-photo-28792252.jpeg,"Premium quality Milton Insulated Lunch Bag, a practical addition to any home or kitchen."
B0UUDQFJ6I,Corelle Stainless Steel Knife Set (6pc),Home,Corelle,46.39,64.21,4.3,97,False,False,False,161,Available,https://images.pexels.com/photos/5782042/pexels-photo-5782042.jpeg,"Premium quality Corelle Stainless Steel Knife Set (6pc), a practical addition to any home or kitchen."
B0G3YU6VK0,Tupperware Kitchen Sink Caddy Organizer,Home,Tupperware,6.74,9.57,4.6,390,False,False,False,59,Available,https://images.pexels.com/photos/5824488/pexels-photo-5824488.jpeg,"Premium quality Tupperware Kitchen Sink Caddy Organizer, a practical addition to any home or kitchen."
B0O55IXVA1,OXO Storage Jar Set with Lids (6pc),Home,OXO,25.14,25.14,4.7,35,False,True,False,191,Available,https://images.pexels.com/photos/5824488/pexels-photo-5824488.jpeg,"Premium quality OXO Storage Jar Set with Lids (6pc), a practical addition to any home or kitchen."
B0FY981UDP,Pyrex Steam Iron,Home,Pyrex,19.57,25.05,4.5,21,False,True,False,96,Available,https://images.pexels.com/photos/5824488/pexels-photo-5824488.jpeg,"Premium quality Pyrex Steam Iron, a practical addition to any home or kitchen."
B0OPZ1RHOU,"Cuisinart Vacuum Flask, 1L",Home,Cuisinart,11.32,14.62,3.9,303,False,False,False,45,Available,https://images.pexels.com/photos/28792252/pexels-photo-28792252.jpeg,"Premium quality Cuisinart Vacuum Flask, 1L, a practical addition to any home or kitchen."
B0EONGMX1G,"Corelle Glass Water Pitcher, 1.5L",Home,Corelle,8.57,8.57,4.3,311,False,False,False,185,Available,https://images.pexels.com/photos/5782042/pexels-photo-5782042.jpeg,"Premium quality Corelle Glass Water Pitcher, 1.5L, a practical addition to any home or kitchen."
B0IYF0D0IW,Milton Egg Poacher Pan,Home,Milton,14.57,14.57,4.8,405,False,False,False,94,Available,https://images.pexels.com/photos/28792252/pexels-photo-28792252.jpeg,"Premium quality Milton Egg Poacher Pan, a practical addition to any home or kitchen."
B0L0HT1TW9,Tupperware Ceramic Bakeware Casserole Dish,Home,Tupperware,15.21,15.21,4.2,517,False,True,False,76,Available,https://images.pexels.com/photos/12292644/pexels-photo-12292644.jpeg,"Premium quality Tupperware Ceramic Bakeware Casserole Dish, a practical addition to any home or kitchen."
B0HZJQ8CXX,"Cello Storage Baskets, Woven (3pc)",Home,Cello,19.58,19.58,3.7,1489,False,True,False,42,Available,https://images.pexels.com/photos/5782042/pexels-photo-5782042.jpeg,"Premium quality Cello Storage Baskets, Woven (3pc), a practical addition to any home or kitchen."
B09DL5TGSQ,OXO Stainless Steel Colander,Home,OXO,8.15,8.15,4.1,290,False,True,False,217,Available,https://images.pexels.com/photos/12292644/pexels-photo-12292644.jpeg,"Premium quality OXO Stainless Steel Colander, a practical addition to any home or kitchen."
B0YMK99JCJ,Pyrex Photo Frame Set (5pc),Home,Pyrex,12.47,15.01,3.6,156,False,False,False,221,Available,https://images.pexels.com/photos/5824488/pexels-photo-5824488.jpeg,"Premium quality Pyrex Photo Frame Set (5pc), a practical addition to any home or kitchen."
B0XDN8WWII,Pyrex Silicone Spatula Set (5pc),Home,Pyrex,17.44,17.44,4.8,634,False,True,False,135,Available,https://images.pexels.com/photos/28792252/pexels-photo-28792252.jpeg,"Premium quality Pyrex Silicone Spatula Set (5pc), a practical addition to any home or kitchen."
B0XUYHEY66,"Cello Toaster, 2-Slice",Home,Cello,34.5,34.5,3.8,126,False,False,False,188,Available,https://images.pexels.com/photos/5824488/pexels-photo-5824488.jpeg,"Premium quality Cello Toaster, 2-Slice, a practical addition to any home or kitchen."
B08EL5015O,"Cuisinart Bed Sheet Set, Queen Size",Home,Cuisinart,34.44,34.44,4.3,231,False,True,False,100,Available,https://images.pexels.com/photos/5824488/pexels-photo-5824488.jpeg,"Premium quality Cuisinart Bed Sheet Set, Queen Size, a practical addition to any home or kitchen."
B0EA9WVWVI,Tupperware Wooden Cutting Board,Home,Tupperware,15.32,15.32,3.8,32,False,True,False,160,Available,https://images.pexels.com/photos/12292644/pexels-photo-12292644.jpeg,"Premium quality Tupperware Wooden Cutting Board, a practical addition to any home or kitchen."
B0ZN4REGB1,"Prestige Cutlery Set, Stainless Steel (24pc)",Home,Prestige,21.59,21.59,4.4,10,False,False,False,88,Available,https://images.pexels.com/photos/12292644/pexels-photo-12292644.jpeg,"Premium quality Prestige Cutlery Set, Stainless Steel (24pc), a practical addition to any home or kitchen."
B0795RLQIO,"Tupperware Cast Iron Skillet, 25cm",Home,Tupperware,44.0,58.45,3.7,1314,False,False,False,123,Available,https://images.pexels.com/photos/12292644/pexels-photo-12292644.jpeg,"Premium quality Tupperware Cast Iron Skillet, 25cm, a practical addition to any home or kitchen."
B02SQ3B9SO,Milton Dish Drying Rack,Home,Milton,20.82,24.9,4.7,723,False,False,False,294,Available,https://images.pexels.com/photos/12292644/pexels-photo-12292644.jpeg,"Premium quality Milton Dish Drying Rack, a practical addition to any home or kitchen."
B051KFK7Y6,IKEA Non-Slip Kitchen Mat,Home,IKEA,13.87,13.87,4.2,476,False,True,False,45,Available,https://images.pexels.com/photos/5824488/pexels-photo-5824488.jpeg,"Premium quality IKEA Non-Slip Kitchen Mat, a practical addition to any home or kitchen."
B0QGVZHQJY,"Borosil Non-Stick Frying Pan, 28cm",Home,Borosil,16.81,19.27,4.1,210,False,True,False,299,Available,https://images.pexels.com/photos/28792252/pexels-photo-28792252.jpeg,"Premium quality Borosil Non-Stick Frying Pan, 28cm, a practical addition to any home or kitchen."
B009WFTBGM,OXO Shower Curtain with Hooks,Home,OXO,8.91,8.91,4.5,76,False,True,False,205,Available,https://images.pexels.com/photos/28792252/pexels-photo-28792252.jpeg,"Premium quality OXO Shower Curtain with Hooks, a practical addition to any home or kitchen."
B08KG68A1A,"Cuisinart Laundry Hamper, Collapsible",Home,Cuisinart,18.69,25.11,4.5,68,False,True,False,234,Available,https://images.pexels.com/photos/5824488/pexels-photo-5824488.jpeg,"Premium quality Cuisinart Laundry Hamper, Collapsible, a practical addition to any home or kitchen."
B0QPVA5KW3,"Borosil Rice Cooker, 1.8L",Home,Borosil,37.5,52.75,4.5,115,False,True,False,141,Available,https://images.pexels.com/photos/28792252/pexels-photo-28792252.jpeg,"Premium quality Borosil Rice Cooker, 1.8L, a practical addition to any home or kitchen."
B04K7BPGYV,Pyrex Throw Pillow Covers (2pc),Home,Pyrex,9.48,11.46,4.5,318,False,False,False,94,Available,https://images.pexels.com/photos/28792252/pexels-photo-28792252.jpeg,"Premium quality Pyrex Throw Pillow Covers (2pc), a practical addition to any home or kitchen."
B0314CQE4L,"Borosil Blender, 1.5L Jar",Home,Borosil,43.73,47.81,4.8,501,False,True,False,173,Available,https://images.pexels.com/photos/5824488/pexels-photo-5824488.jpeg,"Premium quality Borosil Blender, 1.5L Jar, a practical addition to any home or kitchen."
B0Y79KVLS9,IKEA Food Storage Vacuum Sealer,Home,IKEA,29.83,32.86,4.2,431,False,False,False,290,Available,https://images.pexels.com/photos/5782042/pexels-photo-5782042.jpeg,"Premium quality IKEA Food Storage Vacuum Sealer, a practical addition to any home or kitchen."
B0VZ9AAWE4,Cuisinart Reusable Silicone Food Bags (5pc),Home,Cuisinart,16.14,21.79,3.8,131,False,False,False,274,Available,https://images.pexels.com/photos/5824488/pexels-photo-5824488.jpeg,"Premium quality Cuisinart Reusable Silicone Food Bags (5pc), a practical addition to any home or kitchen."
B0K2LSLAYM,"Cello Mop with Bucket, Spin",Home,Cello,15.68,21.61,3.9,1239,False,True,False,128,Available,https://images.pexels.com/photos/12292644/pexels-photo-12292644.jpeg,"Premium quality Cello Mop with Bucket, Spin, a practical addition to any home or kitchen."
B0XRW6TM2O,Cuisinart Broom and Dustpan Set,Home,Cuisinart,9.55,9.55,4.6,535,False,False,False,265,Available,https://images.pexels.com/photos/12292644/pexels-photo-12292644.jpeg,"Premium quality Cuisinart Broom and Dustpan Set, a practical addition to any home or kitchen."
B0UL62CF4M,"IKEA Kitchen Scale, Digital",Home,IKEA,12.99,12.99,3.6,323,False,False,False,181,Available,https://images.pexels.com/photos/5824488/pexels-photo-5824488.jpeg,"Premium quality IKEA Kitchen Scale, Digital, a practical addition to any home or kitchen."
B02L4ZJD5N,IKEA Measuring Cups and Spoons Set,Home,IKEA,12.74,12.74,3.8,378,False,True,False,219,Available,https://images.pexels.com/photos/5782042/pexels-photo-5782042.jpeg,"Premium quality IKEA Measuring Cups and Spoons Set, a practical addition to any home or kitchen."
B0PARSG70S,Corelle Ironing Board with Cover,Home,Corelle,29.45,35.88,4.8,217,False,False,False,39,Available,https://images.pexels.com/photos/5782042/pexels-photo-5782042.jpeg,"Premium quality Corelle Ironing Board with Cover, a practical addition to any home or kitchen."
B00QZSA7YV,Cuisinart Non-Stick Griddle Pan,Home,Cuisinart,26.54,38.31,3.8,113,False,False,False,284,Available,https://images.pexels.com/photos/12292644/pexels-photo-12292644.jpeg,"Premium quality Cuisinart Non-Stick Griddle Pan, a practical addition to any home or kitchen."
B0OZ6WYQML,Nike Sports Headband (2pk),Sports,Nike,5.91,7.86,3.7,176,False,True,False,74,Available,https://images.pexels.com/photos/6285240/pexels-photo-6285240.jpeg,"Premium quality Nike Sports Headband (2pk), built for performance and everyday training."
B02ZDLX1Q8,Spalding Tennis Racket,Sports,Spalding,32.75,32.75,3.7,567,False,False,False,258,Available,https://images.pexels.com/photos/6285240/pexels-photo-6285240.jpeg,"Premium quality Spalding Tennis Racket, built for performance and everyday training."
B0QBRMQG1V,New Balance Resistance Bands Set (5pc),Sports,New Balance,13.1,15.04,4.7,5,False,False,False,189,Available,https://images.pexels.com/photos/6285240/pexels-photo-6285240.jpeg,"Premium quality New Balance Resistance Bands Set (5pc), built for performance and everyday training."
B02TOOWT9N,Spalding Gym Chalk Bag,Sports,Spalding,6.82,6.82,4.4,49,False,True,False,74,Available,https://images.pexels.com/photos/4943917/pexels-photo-4943917.jpeg,"Premium quality Spalding Gym Chalk Bag, built for performance and everyday training."
B0YGY0Z4EV,Under Armour Foam Roller,Sports,Under Armour,22.58,22.58,4.0,18,False,False,False,242,Available,https://images.pexels.com/photos/4943917/pexels-photo-4943917.jpeg,"Premium quality Under Armour Foam Roller, built for performance and everyday training."
B031NRXD35,Spalding Baseball Glove,Sports,Spalding,27.44,32.76,3.7,16,False,True,False,227,Available,https://images.pexels.com/photos/10734244/pexels-photo-10734244.jpeg,"Premium quality Spalding Baseball Glove, built for performance and everyday training."
B0LU6K7P9M,"Puma Boxing Gloves, 12oz",Sports,Puma,33.22,39.46,4.5,773,False,True,False,248,Available,https://images.pexels.com/photos/10734244/pexels-photo-10734244.jpeg,"Premium quality Puma Boxing Gloves, 12oz, built for performance and everyday training."
B0C68AU9DK,New Balance Trekking Poles (Pair),Sports,New Balance,20.16,20.16,4.7,486,False,False,False,226,Available,https://images.pexels.com/photos/10734244/pexels-photo-10734244.jpeg,"Premium quality New Balance Trekking Poles (Pair), built for performance and everyday training."
B0PHGFT4MP,Under Armour Pilates Ring,Sports,Under Armour,14.32,14.32,4.1,257,False,False,False,182,Available,https://images.pexels.com/photos/4943917/pexels-photo-4943917.jpeg,"Premium quality Under Armour Pilates Ring, built for performance and everyday training."
B0EE346Z7W,Puma Sports Duffel Backpack,Sports,Puma,25.09,27.24,4.9,41,False,False,False,269,Available,https://images.pexels.com/photos/21856840/pexels-photo-21856840.jpeg,"Premium quality Puma Sports Duffel Backpack, built for performance and everyday training."
B0VU4ISOTN,"Spalding Training Shorts, Women's",Sports,Spalding,17.51,17.51,3.8,270,False,True,False,216,Available,https://images.pexels.com/photos/10734244/pexels-photo-10734244.jpeg,"Premium quality Spalding Training Shorts, Women's, built for performance and everyday training."
B0992QC6DR,"New Balance Cricket Bat, Willow",Sports,New Balance,46.91,60.73,4.6,256,False,True,False,60,Available,https://images.pexels.com/photos/10734244/pexels-photo-10734244.jpeg,"Premium quality New Balance Cricket Bat, Willow, built for performance and everyday training."
B0Q6ULM9KG,"Spalding Kettlebell, 8kg",Sports,Spalding,35.96,39.54,3.6,76,True,False,False,195,Available,https://images.pexels.com/photos/4943917/pexels-photo-4943917.jpeg,"Premium quality Spalding Kettlebell, 8kg, built for performance and everyday training."
B0K0AREC2J,"New Balance Training Shorts, Men's",Sports,New Balance,15.39,15.39,4.5,227,False,False,False,106,Available,https://images.pexels.com/photos/4943917/pexels-photo-4943917.jpeg,"Premium quality New Balance Training Shorts, Men's, built for performance and everyday training."
B0XNG2IGSB,Reebok Ankle Weights Set (Pair),Sports,Reebok,22.29,24.99,4.6,203,False,False,False,109,Available,https://images.pexels.com/photos/10734244/pexels-photo-10734244.jpeg,"Premium quality Reebok Ankle Weights Set (Pair), built for performance and everyday training."
B0NX0GU4BJ,Puma Elbow and Knee Pad Set,Sports,Puma,19.74,19.74,4.1,382,False,False,False,273,Available,https://images.pexels.com/photos/10734244/pexels-photo-10734244.jpeg,"Premium quality Puma Elbow and Knee Pad Set, built for performance and everyday training."
B0OJTPK2NL,Nike Sports Sunglasses,Sports,Nike,17.85,21.27,4.5,403,False,True,False,292,Available,https://images.pexels.com/photos/10734244/pexels-photo-10734244.jpeg,"Premium quality Nike Sports Sunglasses, built for performance and everyday training."
B0JJ2JVQYI,Adidas Table Tennis Paddle Set,Sports,Adidas,23.93,23.93,4.4,18,False,False,False,241,Available,https://images.pexels.com/photos/6285240/pexels-photo-6285240.jpeg,"Premium quality Adidas Table Tennis Paddle Set, built for performance and everyday training."
B0ACOSYM0J,"Spalding Swim Cap, Silicone",Sports,Spalding,6.02,6.02,3.6,187,False,True,False,112,Available,https://images.pexels.com/photos/10734244/pexels-photo-10734244.jpeg,"Premium quality Spalding Swim Cap, Silicone, built for performance and everyday training."
B0ZE4EX6U8,Nike Men's Running Shoes,Sports,Nike,69.07,89.78,4.4,393,False,False,False,131,Available,https://images.pexels.com/photos/10734244/pexels-photo-10734244.jpeg,"Premium quality Nike Men's Running Shoes, built for performance and everyday training."
B0P61LFC1N,"Puma Gym Towel, Microfiber (2pk)",Sports,Puma,10.03,14.31,4.0,279,False,False,False,252,Available,https://images.pexels.com/photos/4943917/pexels-photo-4943917.jpeg,"Premium quality Puma Gym Towel, Microfiber (2pk), built for performance and everyday training."
B07VGRF1HX,"Nike Exercise Ball, 65cm",Sports,Nike,18.87,18.87,4.2,776,False,False,False,111,Available,https://images.pexels.com/photos/21856840/pexels-photo-21856840.jpeg,"Premium quality Nike Exercise Ball, 65cm, built for performance and everyday training."
B0RXABOFLO,"Reebok Yoga Mat, 6mm",Sports,Reebok,16.55,21.37,3.6,429,False,False,False,148,Available,https://images.pexels.com/photos/10734244/pexels-photo-10734244.jpeg,"Premium quality Reebok Yoga Mat, 6mm, built for performance and everyday training."
B022TA83RU,"Spalding Insulated Sports Water Bottle, 750ml",Sports,Spalding,21.2,21.2,4.7,71,False,False,False,264,Available,https://images.pexels.com/photos/4943917/pexels-photo-4943917.jpeg,"Premium quality Spalding Insulated Sports Water Bottle, 750ml, built for performance and everyday training."
B0M41KHT8X,Wilson Gym Duffel Bag,Sports,Wilson,33.64,44.2,4.7,29,False,True,False,66,Available,https://images.pexels.com/photos/4943917/pexels-photo-4943917.jpeg,"Premium quality Wilson Gym Duffel Bag, built for performance and everyday training."
B0PGBA9IN2,"Yonex Stainless Steel Sports Water Bottle, 1L",Sports,Yonex,20.76,20.76,4.8,411,False,False,False,203,Available,https://images.pexels.com/photos/4943917/pexels-photo-4943917.jpeg,"Premium quality Yonex Stainless Steel Sports Water Bottle, 1L, built for performance and everyday training."
B0MMZOHXS7,Decathlon Agility Ladder Training Set,Sports,Decathlon,23.01,23.01,3.6,10,False,False,True,250,Available,https://images.pexels.com/photos/6285240/pexels-photo-6285240.jpeg,"Premium quality Decathlon Agility Ladder Training Set, built for performance and everyday training."
B07BZEGBL2,New Balance Badminton Racket Set (2pc),Sports,New Balance,22.66,30.64,4.2,352,False,False,False,270,Available,https://images.pexels.com/photos/21856840/pexels-photo-21856840.jpeg,"Premium quality New Balance Badminton Racket Set (2pc), built for performance and everyday training."
B0WCHM40OE,New Balance Weightlifting Gloves,Sports,New Balance,11.71,11.71,4.4,1126,False,True,False,74,Available,https://images.pexels.com/photos/6285240/pexels-photo-6285240.jpeg,"Premium quality New Balance Weightlifting Gloves, built for performance and everyday training."
B0EFOZTP7B,"Wilson Jump Rope, Adjustable",Sports,Wilson,12.69,12.69,4.0,342,False,False,False,43,Available,https://images.pexels.com/photos/10734244/pexels-photo-10734244.jpeg,"Premium quality Wilson Jump Rope, Adjustable, built for performance and everyday training."
B0DX5O31YH,"New Balance Hiking Backpack, 30L",Sports,New Balance,41.28,58.02,3.8,196,False,True,False,61,Available,https://images.pexels.com/photos/4943917/pexels-photo-4943917.jpeg,"Premium quality New Balance Hiking Backpack, 30L, built for performance and everyday training."
B0WD3KPUG9,Spalding Cycling Gloves,Sports,Spalding,14.5,16.6,4.5,412,False,False,False,39,Available,https://images.pexels.com/photos/10734244/pexels-photo-10734244.jpeg,"Premium quality Spalding Cycling Gloves, built for performance and everyday training."
B0WHBEF46R,New Balance Fitness Tracker Wristband,Sports,New Balance,34.05,34.05,4.2,245,False,False,False,296,Available,https://images.pexels.com/photos/6285240/pexels-photo-6285240.jpeg,"Premium quality New Balance Fitness Tracker Wristband, built for performance and everyday training."
B01B07G2RE,Nike Skipping Rope Weighted,Sports,Nike,8.54,9.89,4.6,315,False,True,False,148,Available,https://images.pexels.com/photos/6285240/pexels-photo-6285240.jpeg,"Premium quality Nike Skipping Rope Weighted, built for performance and everyday training."
B0IIOH6CVB,"Decathlon Basketball, Official Size",Sports,Decathlon,23.89,27.56,3.7,1135,False,True,True,186,Available,https://images.pexels.com/photos/21856840/pexels-photo-21856840.jpeg,"Premium quality Decathlon Basketball, Official Size, built for performance and everyday training."
B0ZW9HEYCE,"Puma Compression Leggings, Women's",Sports,Puma,21.89,21.89,3.8,195,False,True,False,111,Available,https://images.pexels.com/photos/21856840/pexels-photo-21856840.jpeg,"Premium quality Puma Compression Leggings, Women's, built for performance and everyday training."
B02WWG84D4,Decathlon Football / Soccer Ball,Sports,Decathlon,21.27,21.27,4.4,1299,False,False,False,132,Available,https://images.pexels.com/photos/21856840/pexels-photo-21856840.jpeg,"Premium quality Decathlon Football / Soccer Ball, built for performance and everyday training."
B05IPI7866,"Under Armour Punching Bag, Freestanding",Sports,Under Armour,95.49,95.49,4.2,943,False,True,False,162,Available,https://images.pexels.com/photos/21856840/pexels-photo-21856840.jpeg,"Premium quality Under Armour Punching Bag, Freestanding, built for performance and everyday training."
B03ZDRC1YO,Nike Golf Balls (12pk),Sports,Nike,15.52,21.18,4.1,87,False,False,False,37,Available,https://images.pexels.com/photos/6285240/pexels-photo-6285240.jpeg,"Premium quality Nike Golf Balls (12pk), built for performance and everyday training."
B0Z40AQ15O,Puma Women's Running Shoes,Sports,Puma,54.71,79.31,4.0,28,False,False,False,28,Available,https://images.pexels.com/photos/4943917/pexels-photo-4943917.jpeg,"Premium quality Puma Women's Running Shoes, built for performance and everyday training."
B0BPJ8T22C,"Decathlon Compression Leggings, Men's",Sports,Decathlon,30.67,40.24,4.0,42,False,False,False,217,Available,https://images.pexels.com/photos/4943917/pexels-photo-4943917.jpeg,"Premium quality Decathlon Compression Leggings, Men's, built for performance and everyday training."
B0NWNGUCZH,Nike Cycling Helmet,Sports,Nike,37.87,37.87,3.7,7,False,False,False,206,Available,https://images.pexels.com/photos/4943917/pexels-photo-4943917.jpeg,"Premium quality Nike Cycling Helmet, built for performance and everyday training."
B0L6SPBNQS,Under Armour Adjustable Dumbbell Set (Pair),Sports,Under Armour,48.89,48.89,4.6,39,False,False,False,127,Available,https://images.pexels.com/photos/10734244/pexels-photo-10734244.jpeg,"Premium quality Under Armour Adjustable Dumbbell Set (Pair), built for performance and everyday training."
B0NYY95G5D,Decathlon Cushioned Sports Socks (3pk),Sports,Decathlon,15.1,15.1,4.2,459,False,False,False,292,Available,https://images.pexels.com/photos/21856840/pexels-photo-21856840.jpeg,"Premium quality Decathlon Cushioned Sports Socks (3pk), built for performance and everyday training."
B0FFH8AOY7,"Puma Swim Goggles, Anti-Fog",Sports,Puma,10.88,10.88,3.7,29,False,True,False,75,Available,https://images.pexels.com/photos/21856840/pexels-photo-21856840.jpeg,"Premium quality Puma Swim Goggles, Anti-Fog, built for performance and everyday training."
B05I8XOMXL,"Wilson Sports Bra, High Support",Sports,Wilson,21.3,21.3,3.7,153,False,True,False,30,Available,https://images.pexels.com/photos/21856840/pexels-photo-21856840.jpeg,"Premium quality Wilson Sports Bra, High Support, built for performance and everyday training."
B09UPNHZX9,"Pilot Paper Clips, Assorted Sizes (200pk)",Books,Pilot,3.73,5.01,3.8,745,False,True,False,98,Available,https://images.pexels.com/photos/7718804/pexels-photo-7718804.jpeg,"Premium quality Pilot Paper Clips, Assorted Sizes (200pk), a handy desk and study companion for notebooks and journals."
B0ORFQLA09,Five Star Correction Tape (3pk),Books,Five Star,6.24,6.24,4.8,9,False,True,False,293,Available,https://images.pexels.com/photos/12911169/pexels-photo-12911169.jpeg,"Premium quality Five Star Correction Tape (3pk), a handy desk and study companion for notebooks and journals."
B07MERBYEA,"Pilot Index Cards, Ruled (200pk)",Books,Pilot,6.37,9.1,4.5,673,False,False,False,95,Available,https://images.pexels.com/photos/7718804/pexels-photo-7718804.jpeg,"Premium quality Pilot Index Cards, Ruled (200pk), a handy desk and study companion for notebooks and journals."
B07KATQYDS,"Post-it Gel Pens, Assorted Colors (12pk)",Books,Post-it,8.86,11.56,3.9,132,False,False,False,119,Available,https://images.pexels.com/photos/7718804/pexels-photo-7718804.jpeg,"Premium quality Post-it Gel Pens, Assorted Colors (12pk), a handy desk and study companion for notebooks and journals."
B0F4NNKM95,Post-it Study Highlighter Tabs (5 Colors),Books,Post-it,5.59,5.59,4.1,50,False,False,False,48,Available,https://images.pexels.com/photos/1509485/pexels-photo-1509485.jpeg,"Premium quality Post-it Study Highlighter Tabs (5 Colors), a handy desk and study companion for notebooks and journals."
B08P6FVDHR,Staedtler Weekly Planner Notebook,Books,Staedtler,15.28,22.11,4.6,477,False,True,False,246,Available,https://images.pexels.com/photos/12911169/pexels-photo-12911169.jpeg,"Premium quality Staedtler Weekly Planner Notebook, a handy desk and study companion for notebooks and journals."
B06OUZ1EGN,"Paper Mate Binder Clips, Assorted Sizes (30pk)",Books,Paper Mate,8.67,8.67,4.1,396,False,True,False,212,Available,https://images.pexels.com/photos/6193758/pexels-photo-6193758.jpeg,"Premium quality Paper Mate Binder Clips, Assorted Sizes (30pk), a handy desk and study companion for notebooks and journals."
B0AAJ84RX6,"Bic Highlighters, Assorted Colors (6pk)",Books,Bic,10.76,13.95,4.2,839,False,False,False,272,Available,https://images.pexels.com/photos/6193758/pexels-photo-6193758.jpeg,"Premium quality Bic Highlighters, Assorted Colors (6pk), a handy desk and study companion for notebooks and journals."
B0R8VNRPJY,"Sharpie Ballpoint Pens, Black Ink (10pk)",Books,Sharpie,6.46,6.46,4.6,531,False,True,False,145,Available,https://images.pexels.com/photos/1509485/pexels-photo-1509485.jpeg,"Premium quality Sharpie Ballpoint Pens, Black Ink (10pk), a handy desk and study companion for notebooks and journals."
B0L5EFJP6M,Five Star Fountain Pen with Ink Cartridges,Books,Five Star,16.15,16.15,3.7,650,False,True,False,152,Available,https://images.pexels.com/photos/12911169/pexels-photo-12911169.jpeg,"Premium quality Five Star Fountain Pen with Ink Cartridges, a handy desk and study companion for notebooks and journals."
B01VGLL42J,"Pilot Desk Calendar, Standing",Books,Pilot,10.24,10.24,4.4,132,False,True,False,283,Available,https://images.pexels.com/photos/12911169/pexels-photo-12911169.jpeg,"Premium quality Pilot Desk Calendar, Standing, a handy desk and study companion for notebooks and journals."
B0RM6DFHG6,Paper Mate Desk Organizer Pen Cup,Books,Paper Mate,10.28,11.65,4.1,78,False,False,False,90,Available,https://images.pexels.com/photos/1509485/pexels-photo-1509485.jpeg,"Premium quality Paper Mate Desk Organizer Pen Cup, a handy desk and study companion for notebooks and journals."
B0N36V1MZB,Faber-Castell Mechanical Pencils (5pk),Books,Faber-Castell,6.76,9.35,4.0,555,False,False,False,28,Available,https://images.pexels.com/photos/1509485/pexels-photo-1509485.jpeg,"Premium quality Faber-Castell Mechanical Pencils (5pk), a handy desk and study companion for notebooks and journals."
B09P1EARPH,Staedtler Notebook Divider Tabs (24pk),Books,Staedtler,4.64,4.64,3.9,657,False,True,False,136,Available,https://images.pexels.com/photos/1509485/pexels-photo-1509485.jpeg,"Premium quality Staedtler Notebook Divider Tabs (24pk), a handy desk and study companion for notebooks and journals."
B0127H6GMD,"Bic Whiteboard Markers, Dry Erase (8pk)",Books,Bic,9.75,9.75,4.5,1862,False,True,False,42,Available,https://images.pexels.com/photos/12911169/pexels-photo-12911169.jpeg,"Premium quality Bic Whiteboard Markers, Dry Erase (8pk), a handy desk and study companion for notebooks and journals."
B031TZ8G1A,"Five Star Sticky Notes, Assorted Colors (12pk)",Books,Five Star,7.47,7.47,3.7,212,False,False,False,143,Available,https://images.pexels.com/photos/1509485/pexels-photo-1509485.jpeg,"Premium quality Five Star Sticky Notes, Assorted Colors (12pk), a handy desk and study companion for notebooks and journals."
B0P8GMNHIE,Staedtler Rubber Stamps Set with Ink Pad,Books,Staedtler,17.2,17.2,4.4,186,True,True,False,263,Available,https://images.pexels.com/photos/12911169/pexels-photo-12911169.jpeg,"Premium quality Staedtler Rubber Stamps Set with Ink Pad, a handy desk and study companion for notebooks and journals."
B0BLEKVL9P,"Paper Mate Permanent Markers, Fine Tip (8pk)",Books,Paper Mate,9.73,12.29,4.3,599,False,False,False,204,Available,https://images.pexels.com/photos/6193758/pexels-photo-6193758.jpeg,"Premium quality Paper Mate Permanent Markers, Fine Tip (8pk), a handy desk and study companion for notebooks and journals."
B0AYYOSYEO,Pilot Colored Pencil Set (24pk),Books,Pilot,17.85,24.94,4.1,166,False,False,False,263,Available,https://images.pexels.com/photos/1509485/pexels-photo-1509485.jpeg,"Premium quality Pilot Colored Pencil Set (24pk), a handy desk and study companion for notebooks and journals."
B0OIPR11V1,Sharpie Washi Tape Set (10 Rolls),Books,Sharpie,6.52,6.52,4.7,1068,False,True,False,193,Available,https://images.pexels.com/photos/6193758/pexels-photo-6193758.jpeg,"Premium quality Sharpie Washi Tape Set (10 Rolls), a handy desk and study companion for notebooks and journals."
