Product_ID,Product_Name,Category,Brand,Price,List_Price,Rating,Reviews,BestSeller,Prime,AmazonChoice,Stock,Status,Image_URL,Description
B0DJK7NW1J,"15.6 Inch Laptops, Windows 11 Laptop Computers with 4GB RAM 128GB SSD, Celeron N5095 Quad-Core CPU(Up to 2.9GHz), 1 Year Office 365, 180 ° Hinge, WiFi 6, 7000mAh, USB 3.2 * 3, HDMI, Type-C",Electronics,Unknown,199.98,679.99,,48,FALSE,FALSE,FALSE,122,Available,https://images.pexels.com/photos/265144/pexels-photo-265144.jpeg,"Premium quality 15.6 Inch Laptops, Windows 11 Laptop Computers with 4GB RAM 128GB SSD, Celeron N5095 Quad-Core CPU(Up to 2.9GHz), 1 Year Office 365, 180 ° Hinge, WiFi 6, 7000mAh, USB 3.2 * 3, HDMI, Type-C"
B0BS4BP8FB,"Acer Aspire 3 A315-24P-R7VH Slim Laptop | 15.6"" Full HD IPS Display | AMD Ryzen 3 7320U Quad-Core Processor | AMD Radeon Graphics | 8GB LPDDR5 | 128GB NVMe SSD | Wi-Fi 6 | Windows 11 Home in S Mode",Electronics,Unknown,279.99,321.99,,39243,FALSE,FALSE,TRUE,290,Available,https://images.pexels.com/photos/29249664/pexels-photo-29249664.jpeg,"Premium quality Acer Aspire 3 A315-24P-R7VH Slim Laptop | 15.6"" Full HD IPS Display | AMD Ryzen 3 7320U Quad-Core Processor | AMD Radeon Graphics | 8GB LPDDR5 | 128GB NVMe SSD | Wi-Fi 6 | Windows 11 Home in S Mode"
B0DKDY78K3,"Newest Gaming Laptop, Laptop with AMD Ryzen 7 5825U (8C/16T, Up to 4.5GHz), 16GB RAM 512GB NVMe SSD Laptop Computer, Radeon RX Vega 8 Graphics, 16.1-inch FHD Display, WiFi 6, 53Wh Battery, Backlit KB",Electronics,Unknown,649.99,1699.99,,18,FALSE,FALSE,FALSE,126,Available,https://images.pexels.com/photos/9263102/pexels-photo-9263102.jpeg,"Premium quality Newest Gaming Laptop, Laptop with AMD Ryzen 7 5825U (8C/16T, Up to 4.5GHz), 16GB RAM 512GB NVMe SSD Laptop Computer, Radeon RX Vega 8 Graphics, 16.1-inch FHD Display, WiFi 6, 53Wh Battery, Backlit KB"
B0CPL25J3W,"HP Portable Laptop, Student and Business, 14"" HD Display, Intel Quad-Core N4120, 8GB DDR4 RAM, 64GB eMMC, 1 Year Office 365, Webcam, RJ-45, HDMI, Wi-Fi, Windows 11 Home, Silver",Electronics,Unknown,197.35,269,,1678,FALSE,FALSE,FALSE,91,Available,https://images.pexels.com/photos/11129922/pexels-photo-11129922.jpeg,"Premium quality HP Portable Laptop, Student and Business, 14"" HD Display, Intel Quad-Core N4120, 8GB DDR4 RAM, 64GB eMMC, 1 Year Office 365, Webcam, RJ-45, HDMI, Wi-Fi, Windows 11 Home, Silver"
B0947BJ67M,"HP 14 Laptop, Intel Celeron N4020, 4 GB RAM, 64 GB Storage, 14-inch Micro-edge HD Display, Windows 11 Home, Thin & Portable, 4K Graphics, One Year of Microsoft 365 (14-dq0040nr, Snowflake White)",Electronics,Unknown,176,209.99,,1861,FALSE,FALSE,FALSE,208,Available,https://images.pexels.com/photos/1181449/pexels-photo-1181449.jpeg,"Premium quality HP 14 Laptop, Intel Celeron N4020, 4 GB RAM, 64 GB Storage, 14-inch Micro-edge HD Display, Windows 11 Home, Thin & Portable, 4K Graphics, One Year of Microsoft 365 (14-dq0040nr, Snowflake White)"
B0B2D77YB8,"HP Newest 14"" Ultral Light Laptop for Students and Business, Intel Quad-Core N4120, 8GB RAM, 192GB Storage(64GB eMMC+128GB Micro SD), 1 Year Office 365, Webcam, HDMI, WiFi, USB-A&C, Win 11 S",Electronics,Unknown,249.99,249.99,,1950,FALSE,FALSE,FALSE,40,Available,https://images.pexels.com/photos/13736497/pexels-photo-13736497.jpeg,"Premium quality HP Newest 14"" Ultral Light Laptop for Students and Business, Intel Quad-Core N4120, 8GB RAM, 192GB Storage(64GB eMMC+128GB Micro SD), 1 Year Office 365, Webcam, HDMI, WiFi, USB-A&C, Win 11 S"
B0DK9HYLFP,"ACEMAGIC Laptop, Newest Windows 11 Laptop Computer,16GB DDR4 512GB SSD Gaming Laptop, Quad-Core N95 Processor, 15.6"" IPS 1080P PC,180° Open Angle,Long Battery Life,Metal Shell,WiFi,USB3.2, Type C",Electronics,Unknown,359.99,1299.99,,24,FALSE,FALSE,FALSE,122,Available,https://images.pexels.com/photos/10655906/pexels-photo-10655906.jpeg,"Premium quality ACEMAGIC Laptop, Newest Windows 11 Laptop Computer,16GB DDR4 512GB SSD Gaming Laptop, Quad-Core N95 Processor, 15.6"" IPS 1080P PC,180° Open Angle,Long Battery Life,Metal Shell,WiFi,USB3.2, Type C"
B0DHXKL1BF,"HP Flagship 14"" Laptop with 1 Year Office 365 | 16GB RAM | 1.28TB Storage(128GB EMMC & 160GB Docking Station & 1TB Cloud Storage) | Intel 4-Core Processor | Webcam| Silver | Windows 11",Electronics,Unknown,339,339,,13,FALSE,FALSE,FALSE,141,Available,https://images.pexels.com/photos/20432893/pexels-photo-20432893.jpeg,"Premium quality HP Flagship 14"" Laptop with 1 Year Office 365 | 16GB RAM | 1.28TB Storage(128GB EMMC & 160GB Docking Station & 1TB Cloud Storage) | Intel 4-Core Processor | Webcam| Silver | Windows 11"
B09YRY6QCX,ASUS E410 Intel Celeron N4020 4GB 64GB 14-Inch HD LED Win 10 Laptop (Star Black),Electronics,Unknown,147,147,,678,FALSE,FALSE,FALSE,234,Available,https://images.pexels.com/photos/5942722/pexels-photo-5942722.jpeg,Premium quality ASUS E410 Intel Celeron N4020 4GB 64GB 14-Inch HD LED Win 10 Laptop (Star Black)
B0DFLHNVKM,"16.0-inch Laptop, 16GB DDR4 512GB SSD, Newest Windows 11 Laptop with Intel 12th Quad-Core Processor(Up to 3.6GHz), 1920P FHD Display, Metal Shell, WiFi 6, USB3.2, Type_C, Long Battery Life",Electronics,Unknown,59.99,59.99,,6,FALSE,FALSE,FALSE,107,Available,https://images.pexels.com/photos/5942722/pexels-photo-5942722.jpeg,"Premium quality 16.0-inch Laptop, 16GB DDR4 512GB SSD, Newest Windows 11 Laptop with Intel 12th Quad-Core Processor(Up to 3.6GHz), 1920P FHD Display, Metal Shell, WiFi 6, USB3.2, Type_C, Long Battery Life"
B0CZKPF2QH,"HP Stream 14"" HD BrightView Laptop, Intel Celeron N4120, 16GB RAM, 288GB Storage (128GB eMMC + 160GB Docking Station Set), Intel UHD Graphics, 720p Webcam, Wi-Fi, 1 Year Office 365, Win 11 S, Silver",Electronics,Unknown,309,399,,1986,FALSE,FALSE,FALSE,119,Available,https://images.pexels.com/photos/1181449/pexels-photo-1181449.jpeg,"Premium quality HP Stream 14"" HD BrightView Laptop, Intel Celeron N4120, 16GB RAM, 288GB Storage (128GB eMMC + 160GB Docking Station Set), Intel UHD Graphics, 720p Webcam, Wi-Fi, 1 Year Office 365, Win 11 S, Silver"
B0C3RNRB8W,"HP 17 Laptop, 17.3” HD+ Display, 11th Gen Intel Core i3-1125G4 Processor, 32GB RAM, 1TB SSD, Wi-Fi, HDMI, Webcam, Windows 11 Home, Silver",Electronics,Unknown,475,475,,1585,FALSE,FALSE,FALSE,171,Available,https://images.pexels.com/photos/15940010/pexels-photo-15940010.jpeg,"Premium quality HP 17 Laptop, 17.3” HD+ Display, 11th Gen Intel Core i3-1125G4 Processor, 32GB RAM, 1TB SSD, Wi-Fi, HDMI, Webcam, Windows 11 Home, Silver"
B0CBJ46QZX,"Lenovo Newest Flagship Chromebook, 14'' FHD Touchscreen Slim Thin Light Laptop Computer, 8-Core MediaTek Kompanio 520 Processor, 4GB RAM, 64GB eMMC, WiFi 6,Chrome OS+HubxcelAccesory, Abyss Blue",Electronics,Unknown,206.99,299.99,,497,FALSE,FALSE,FALSE,150,Available,https://images.pexels.com/photos/9263102/pexels-photo-9263102.jpeg,"Premium quality Lenovo Newest Flagship Chromebook, 14'' FHD Touchscreen Slim Thin Light Laptop Computer, 8-Core MediaTek Kompanio 520 Processor, 4GB RAM, 64GB eMMC, WiFi 6,Chrome OS+HubxcelAccesory, Abyss Blue"
B0D9K758B1,"HP 15.6"" Portable Laptop (Include 1 Year Microsoft 365), HD Display, Intel Quad-Core N200 Processor, 16GB RAM, 128GB Storage, Wi-Fi 6, Webcam, HDMI, Numeric Keypad, Windows 11 Home, Black",Electronics,Unknown,286.95,286.95,,675,FALSE,FALSE,FALSE,169,Available,https://images.pexels.com/photos/5793947/pexels-photo-5793947.jpeg,"Premium quality HP 15.6"" Portable Laptop (Include 1 Year Microsoft 365), HD Display, Intel Quad-Core N200 Processor, 16GB RAM, 128GB Storage, Wi-Fi 6, Webcam, HDMI, Numeric Keypad, Windows 11 Home, Black"
B0BZ8X9HGT,"HP Notebook Laptop, 15.6"" HD Touchscreen, Intel Core i3-1115G4 Processor, 32GB RAM, 1TB PCIe SSD, Webcam, Type-C, HDMI, SD Card Reader, Wi-Fi, Windows 11 Home, Silver",Electronics,Unknown,404.97,435.9,,1010,FALSE,FALSE,FALSE,277,Available,https://images.pexels.com/photos/6611936/pexels-photo-6611936.jpeg,"Premium quality HP Notebook Laptop, 15.6"" HD Touchscreen, Intel Core i3-1115G4 Processor, 32GB RAM, 1TB PCIe SSD, Webcam, Type-C, HDMI, SD Card Reader, Wi-Fi, Windows 11 Home, Silver"
B0CLHCWNV8,"ASUS Vivobook Laptop, 14"" FHD Display, i3-1215U, 16GB RAM, 512GB SSD, Wi-Fi 6, HDMI, Webcam, Touchpad, Windows 11 Home, Blue",Electronics,Unknown,310,310,,35,FALSE,FALSE,FALSE,211,Available,https://images.pexels.com/photos/11129922/pexels-photo-11129922.jpeg,"Premium quality ASUS Vivobook Laptop, 14"" FHD Display, i3-1215U, 16GB RAM, 512GB SSD, Wi-Fi 6, HDMI, Webcam, Touchpad, Windows 11 Home, Blue"
B0DKDV6QS6,"ACEMAGIC 2024 Newest 17.3Inch Laptop,FHD Display Laptop with Quad Core-12th Alder Lake N97(Up to 3.6GHz), 6000Mah Battery,16GB RAM 512GB ROM Business Laptop Computer.",Electronics,Unknown,399.99,1499.99,,12,FALSE,FALSE,FALSE,296,Available,https://images.pexels.com/photos/6001241/pexels-photo-6001241.jpeg,"Premium quality ACEMAGIC 2024 Newest 17.3Inch Laptop,FHD Display Laptop with Quad Core-12th Alder Lake N97(Up to 3.6GHz), 6000Mah Battery,16GB RAM 512GB ROM Business Laptop Computer."
B0CMRGBXM9,"Acer Nitro V Gaming Laptop | Intel Core i7-13620H Processor | NVIDIA GeForce RTX 4050 Laptop GPU | 15.6"" FHD IPS 144Hz Display | 16GB DDR5 | 512GB Gen 4 SSD | WiFi 6 | Backlit KB | ANV15-51-73B9",Electronics,Unknown,799.99,849.99,,360,FALSE,FALSE,FALSE,180,Available,https://images.pexels.com/photos/19935029/pexels-photo-19935029.jpeg,"Premium quality Acer Nitro V Gaming Laptop | Intel Core i7-13620H Processor | NVIDIA GeForce RTX 4050 Laptop GPU | 15.6"" FHD IPS 144Hz Display | 16GB DDR5 | 512GB Gen 4 SSD | WiFi 6 | Backlit KB | ANV15-51-73B9"
B0CV5ZSR17,"Acer Aspire Go 15 Slim Laptop | 15.6"" Full HD IPS 1080P Display | Intel Core i3-N305| Intel UHD Graphics | 8GB LPDDR5 | 128GB HD | Wi-Fi 6 | AI PC | Windows 11 Home in S Mode | AG15-31P-3947",Electronics,Unknown,269.99,269.99,,1331,FALSE,FALSE,FALSE,41,Available,https://images.pexels.com/photos/3747070/pexels-photo-3747070.jpeg,"Premium quality Acer Aspire Go 15 Slim Laptop | 15.6"" Full HD IPS 1080P Display | Intel Core i3-N305| Intel UHD Graphics | 8GB LPDDR5 | 128GB HD | Wi-Fi 6 | AI PC | Windows 11 Home in S Mode | AG15-31P-3947"
B0D262TPSM,"Dell 15 15.6"" FHD 120Hz Business Laptop Computer, 12th Gen Intel 10-Core i5-1235U (Beat i7-1195G7), 32GB DDR4 RAM, 1TB PCIe SSD, 802.11ac WiFi, Bluetooth, Carbon Black, Windows 11 Pro",Electronics,Unknown,530.1,589,,25,FALSE,FALSE,FALSE,272,Available,https://images.pexels.com/photos/5942722/pexels-photo-5942722.jpeg,"Premium quality Dell 15 15.6"" FHD 120Hz Business Laptop Computer, 12th Gen Intel 10-Core i5-1235U (Beat i7-1195G7), 32GB DDR4 RAM, 1TB PCIe SSD, 802.11ac WiFi, Bluetooth, Carbon Black, Windows 11 Pro"
B0CT4HX4T9,"Lined Spiral Journal Notebook for Women & Men, 140 Pages, College Ruled Hardcover Notebook for Work & Note Taking, Journals for Writing, A5(6""x8"") - Green",Books,Unknown,5.99,7.99,,1158,FALSE,FALSE,TRUE,255,Available,https://images.pexels.com/photos/8250997/pexels-photo-8250997.jpeg,"Premium quality Lined Spiral Journal Notebook for Women & Men, 140 Pages, College Ruled Hardcover Notebook for Work & Note Taking, Journals for Writing, A5(6""x8"") - Green"
B003O2RXUQ,"Five Star Spiral Notebook + Study App, 5 Subject, College Ruled Paper, Fights Ink Bleed, Water Resistant Cover, 8-1/2"" x 11"", 200 Sheets, Black (72081)",Books,Unknown,5.68,11.99,,30479,TRUE,FALSE,FALSE,68,Available,https://images.pexels.com/photos/368888/pexels-photo-368888.jpeg,"Premium quality Five Star Spiral Notebook + Study App, 5 Subject, College Ruled Paper, Fights Ink Bleed, Water Resistant Cover, 8-1/2"" x 11"", 200 Sheets, Black (72081)"
B00D3OR58A,"Oxford Spiral Notebook 6 Pack, 1 Subject, College Ruled Paper, 8 x 10-1/2 Inch, Color Assortment Design May Vary (65007)",Books,Unknown,11.99,12.81,,42678,FALSE,FALSE,FALSE,78,Available,https://images.pexels.com/photos/12039670/pexels-photo-12039670.jpeg,"Premium quality Oxford Spiral Notebook 6 Pack, 1 Subject, College Ruled Paper, 8 x 10-1/2 Inch, Color Assortment Design May Vary (65007)"
B00P9U2EM8,"Mead Spiral Notebooks, 6 Pack, 1 Subject, College Ruled Paper, 7-1/2"" x 10-1/2"", 70 Sheets per Notebook, Color Will Vary (73065)",Books,Unknown,12.21,12.21,,16143,FALSE,FALSE,FALSE,189,Available,https://images.pexels.com/photos/4925628/pexels-photo-4925628.jpeg,"Premium quality Mead Spiral Notebooks, 6 Pack, 1 Subject, College Ruled Paper, 7-1/2"" x 10-1/2"", 70 Sheets per Notebook, Color Will Vary (73065)"
B01DN8TCEU,"Amazon Basics Classic Lined Notebook, 240 Pages Hardcover, 5 x 8.25-Inch, Black",Books,Unknown,6.39,8.54,,46185,FALSE,FALSE,FALSE,207,Available,https://images.pexels.com/photos/3650937/pexels-photo-3650937.jpeg,"Premium quality Amazon Basics Classic Lined Notebook, 240 Pages Hardcover, 5 x 8.25-Inch, Black"
B07L4JCG7T,"PAPERAGE Lined Journal Notebook, (Black), 160 Pages, Medium 5.7 inches x 8 inches - 100 GSM Thick Paper, Hardcover",Books,Unknown,9.95,9.95,,56144,TRUE,FALSE,FALSE,290,Available,https://images.pexels.com/photos/15422314/pexels-photo-15422314.jpeg,"Premium quality PAPERAGE Lined Journal Notebook, (Black), 160 Pages, Medium 5.7 inches x 8 inches - 100 GSM Thick Paper, Hardcover"
B07YLTJHH4,"Amazon Basics Professional Journal, 10.5X7.5 inches, Black, 2-Pack",Books,Unknown,22.09,22.09,,4283,FALSE,FALSE,FALSE,209,Available,https://images.pexels.com/photos/5712509/pexels-photo-5712509.jpeg,"Premium quality Amazon Basics Professional Journal, 10.5X7.5 inches, Black, 2-Pack"
B0BWYLWWC1,ZICOTO Aesthetic Spiral Notebook Set of 3 For Women - Cute College Ruled 8x6 Journal/Notebook with Large Pockets And Lined Pages - Perfect Supplies to Stay Organized at Work or School,Books,Unknown,16.99,16.99,,1179,FALSE,FALSE,FALSE,194,Available,https://images.pexels.com/photos/159682/spring-notebook-book-perspective-159682.jpeg,Premium quality ZICOTO Aesthetic Spiral Notebook Set of 3 For Women - Cute College Ruled 8x6 Journal/Notebook with Large Pockets And Lined Pages - Perfect Supplies to Stay Organized at Work or School
B0B4DKQSDV,"Lined Journal Notebook for Women Men,256 Pages A5 Hardcover Leather Journals for Writing,Travel,Business,Work & School,College Ruled Notebooks for Note Taking,Diary Notepad 5.7""×8.3""(Brown)",Books,Unknown,9.99,13.99,,3334,FALSE,FALSE,FALSE,70,Available,https://images.pexels.com/photos/15422314/pexels-photo-15422314.jpeg,"Premium quality Lined Journal Notebook for Women Men,256 Pages A5 Hardcover Leather Journals for Writing,Travel,Business,Work & School,College Ruled Notebooks for Note Taking,Diary Notepad 5.7""×8.3""(Brown)"
8883701127,"Moleskine Classic Notebook, Large, Ruled, Black, Hard Cover (5 x 8.25)",Beauty,Unknown,16.75,20.08,,46469,FALSE,FALSE,FALSE,74,Available,https://images.pexels.com/photos/5861186/pexels-photo-5861186.jpeg,"Premium quality Moleskine Classic Notebook, Large, Ruled, Black, Hard Cover (5 x 8.25)"
B08NYRMWZ8,"Yansanido Spiral Notebook, 4 Pcs 8.3 Inch x 5.9 Inch A5 Thick Plastic Hardcover 8mm Ruled 4 Color 80 Sheets -160 Pages Journals for Study and Notes (style 10-Wine Red,Brown,Green,ivory, A5)",Books,Unknown,12.99,12.99,,2263,FALSE,FALSE,FALSE,263,Available,https://images.pexels.com/photos/159682/spring-notebook-book-perspective-159682.jpeg,"Premium quality Yansanido Spiral Notebook, 4 Pcs 8.3 Inch x 5.9 Inch A5 Thick Plastic Hardcover 8mm Ruled 4 Color 80 Sheets -160 Pages Journals for Study and Notes (style 10-Wine Red,Brown,Green,ivory, A5)"
B0CWS3YSVG,"Five Star Spiral Notebook, 2 Subject, College Ruled, 9 1/2"" x 6"" 80 Sheets, Sedona Orange (840029CD1-ECM)",Books,Unknown,2.79,4.99,,580,FALSE,FALSE,FALSE,150,Available,https://images.pexels.com/photos/3650937/pexels-photo-3650937.jpeg,"Premium quality Five Star Spiral Notebook, 2 Subject, College Ruled, 9 1/2"" x 6"" 80 Sheets, Sedona Orange (840029CD1-ECM)"
B0CBG7WRWK,"Lined Journal Notebook, 3 Pack A5 College Ruled Notebooks for Work, Hardcover Notebook Each with 2 Pockets & Pen, Leather Journal for Women, Men, 160 Pages, 100GSM Thick Paper (Black, Brown, Grey)",Books,Unknown,59.99,59.99,,244,FALSE,FALSE,FALSE,154,Available,https://images.pexels.com/photos/574283/pexels-photo-574283.jpeg,"Premium quality Lined Journal Notebook, 3 Pack A5 College Ruled Notebooks for Work, Hardcover Notebook Each with 2 Pockets & Pen, Leather Journal for Women, Men, 160 Pages, 100GSM Thick Paper (Black, Brown, Grey)"
B0028N6PSS,"Mead Composition Notebooks, 12 Pack, Wide Ruled Paper, 9-3/4"" x 7-1/2"", 100 Sheets per Comp Book, Black Marble (72936)",Books,Unknown,20.95,83.29,,12354,TRUE,FALSE,FALSE,40,Available,https://images.pexels.com/photos/5861186/pexels-photo-5861186.jpeg,"Premium quality Mead Composition Notebooks, 12 Pack, Wide Ruled Paper, 9-3/4"" x 7-1/2"", 100 Sheets per Comp Book, Black Marble (72936)"
B0CZ6PW951,"Lined Spiral Journal Notebook for Women, A5 College Ruled Journals for Writing, Hardcover Notebooks for Work, Note taking and Office School Supplies,140 Pages - Purple",Books,Unknown,5.94,6.99,,335,FALSE,FALSE,FALSE,186,Available,https://images.pexels.com/photos/8729352/pexels-photo-8729352.jpeg,"Premium quality Lined Spiral Journal Notebook for Women, A5 College Ruled Journals for Writing, Hardcover Notebooks for Work, Note taking and Office School Supplies,140 Pages - Purple"
B07WFVVCLX,"Rocketbook Core Reusable Smart Notebook | Innovative, Eco-Friendly, Digitally Connected Notebook with Cloud Sharing Capabilities | Lined, 8.5"" x 11"", 36 Pg, Infinity Black",Fashion,Unknown,23.99,36.99,,28604,FALSE,FALSE,FALSE,293,Available,https://images.pexels.com/photos/4219040/pexels-photo-4219040.jpeg,"Premium quality Rocketbook Core Reusable Smart Notebook | Innovative, Eco-Friendly, Digitally Connected Notebook with Cloud Sharing Capabilities | Lined, 8.5"" x 11"", 36 Pg, Infinity Black"
B07DPLK7RL,"Five Star Spiral Notebook + Study App, 3 Subject, College Ruled Paper, Fights Ink Bleed, Water Resistant Cover, 8-1/2"" x 11"", 150 Sheets, Purple (38746)",Books,Unknown,4.78,9.99,,8281,FALSE,FALSE,FALSE,108,Available,https://images.pexels.com/photos/574283/pexels-photo-574283.jpeg,"Premium quality Five Star Spiral Notebook + Study App, 3 Subject, College Ruled Paper, Fights Ink Bleed, Water Resistant Cover, 8-1/2"" x 11"", 150 Sheets, Purple (38746)"
B0B7DQ3R84,"Lined Journal Notebook, 200 Pages, Leather Hardcover Notebooks, A5 College Ruled Thick Classic with Pen Loop Notebook Journals for Writing, for Women Men Office School, 5.75'' X 8.38'', Brown",Books,Unknown,7.99,7.99,,1373,FALSE,FALSE,FALSE,33,Available,https://images.pexels.com/photos/8250997/pexels-photo-8250997.jpeg,"Premium quality Lined Journal Notebook, 200 Pages, Leather Hardcover Notebooks, A5 College Ruled Thick Classic with Pen Loop Notebook Journals for Writing, for Women Men Office School, 5.75'' X 8.38'', Brown"
B08VF9B772,"Oxford Spiral Notebook, 1 Subject, College Ruled Paper, 8 x 10-1/2 Inch, Pastel Pink, Orange, Yellow, Green, Blue and Purple, 70 Sheets (63756), Set of 6",Books,Unknown,10.53,13.49,,7306,FALSE,FALSE,FALSE,261,Available,https://images.pexels.com/photos/8099385/pexels-photo-8099385.jpeg,"Premium quality Oxford Spiral Notebook, 1 Subject, College Ruled Paper, 8 x 10-1/2 Inch, Pastel Pink, Orange, Yellow, Green, Blue and Purple, 70 Sheets (63756), Set of 6"
B0CLVBLNQC,Aesthetic Thick Spiral Notebook Journal For Women in B5 Format - Modern Linen Hardcover College Ruled Note Book With 300 Lined Pages - Perfect For Writing And Staying Organized at Work or School,Books,Unknown,14.99,14.99,,603,FALSE,FALSE,FALSE,284,Available,https://images.pexels.com/photos/12561283/pexels-photo-12561283.jpeg,Premium quality Aesthetic Thick Spiral Notebook Journal For Women in B5 Format - Modern Linen Hardcover College Ruled Note Book With 300 Lined Pages - Perfect For Writing And Staying Organized at Work or School
B0CX1RDX77,"Lined Spiral Journal Notebook, A5 Hardcover Spiral Journals for Women Men, 150 Numbered Pages Spiral Bound Notebook, 100 GSM College Ruled Notebooks for Writing Note Taking 5.75"" x 8.38"", Olive Green",Books,Unknown,5.99,10.39,,163,FALSE,FALSE,FALSE,72,Available,https://images.pexels.com/photos/5861185/pexels-photo-5861185.jpeg,"Premium quality Lined Spiral Journal Notebook, A5 Hardcover Spiral Journals for Women Men, 150 Numbered Pages Spiral Bound Notebook, 100 GSM College Ruled Notebooks for Writing Note Taking 5.75"" x 8.38"", Olive Green"
B01E3UIR02,"Five Star Spiral Notebooks + Study App, 6 Pack, 1 Subject, Wide Ruled Paper, Fights Ink Bleed, Water Resistant Cover, 8-1/2"" x 10"", 100 Sheets, Black, Red, Yellow, Purple, Green, Blue (38042)",Books,Unknown,17.51,23.99,,2285,FALSE,FALSE,FALSE,111,Available,https://images.pexels.com/photos/4925628/pexels-photo-4925628.jpeg,"Premium quality Five Star Spiral Notebooks + Study App, 6 Pack, 1 Subject, Wide Ruled Paper, Fights Ink Bleed, Water Resistant Cover, 8-1/2"" x 10"", 100 Sheets, Black, Red, Yellow, Purple, Green, Blue (38042)"
B0CWS28VK1,"Five Star Spiral Notebooks + Study App, 4 Pack, 1 Subject, College Ruled Paper, 8-1/2"" x 11"", 100 Sheets, Purple, Pink, White, Green (820337-ECM)",Books,Unknown,14.99,14.99,,305,FALSE,FALSE,FALSE,283,Available,https://images.pexels.com/photos/8099385/pexels-photo-8099385.jpeg,"Premium quality Five Star Spiral Notebooks + Study App, 4 Pack, 1 Subject, College Ruled Paper, 8-1/2"" x 11"", 100 Sheets, Purple, Pink, White, Green (820337-ECM)"
B00TES8E7U,"Maruman MNEMOSYNE Notebook 11.69 x 8.66 Inches (A4), 7mm ruled 36-line, 70 Sheets (N199A), white",Books,Unknown,18.26,20.28,,333,FALSE,FALSE,FALSE,54,Available,https://images.pexels.com/photos/7034647/pexels-photo-7034647.jpeg,"Premium quality Maruman MNEMOSYNE Notebook 11.69 x 8.66 Inches (A4), 7mm ruled 36-line, 70 Sheets (N199A), white"
B09NS6VP4W,"SUIN Hardcover-Journal-Notebooks, 6 Packs A5 Lined Journals Notebook for Writing 200 Pages, 8.2 x 5.5 inch, 6 Colors Classic Ruled Notebooks for Work/Travel/College",Books,Unknown,36.99,39.96,,1106,FALSE,FALSE,FALSE,225,Available,https://images.pexels.com/photos/12039670/pexels-photo-12039670.jpeg,"Premium quality SUIN Hardcover-Journal-Notebooks, 6 Packs A5 Lined Journals Notebook for Writing 200 Pages, 8.2 x 5.5 inch, 6 Colors Classic Ruled Notebooks for Work/Travel/College"
B07CFN85RS,"Oxford Stone Paper Notebook, School Notebooks, Journal for Writing, 8-1/2"" x 11"", Blue Cover, 60 Sheets, 2 Pack (161646)",Books,Unknown,14.79,24.83,,5997,FALSE,FALSE,FALSE,100,Available,https://images.pexels.com/photos/3650937/pexels-photo-3650937.jpeg,"Premium quality Oxford Stone Paper Notebook, School Notebooks, Journal for Writing, 8-1/2"" x 11"", Blue Cover, 60 Sheets, 2 Pack (161646)"
B08ZDNBX2P,"LEUCHTTURM1917 The Official Bullet Journal Edition 2 - Notebook Built for BuJo, Medium A5 204 Pages of 120gsm Paper, with Bujo Pocket Guide (Black)",Books,Unknown,30.24,30.24,,1201,FALSE,FALSE,FALSE,69,Available,https://images.pexels.com/photos/8250997/pexels-photo-8250997.jpeg,"Premium quality LEUCHTTURM1917 The Official Bullet Journal Edition 2 - Notebook Built for BuJo, Medium A5 204 Pages of 120gsm Paper, with Bujo Pocket Guide (Black)"
B0D5DFGNXZ,"Spiral Notebook - Lined Journal Notebooks, 8.3'' x 6'', Classic Notebook with Thick Paper",Books,Unknown,2.49,3.99,,0,FALSE,FALSE,FALSE,21,Available,https://images.pexels.com/photos/15422314/pexels-photo-15422314.jpeg,"Premium quality Spiral Notebook - Lined Journal Notebooks, 8.3'' x 6'', Classic Notebook with Thick Paper"
8883707168,"Moleskine Classic Notebook, Soft Cover, Large (5"" x 8.25"") Ruled/Lined, Black, 192 pages",Beauty,Unknown,10.11,20.08,,26578,FALSE,FALSE,FALSE,73,Available,https://images.pexels.com/photos/627530/pexels-photo-627530.jpeg,"Premium quality Moleskine Classic Notebook, Soft Cover, Large (5"" x 8.25"") Ruled/Lined, Black, 192 pages"
B09FG45HFT,"Yansanido Spiral Notebook, 4 Pcs 8.3 Inch x 5.9 Inch A5 Thick Plastic Hardcover 7mm College Ruled 4 Color 80 Sheets -160 Pages Journals for Study and Notes (4)",Books,Unknown,9.99,12.99,,2335,FALSE,FALSE,FALSE,125,Available,https://images.pexels.com/photos/8099385/pexels-photo-8099385.jpeg,"Premium quality Yansanido Spiral Notebook, 4 Pcs 8.3 Inch x 5.9 Inch A5 Thick Plastic Hardcover 7mm College Ruled 4 Color 80 Sheets -160 Pages Journals for Study and Notes (4)"
B096WJ89YR,LEUCHTTURM1917-120G Special Edition - Medium A5 Ruled Hardcover Notebook (Black) - 203 Numbered Pages with 120gsm Paper,Books,Unknown,28.95,28.95,,1663,FALSE,FALSE,FALSE,279,Available,https://images.pexels.com/photos/9291615/pexels-photo-9291615.jpeg,Premium quality LEUCHTTURM1917-120G Special Edition - Medium A5 Ruled Hardcover Notebook (Black) - 203 Numbered Pages with 120gsm Paper
B09BBGMLK2,"PAPERAGE 6-Pack Composition Notebook Journals, 120 Pages, Kraft Cover with Jewel Tone Spines, College Ruled Lined Paper, Small Size (8 in x 5.75 in) – For Home, Office or School Supplies",Home,Unknown,15.95,15.95,,2582,FALSE,FALSE,FALSE,210,Available,https://images.pexels.com/photos/8947463/pexels-photo-8947463.jpeg,"Premium quality PAPERAGE 6-Pack Composition Notebook Journals, 120 Pages, Kraft Cover with Jewel Tone Spines, College Ruled Lined Paper, Small Size (8 in x 5.75 in) – For Home, Office or School Supplies"
B079ZT467D,"Moleskine Cahier Journal, Soft Cover, XL (7.5"" x 9.5"") Dotted, Black, 120 Pages (Set of 3)",Beauty,Unknown,22.11,22.11,,19074,FALSE,FALSE,FALSE,237,Available,https://images.pexels.com/photos/15422314/pexels-photo-15422314.jpeg,"Premium quality Moleskine Cahier Journal, Soft Cover, XL (7.5"" x 9.5"") Dotted, Black, 120 Pages (Set of 3)"
B0C2H791FH,"Forvencer Lined Spiral Journal Notebook with 300 Numbered Pages, B5 College Ruled Thick Journals for Writing with 100GSM Paper, Hardcover Notebooks with Contents for Work, School, Women, Men, Black",Books,Unknown,14.99,14.99,,1716,FALSE,FALSE,FALSE,63,Available,https://images.pexels.com/photos/273034/pexels-photo-273034.jpeg,"Premium quality Forvencer Lined Spiral Journal Notebook with 300 Numbered Pages, B5 College Ruled Thick Journals for Writing with 100GSM Paper, Hardcover Notebooks with Contents for Work, School, Women, Men, Black"
B0D2WKR2S8,Aesthetic Spiral Notebook Set of 2 For Women and Men - Cute College Ruled 8x6 Bible Study Journal/Notebook with Pockets And Lined Pages - Perfect A5 Supplies to Stay Organized at Work or School,Books,Unknown,7.99,7.99,,98,FALSE,FALSE,FALSE,181,Available,https://images.pexels.com/photos/4143556/pexels-photo-4143556.jpeg,Premium quality Aesthetic Spiral Notebook Set of 2 For Women and Men - Cute College Ruled 8x6 Bible Study Journal/Notebook with Pockets And Lined Pages - Perfect A5 Supplies to Stay Organized at Work or School
B018R4I7A0,"LEUCHTTURM1917 - Notebook Hardcover Medium A5-251 Numbered Pages for Writing and Journaling (Army, Dotted)",Books,Unknown,25.5,25.5,,36631,FALSE,FALSE,FALSE,221,Available,https://images.pexels.com/photos/5861186/pexels-photo-5861186.jpeg,"Premium quality LEUCHTTURM1917 - Notebook Hardcover Medium A5-251 Numbered Pages for Writing and Journaling (Army, Dotted)"
B0C2PW1Z2B,Beautiful Daily Planner And Notebook With Hourly Schedule - Aesthetic Spiral To do List Notepad to Easily Organize Your Tasks And Appointments - Stylish Book And School Or Office Supplies For Women,Books,Unknown,13.99,19.99,,568,FALSE,FALSE,FALSE,289,Available,https://images.pexels.com/photos/159865/notepad-pencil-green-black-159865.jpeg,Premium quality Beautiful Daily Planner And Notebook With Hourly Schedule - Aesthetic Spiral To do List Notepad to Easily Organize Your Tasks And Appointments - Stylish Book And School Or Office Supplies For Women
B07RTZY71C,"PAPERAGE Lined Pocket Journal Notebook, 2 Pack, (Black), 160 Pages, Small Notebook, 3.6 inches x 5.6 inches - 100 gsm Thick Paper, Hardcover",Books,Unknown,9.95,11.95,,6297,FALSE,FALSE,FALSE,290,Available,https://images.pexels.com/photos/27608025/pexels-photo-27608025.jpeg,"Premium quality PAPERAGE Lined Pocket Journal Notebook, 2 Pack, (Black), 160 Pages, Small Notebook, 3.6 inches x 5.6 inches - 100 gsm Thick Paper, Hardcover"
B0C21BWVTT,"HP 250 G9 15.6"" Notebook - Full HD - 1920 x 1080 - Intel Core i5 12th Gen i5-1235U Deca-core (10 Core) 1.30 GHz - 16 GB Total RAM - 512 GB SSD",Electronics,Unknown,470,699,,2,FALSE,FALSE,FALSE,234,Available,https://images.pexels.com/photos/159682/spring-notebook-book-perspective-159682.jpeg,"Premium quality HP 250 G9 15.6"" Notebook - Full HD - 1920 x 1080 - Intel Core i5 12th Gen i5-1235U Deca-core (10 Core) 1.30 GHz - 16 GB Total RAM - 512 GB SSD"
B000Q67J66,The Notebook,Books,Unknown,9.99,9.99,,13550,FALSE,FALSE,FALSE,271,Available,https://images.pexels.com/photos/8263072/pexels-photo-8263072.jpeg,Premium quality The Notebook
B0091GBD00,"Midori 15003006 MD Notebook, A5, Grid Ruled",Books,Unknown,14.99,14.99,,3302,FALSE,FALSE,FALSE,209,Available,https://images.pexels.com/photos/159682/spring-notebook-book-perspective-159682.jpeg,"Premium quality Midori 15003006 MD Notebook, A5, Grid Ruled"
B0B975R4VK,"SUNEE 3 Pack Spiral Notebook - A5 Lined Journal Notebook, 120gsm Thick Paper, College Ruled, Giftable Journal for Study and Notes 80 Sheets, 5.7"" x 8.3"", Blue, Pink, Transparent",Home,Unknown,14.99,14.99,,1646,FALSE,FALSE,FALSE,232,Available,https://images.pexels.com/photos/5712509/pexels-photo-5712509.jpeg,"Premium quality SUNEE 3 Pack Spiral Notebook - A5 Lined Journal Notebook, 120gsm Thick Paper, College Ruled, Giftable Journal for Study and Notes 80 Sheets, 5.7"" x 8.3"", Blue, Pink, Transparent"
B08Q7WHXC3,"EMSHOI Lined Journal Spiral Notebook 5.7"" x 8.22"" - 4 Pack 640 Pages 100gsm Thick Paper, A5 Small Notebooks College Ruled, Plastic Hardcover Journals for Writing Women Men Work School Supplies",Books,Unknown,16.99,16.99,,771,FALSE,FALSE,FALSE,227,Available,https://images.pexels.com/photos/27608025/pexels-photo-27608025.jpeg,"Premium quality EMSHOI Lined Journal Spiral Notebook 5.7"" x 8.22"" - 4 Pack 640 Pages 100gsm Thick Paper, A5 Small Notebooks College Ruled, Plastic Hardcover Journals for Writing Women Men Work School Supplies"
B07145M2T4,"Five Star Spiral Notebooks, 6 Pack, Fat Lil' Pocket Notebooks, College Ruled Paper, 3-1/2"" x 5-1/2"", Small, 200 Sheets, Purple, Orange, Green, Blue, Gray, Black (38027)",Books,Unknown,16.99,16.99,,7459,FALSE,FALSE,FALSE,256,Available,https://images.pexels.com/photos/8250997/pexels-photo-8250997.jpeg,"Premium quality Five Star Spiral Notebooks, 6 Pack, Fat Lil' Pocket Notebooks, College Ruled Paper, 3-1/2"" x 5-1/2"", Small, 200 Sheets, Purple, Orange, Green, Blue, Gray, Black (38027)"
B0CPHRF7WW,"Five Star Spiral Notebooks + Study App, 2 Pack, 1 Subject, College Ruled Paper, 11"" x 8-1/2"", 80 Sheets, Soft Petals (820331F-ECM)",Books,Unknown,11.55,11.55,,187,FALSE,FALSE,FALSE,72,Available,https://images.pexels.com/photos/4143556/pexels-photo-4143556.jpeg,"Premium quality Five Star Spiral Notebooks + Study App, 2 Pack, 1 Subject, College Ruled Paper, 11"" x 8-1/2"", 80 Sheets, Soft Petals (820331F-ECM)"
B00I6XY068,MUJI Notebook B5 6mm Rule 30sheets - Pack of 5books [5colors Binding],Books,Unknown,9.49,9.99,,1815,FALSE,FALSE,FALSE,299,Available,https://images.pexels.com/photos/35972719/pexels-photo-35972719.jpeg,Premium quality MUJI Notebook B5 6mm Rule 30sheets - Pack of 5books [5colors Binding]
B0D7GVVRRM,"Lined Spiral Notebook Journal for Work, 300 Pages Thick B5 (7.1""x10"") College Ruled Journal for Women & Writing, Hardcover Notebook for Note Taking, Perfect for Office Home School Supplies, Newest, Purple",Home,Unknown,9.99,9.99,,60,FALSE,FALSE,FALSE,236,Available,https://images.pexels.com/photos/7439131/pexels-photo-7439131.jpeg,"Premium quality Lined Spiral Notebook Journal for Work, 300 Pages Thick B5 (7.1""x10"") College Ruled Journal for Women & Writing, Hardcover Notebook for Note Taking, Perfect for Office Home School Supplies, Newest, Purple"
B0C5JCJ8JZ,"KOKUYO Campus Spiral Notebook, 10-1/2” x 8”, College Ruled, 80 Sheets (160 pages), Bleed Resistant, Pack of 3 Colors - Pink, Sky Blue, Green, Made in Japan (WSG-SU-400G1×3)",Books,Unknown,14.75,14.75,,261,FALSE,FALSE,FALSE,271,Available,https://images.pexels.com/photos/3650937/pexels-photo-3650937.jpeg,"Premium quality KOKUYO Campus Spiral Notebook, 10-1/2” x 8”, College Ruled, 80 Sheets (160 pages), Bleed Resistant, Pack of 3 Colors - Pink, Sky Blue, Green, Made in Japan (WSG-SU-400G1×3)"
B0DJSYVYDX,"ACEMAGIC 2024 Newest Gaming Laptop, 16.1-inch FHD Display Laptop with AMD Ryzen 7 5825U Processor(8C/16T), 16GB RAM 512GB ROM Laptop Computer, Support WiFi 6, 53Wh Battery, with Backlit Keyboard",Electronics,Unknown,599.99,1699.99,,28,FALSE,FALSE,FALSE,207,Available,https://images.pexels.com/photos/8532766/pexels-photo-8532766.jpeg,"Premium quality ACEMAGIC 2024 Newest Gaming Laptop, 16.1-inch FHD Display Laptop with AMD Ryzen 7 5825U Processor(8C/16T), 16GB RAM 512GB ROM Laptop Computer, Support WiFi 6, 53Wh Battery, with Backlit Keyboard"
B0CRDCXRK2,"ASUS ROG Strix G16 (2024) Gaming Laptop, 16” 16:10 FHD 165Hz Display, NVIDIA® GeForce RTX™ 4060, Intel Core i7-13650HX, 16GB DDR5, 1TB PCIe Gen4 SSD, Wi-Fi 6E, Windows 11, G614JV-AS74",Electronics,Unknown,1283.26,1399.99,,1418,FALSE,FALSE,FALSE,60,Available,https://images.pexels.com/photos/10655906/pexels-photo-10655906.jpeg,"Premium quality ASUS ROG Strix G16 (2024) Gaming Laptop, 16” 16:10 FHD 165Hz Display, NVIDIA® GeForce RTX™ 4060, Intel Core i7-13650HX, 16GB DDR5, 1TB PCIe Gen4 SSD, Wi-Fi 6E, Windows 11, G614JV-AS74"
B0DKJM6L2L,"Gaming Laptop AMD Ryzen 7 5825U(8C/16T), Radeon RX Vega 8 Graphics,16.1“FHD Display,16GB DDR4 512GB NVMe SSD Laptop Computer with Backlit KB,Type_C (Full Function),WiFi 6, 53Wh Battery",Electronics,Unknown,599.99,1699.99,,2,FALSE,FALSE,FALSE,176,Available,https://images.pexels.com/photos/11129922/pexels-photo-11129922.jpeg,"Premium quality Gaming Laptop AMD Ryzen 7 5825U(8C/16T), Radeon RX Vega 8 Graphics,16.1“FHD Display,16GB DDR4 512GB NVMe SSD Laptop Computer with Backlit KB,Type_C (Full Function),WiFi 6, 53Wh Battery"
B0DFLKH5FK,"AOC Gaming Laptop, 16.1” FHD Display, AMD Ryzen 7 5825U Octa-Core CPU, 16GB RAM 512GB SSD, Windows 11 Laptop Computer, Wi-Fi 6, Backlit Keyboard, HDMI, USB3.2, Type-C, 53Wh Battery, Metal Shell",Electronics,Unknown,599.99,1699.99,,6,FALSE,FALSE,FALSE,34,Available,https://images.pexels.com/photos/265144/pexels-photo-265144.jpeg,"Premium quality AOC Gaming Laptop, 16.1” FHD Display, AMD Ryzen 7 5825U Octa-Core CPU, 16GB RAM 512GB SSD, Windows 11 Laptop Computer, Wi-Fi 6, Backlit Keyboard, HDMI, USB3.2, Type-C, 53Wh Battery, Metal Shell"
B0DFB87RLW,"ACEMAGIC 2024 Newest Gaming Laptop, 16.1-inch FHD Display Laptop with AMD Ryzen 7 5825U Processor(8C/16T) with Backlit Keyboard,16GB DDR4 512GB M.2 2280 NVMe SSD Laptop Computer,Type-C USB3.2",Electronics,Unknown,565,1699.99,,190,FALSE,FALSE,FALSE,84,Available,https://images.pexels.com/photos/20432893/pexels-photo-20432893.jpeg,"Premium quality ACEMAGIC 2024 Newest Gaming Laptop, 16.1-inch FHD Display Laptop with AMD Ryzen 7 5825U Processor(8C/16T) with Backlit Keyboard,16GB DDR4 512GB M.2 2280 NVMe SSD Laptop Computer,Type-C USB3.2"
B0DJT5KFGY,"ACEMAGIC Gaming Laptop AMD Ryzen 7 5825U Laptop 16GB DDR4 (2 * 8GB, Dual Channel) 512GB M.2 2280 NVMe SSD Windows Laptop 16.1-inch IPS WIFI6 Mini Laptop",Electronics,Unknown,599.99,1599.99,,8,FALSE,FALSE,FALSE,28,Available,https://images.pexels.com/photos/7241679/pexels-photo-7241679.jpeg,"Premium quality ACEMAGIC Gaming Laptop AMD Ryzen 7 5825U Laptop 16GB DDR4 (2 * 8GB, Dual Channel) 512GB M.2 2280 NVMe SSD Windows Laptop 16.1-inch IPS WIFI6 Mini Laptop"
B0D845LL5R,"HP Victus 15.6 i5 Gaming Laptop, 15.6"" FHD 1920*1080 144Hz, Intel Core i5-12450H, NVIDIA GeForce RTX 3050, 32GB RAM, 1TB SSD, Backlit KB, Touchpad, SD Card Reader, Webcam, HDMI, Wi-Fi 6, W11 H, Blue",Electronics,Unknown,660,700,,20,FALSE,FALSE,FALSE,148,Available,https://images.pexels.com/photos/3747070/pexels-photo-3747070.jpeg,"Premium quality HP Victus 15.6 i5 Gaming Laptop, 15.6"" FHD 1920*1080 144Hz, Intel Core i5-12450H, NVIDIA GeForce RTX 3050, 32GB RAM, 1TB SSD, Backlit KB, Touchpad, SD Card Reader, Webcam, HDMI, Wi-Fi 6, W11 H, Blue"
B0CXY573W9,"Acer Nitro V Gaming Laptop | AMD Ryzen 7 8845HS Octa-Core AI Capable Processor | NVIDIA GeForce RTX 4060 Laptop GPU | 16"" WUXGA IPS 165Hz Display | 16GB DDR5 | 1TB Gen 4 SSD | Wi-Fi 6E | ANV16-41-R5J0",Electronics,Unknown,954.99,954.99,,458,FALSE,FALSE,FALSE,155,Available,https://images.pexels.com/photos/265144/pexels-photo-265144.jpeg,"Premium quality Acer Nitro V Gaming Laptop | AMD Ryzen 7 8845HS Octa-Core AI Capable Processor | NVIDIA GeForce RTX 4060 Laptop GPU | 16"" WUXGA IPS 165Hz Display | 16GB DDR5 | 1TB Gen 4 SSD | Wi-Fi 6E | ANV16-41-R5J0"
B0CX27GY7N,"Acer Predator Helios Neo 16 Gaming Laptop | Intel Core i7-13650HX | NVIDIA GeForce RTX 4060 | 16"" WUXGA 1920 x 1200 165Hz G-SYNC Display | 16GB DDR5 | 512GB Gen 4 SSD | Killer Wi-Fi 6E | PHN16-71-76H5",Electronics,Unknown,999.99,1149.99,,1943,FALSE,FALSE,FALSE,82,Available,https://images.pexels.com/photos/5793947/pexels-photo-5793947.jpeg,"Premium quality Acer Predator Helios Neo 16 Gaming Laptop | Intel Core i7-13650HX | NVIDIA GeForce RTX 4060 | 16"" WUXGA 1920 x 1200 165Hz G-SYNC Display | 16GB DDR5 | 512GB Gen 4 SSD | Killer Wi-Fi 6E | PHN16-71-76H5"
B0CP8D4SM2,"Acer Nitro V Gaming Laptop | Intel Core i5-13420H Processor | NVIDIA GeForce RTX 4050 Laptop GPU | 15.6"" FHD IPS 144Hz Display | 8GB DDR5 | 512GB Gen 4 SSD | WiFi 6 | Backlit KB | ANV15-51-51H9",Electronics,Unknown,741.5,779.99,,1166,FALSE,FALSE,FALSE,158,Available,https://images.pexels.com/photos/6372819/pexels-photo-6372819.jpeg,"Premium quality Acer Nitro V Gaming Laptop | Intel Core i5-13420H Processor | NVIDIA GeForce RTX 4050 Laptop GPU | 15.6"" FHD IPS 144Hz Display | 8GB DDR5 | 512GB Gen 4 SSD | WiFi 6 | Backlit KB | ANV15-51-51H9"
B0DDW3GQ1C,"HP Victus 15.6"" 144Hz FHD Gaming Laptop,AMD Ryzen 5 7535HS,16GB DDR5 RAM,512GB SSD,AMD Radeon RX 6550M,Beats RTX 2050,Backlit Keyboard,Windows11 Pro, Mica Silver",Electronics,Unknown,59.99,59.99,,67,FALSE,FALSE,FALSE,100,Available,https://images.pexels.com/photos/19935029/pexels-photo-19935029.jpeg,"Premium quality HP Victus 15.6"" 144Hz FHD Gaming Laptop,AMD Ryzen 5 7535HS,16GB DDR5 RAM,512GB SSD,AMD Radeon RX 6550M,Beats RTX 2050,Backlit Keyboard,Windows11 Pro, Mica Silver"
B0DHC8NZND,"Gaming Laptop, 15.6 Inch Laptops, Laptop Computer 16GB RAM 512GB SSD N5095 Laptops, 180 Angle Opening Fingerprint Unlock Backlit Keyboard, 1920X1080 FHD IPS WiFi MINI-HDMI For School Students Business",Electronics,Unknown,299.99,299.99,,4,FALSE,FALSE,FALSE,182,Available,https://images.pexels.com/photos/5474290/pexels-photo-5474290.jpeg,"Premium quality Gaming Laptop, 15.6 Inch Laptops, Laptop Computer 16GB RAM 512GB SSD N5095 Laptops, 180 Angle Opening Fingerprint Unlock Backlit Keyboard, 1920X1080 FHD IPS WiFi MINI-HDMI For School Students Business"
B0D33T6F9C,"MSI Thin 15 15.6” 144Hz FHD Gaming Laptop: Intel Core i5-12450H, NVIDIA Geforce RTX 2050, 16GB DDR5, 512GB NVMe SSD, Cooler Boost 5, Win 11: Black B13UCX-2041US",Electronics,Unknown,589.99,589.99,,1894,FALSE,FALSE,FALSE,280,Available,https://images.pexels.com/photos/15399855/pexels-photo-15399855.jpeg,"Premium quality MSI Thin 15 15.6” 144Hz FHD Gaming Laptop: Intel Core i5-12450H, NVIDIA Geforce RTX 2050, 16GB DDR5, 512GB NVMe SSD, Cooler Boost 5, Win 11: Black B13UCX-2041US"
B0D9LL87F4,"Lenovo Thinkbook 16 Ultra 7 155H Premium Laptop Computer Intel 16-Core 16"" FHD 32GB DDR5 1TB SSD Arc Graphics Backlit Keyboard Thunderbolt Win 11 Pro NPU AI Experience Copilot Business Laptop AZXUT",Electronics,Unknown,999,999,,31,FALSE,FALSE,FALSE,250,Available,https://images.pexels.com/photos/11129922/pexels-photo-11129922.jpeg,"Premium quality Lenovo Thinkbook 16 Ultra 7 155H Premium Laptop Computer Intel 16-Core 16"" FHD 32GB DDR5 1TB SSD Arc Graphics Backlit Keyboard Thunderbolt Win 11 Pro NPU AI Experience Copilot Business Laptop AZXUT"
B0DF2GQ7WF,"2 in 1 Laptop Touchscreen, 14 Inch Tablet Laptop Computer, Intel 12th Gen N100 Processor, 16GB DDR5 RAM, 512GB SSD, 1920 x 1200, Wi-Fi 6, BT5.2, Backlit Keyboard",Electronics,Unknown,439.99,439.99,,14,FALSE,FALSE,FALSE,60,Available,https://images.pexels.com/photos/7241679/pexels-photo-7241679.jpeg,"Premium quality 2 in 1 Laptop Touchscreen, 14 Inch Tablet Laptop Computer, Intel 12th Gen N100 Processor, 16GB DDR5 RAM, 512GB SSD, 1920 x 1200, Wi-Fi 6, BT5.2, Backlit Keyboard"
B0DFH33VKD,"AOC Newest 15.6"" Laptop, Intel Quad-Core Processor (Up to 3.6GHz), 16GB RAM, 512GB SSD, Windows 11 Laptops Computer, FHD Screen, Webcam, Light&Thin, Metal Shell, HDMI, Type-C, USB3.2 (2024 Flagship)",Electronics,Unknown,363.98,1399.99,,23,FALSE,FALSE,TRUE,47,Available,https://images.pexels.com/photos/13736497/pexels-photo-13736497.jpeg,"Premium quality AOC Newest 15.6"" Laptop, Intel Quad-Core Processor (Up to 3.6GHz), 16GB RAM, 512GB SSD, Windows 11 Laptops Computer, FHD Screen, Webcam, Light&Thin, Metal Shell, HDMI, Type-C, USB3.2 (2024 Flagship)"
B0CWJZ8HRZ,"ASUS Vivobook S 14 OLED Laptop, Intel Core Ultra 9 185H, 16GB, 1TB SSD, Neutral Black, S5406MA-AS96, Intel Evo Edition",Electronics,Unknown,849.99,899.99,,29,FALSE,FALSE,FALSE,154,Available,https://images.pexels.com/photos/9263102/pexels-photo-9263102.jpeg,"Premium quality ASUS Vivobook S 14 OLED Laptop, Intel Core Ultra 9 185H, 16GB, 1TB SSD, Neutral Black, S5406MA-AS96, Intel Evo Edition"
B0CBD1MPPQ,"Lenovo ThinkPad X1 Carbon Gen 11 21HM000JUS 14"" Touchscreen Ultrabook - WUXGA - 1920 x 1200 - Intel Core i7 13th Gen i7-1355U Deca-core (10 Core) - Intel Evo Platform - 16 GB Total RAM - 16 GB",Books,Unknown,59.99,59.99,,4,FALSE,FALSE,FALSE,220,Available,https://images.pexels.com/photos/8762862/pexels-photo-8762862.jpeg,"Premium quality Lenovo ThinkPad X1 Carbon Gen 11 21HM000JUS 14"" Touchscreen Ultrabook - WUXGA - 1920 x 1200 - Intel Core i7 13th Gen i7-1355U Deca-core (10 Core) - Intel Evo Platform - 16 GB Total RAM - 16 GB"
B0C4YKD321,"2023 Model 15.6"" Full HD Windows 11 Home S Laptop - 8GB RAM 512GB SSD, AC WiFi, RJ45, Integrated Webcam - S15 N2 15 Inch Lightweight Laptop",Electronics,Unknown,199.99,199.99,,1292,FALSE,FALSE,FALSE,287,Available,https://images.pexels.com/photos/5474290/pexels-photo-5474290.jpeg,"Premium quality 2023 Model 15.6"" Full HD Windows 11 Home S Laptop - 8GB RAM 512GB SSD, AC WiFi, RJ45, Integrated Webcam - S15 N2 15 Inch Lightweight Laptop"
B0CQ3RRS23,"SAMSUNG 14"" Galaxy Book4 Pro Laptop PC Computer, Intel Core 7 Ultra Processor 512GB, 3K AMOLED (2880 x 1800) Touchscreen, Advanced Security, 2024 Model, NP940XGK-KG1US, Moonstone Gray",Electronics,Unknown,1262.99,1449.99,,26,FALSE,FALSE,FALSE,52,Available,https://images.pexels.com/photos/5474290/pexels-photo-5474290.jpeg,"Premium quality SAMSUNG 14"" Galaxy Book4 Pro Laptop PC Computer, Intel Core 7 Ultra Processor 512GB, 3K AMOLED (2880 x 1800) Touchscreen, Advanced Security, 2024 Model, NP940XGK-KG1US, Moonstone Gray"
B0BTQWR77M,"Acer Swift Go Intel Evo Thin & Light Premium Laptop 14"" 1920x1200 100% sRGB Touch Screen Display Intel Core i7-1355U Intel Iris Xe 16GB LPDDR5 512GB Gen 4 SSD SFG14-71T-72QV",Electronics,Unknown,599.99,599.99,,300,FALSE,FALSE,FALSE,67,Available,https://images.pexels.com/photos/5474290/pexels-photo-5474290.jpeg,"Premium quality Acer Swift Go Intel Evo Thin & Light Premium Laptop 14"" 1920x1200 100% sRGB Touch Screen Display Intel Core i7-1355U Intel Iris Xe 16GB LPDDR5 512GB Gen 4 SSD SFG14-71T-72QV"
B0CWJ642YM,"ASUS Vivobook 16” WUXGA Laptop, Intel Core i5-1235U, Intel Iris Xe Graphics, 16GB Memory, 512GB SSD, Cool Silver, F1605ZA-AS56",Electronics,Unknown,535.99,535.99,,39,FALSE,FALSE,FALSE,81,Available,https://images.pexels.com/photos/6611936/pexels-photo-6611936.jpeg,"Premium quality ASUS Vivobook 16” WUXGA Laptop, Intel Core i5-1235U, Intel Iris Xe Graphics, 16GB Memory, 512GB SSD, Cool Silver, F1605ZA-AS56"
B0CBD3P8LJ,"Lenovo ThinkPad X1 Carbon Gen 11 21HM000GUS 14"" Ultrabook - WUXGA - 1920 x 1200 - Intel Core i5 13th Gen i5-1335U Deca-core (10 Core) - Intel Evo Platform - 16 GB Total RAM - 16 GB On-Board Memory -",Books,Unknown,1239,1719,,0,FALSE,FALSE,FALSE,235,Available,https://images.pexels.com/photos/18134314/pexels-photo-18134314.jpeg,"Premium quality Lenovo ThinkPad X1 Carbon Gen 11 21HM000GUS 14"" Ultrabook - WUXGA - 1920 x 1200 - Intel Core i5 13th Gen i5-1335U Deca-core (10 Core) - Intel Evo Platform - 16 GB Total RAM - 16 GB On-Board Memory -"
B0C8HZQK89,"ANTEMPER 14.1 Inch Windows 11 Laptop Computer, 256GB SSD 8GB RAM, Intel Celeron N4020C(up to 2.8GHz), Full HD 1920x1080 Laptops, Mini HDMI, USB3.0, Webcam, TF Card, Type-c, 5000mAh Battery, Gray",Electronics,Unknown,229.49,229.49,,52,FALSE,FALSE,FALSE,118,Available,https://images.pexels.com/photos/13736497/pexels-photo-13736497.jpeg,"Premium quality ANTEMPER 14.1 Inch Windows 11 Laptop Computer, 256GB SSD 8GB RAM, Intel Celeron N4020C(up to 2.8GHz), Full HD 1920x1080 Laptops, Mini HDMI, USB3.0, Webcam, TF Card, Type-c, 5000mAh Battery, Gray"
B0CG2PZR8R,"Lenovo ThinkPad E16 Business Laptop, 16"" WUXGA Display, AMD Ryzen 5 7530U (Beat i7-1165G7), 24GB RAM, 1TB PCIe SSD, Webcam, HDMI, RJ-45, Fingerprint Reader, Wi-Fi 6, Windows 11 Pro, Black",Electronics,Unknown,679,679,,125,FALSE,FALSE,FALSE,191,Available,https://images.pexels.com/photos/8532766/pexels-photo-8532766.jpeg,"Premium quality Lenovo ThinkPad E16 Business Laptop, 16"" WUXGA Display, AMD Ryzen 5 7530U (Beat i7-1165G7), 24GB RAM, 1TB PCIe SSD, Webcam, HDMI, RJ-45, Fingerprint Reader, Wi-Fi 6, Windows 11 Pro, Black"
B07YNK3H6P,"Microsoft Surface Laptop 3 – 13.5"" Touch-Screen – Intel Core i7 - 16GB Memory - 256GB Solid State Drive – Matte Black",Electronics,Unknown,799,799,,557,FALSE,FALSE,FALSE,233,Available,https://images.pexels.com/photos/11129922/pexels-photo-11129922.jpeg,"Premium quality Microsoft Surface Laptop 3 – 13.5"" Touch-Screen – Intel Core i7 - 16GB Memory - 256GB Solid State Drive – Matte Black"
B093TK1PXF,"Acer Swift X SFX14-41G-R1S6 Creator Laptop | 14"" Full HD 100% sRGB | AMD Ryzen 7 5800U | NVIDIA RTX 3050Ti GPU | 16GB LPDDR4X | 512GB SSD | Wi-Fi 6 | Backlit KB | Amazon Alexa | Windows 10 Home",Electronics,Unknown,996.29,1069.99,,808,FALSE,FALSE,FALSE,54,Available,https://images.pexels.com/photos/13736497/pexels-photo-13736497.jpeg,"Premium quality Acer Swift X SFX14-41G-R1S6 Creator Laptop | 14"" Full HD 100% sRGB | AMD Ryzen 7 5800U | NVIDIA RTX 3050Ti GPU | 16GB LPDDR4X | 512GB SSD | Wi-Fi 6 | Backlit KB | Amazon Alexa | Windows 10 Home"
B09TPTNZLG,"ASUS ZenBook Pro Duo 15 UX582 Laptop, 15.6” OLED 4K Touch Display, i7-12700H, 16GB, 1TB, GeForce RTX 3070 Ti, ScreenPad Plus, Windows 11 Home, Celestial Blue, UX582ZW-AB76T",Electronics,Unknown,2488.97,2488.97,,324,FALSE,FALSE,FALSE,246,Available,https://images.pexels.com/photos/29249664/pexels-photo-29249664.jpeg,"Premium quality ASUS ZenBook Pro Duo 15 UX582 Laptop, 15.6” OLED 4K Touch Display, i7-12700H, 16GB, 1TB, GeForce RTX 3070 Ti, ScreenPad Plus, Windows 11 Home, Celestial Blue, UX582ZW-AB76T"
B0D3GWGB66,"HP Stream 14"" HD BrightView Laptop, Intel Celeron N4120, 16GB RAM, 256GB Storage (128GB eMMC + 128GB USB Card), Intel UHD Graphics, HD Camera, Fast Charge, 1 Year Office 365, Win 11 S, Gold",Electronics,Unknown,268,298,,433,FALSE,FALSE,FALSE,120,Available,https://images.pexels.com/photos/20432893/pexels-photo-20432893.jpeg,"Premium quality HP Stream 14"" HD BrightView Laptop, Intel Celeron N4120, 16GB RAM, 256GB Storage (128GB eMMC + 128GB USB Card), Intel UHD Graphics, HD Camera, Fast Charge, 1 Year Office 365, Win 11 S, Gold"
B0C4P29ZXH,"HP Premium Stream 14"" HD BrightView Laptop, Intel Celeron N4120, 16GB RAM, 64GB eMMC Storage, UHD Graphics, HD Webcam, 1 Year Office 365, Bluetooth, WiFi, HDMI, Win 11s, Pink, 32GB Hotface USB Card",Electronics,Unknown,309,309,,314,FALSE,FALSE,FALSE,150,Available,https://images.pexels.com/photos/13736497/pexels-photo-13736497.jpeg,"Premium quality HP Premium Stream 14"" HD BrightView Laptop, Intel Celeron N4120, 16GB RAM, 64GB eMMC Storage, UHD Graphics, HD Webcam, 1 Year Office 365, Bluetooth, WiFi, HDMI, Win 11s, Pink, 32GB Hotface USB Card"
B0CKW2H77V,"8 Inch Mini Laptop HD Touchscreen Portable 2-in-1 Small Computer, Windows 11 Pro Laptop for Business and Students,Intel N100 12GB LPDDR5 512GB M.2 SSD,Wi-Fi 6,BT5.2,2MP Camera,G-Sensor,HDMI,Type C",Electronics,Unknown,419,419,,101,FALSE,FALSE,FALSE,276,Available,https://images.pexels.com/photos/15399855/pexels-photo-15399855.jpeg,"Premium quality 8 Inch Mini Laptop HD Touchscreen Portable 2-in-1 Small Computer, Windows 11 Pro Laptop for Business and Students,Intel N100 12GB LPDDR5 512GB M.2 SSD,Wi-Fi 6,BT5.2,2MP Camera,G-Sensor,HDMI,Type C"
B0CNDX49H6,"acer Swift Go 14 Intel Evo Thin & Light Laptop | 14"" OLED 2880 x 1800 90Hz Display | Unlock AI Experiences | Intel Core Ultra 7 Processor 155H | Intel ARC | 16GB LPDDR5X | 1TB SSD | SFG14-72-72YK",Electronics,Unknown,799.99,999.99,,75,FALSE,FALSE,FALSE,24,Available,https://images.pexels.com/photos/6372819/pexels-photo-6372819.jpeg,"Premium quality acer Swift Go 14 Intel Evo Thin & Light Laptop | 14"" OLED 2880 x 1800 90Hz Display | Unlock AI Experiences | Intel Core Ultra 7 Processor 155H | Intel ARC | 16GB LPDDR5X | 1TB SSD | SFG14-72-72YK"
B0CFSBT85B,"HP Victus 15 Gaming Laptop, 15.6"" FHD 144Hz Display, AMD Ryzen 5 7535HS, 16GB DDR5 RAM, 512GB PCIe M.2 SSD, NVIDIA GeForce RTX 2050, HDMI, Webcam, Backlit Keyboard, Wi-Fi 6, Windows 11 Home, Silver",Electronics,Unknown,648.9,648.9,,917,FALSE,FALSE,FALSE,237,Available,https://images.pexels.com/photos/5793947/pexels-photo-5793947.jpeg,"Premium quality HP Victus 15 Gaming Laptop, 15.6"" FHD 144Hz Display, AMD Ryzen 5 7535HS, 16GB DDR5 RAM, 512GB PCIe M.2 SSD, NVIDIA GeForce RTX 2050, HDMI, Webcam, Backlit Keyboard, Wi-Fi 6, Windows 11 Home, Silver"
B0D9NKTJYM,"OTVOC Laptop 16 inch Windows 11, 12th Gen N95, Up to 3.4GHz, 16GB DDR5 RAM, 1TB PCIE NVME SSD, 16"" FHD IPS 1920x1200, 2.0MP, 2.4G+5G WiFi, BT 5.0, HDMI, RJ45, Type C, Gray",Electronics,Unknown,359.99,359.99,,5,FALSE,FALSE,FALSE,274,Available,https://images.pexels.com/photos/5793947/pexels-photo-5793947.jpeg,"Premium quality OTVOC Laptop 16 inch Windows 11, 12th Gen N95, Up to 3.4GHz, 16GB DDR5 RAM, 1TB PCIE NVME SSD, 16"" FHD IPS 1920x1200, 2.0MP, 2.4G+5G WiFi, BT 5.0, HDMI, RJ45, Type C, Gray"
B08CZT64VP,"Late 2019 Apple MacBook Pro with 2.6GHz Intel Core i7 (16-Inch, 16GB RAM, 512GB Storage) - Silver (Renewed)",Home,Unknown,59.99,59.99,,156,FALSE,FALSE,FALSE,226,Available,https://images.pexels.com/photos/5009160/pexels-photo-5009160.jpeg,"Premium quality Late 2019 Apple MacBook Pro with 2.6GHz Intel Core i7 (16-Inch, 16GB RAM, 512GB Storage) - Silver (Renewed)"
B0DF8ZVVH2,"Apple 2024 MacBook Air 13.6"" with M3 Chip, 256GB SSD, 8GB RAM, Touch ID + Apple 1 Year Limited Warranty (Midnight)",Electronics,Unknown,59.99,59.99,,0,FALSE,FALSE,FALSE,34,Available,https://images.pexels.com/photos/18134314/pexels-photo-18134314.jpeg,"Premium quality Apple 2024 MacBook Air 13.6"" with M3 Chip, 256GB SSD, 8GB RAM, Touch ID + Apple 1 Year Limited Warranty (Midnight)"
B0CM5KC8X7,"Apple 2023 MacBook Pro Laptop M3 chip with 8?core CPU, 10?core GPU: Built for Apple Intelligence, 14.2-inch Liquid Retina XDR Display, 8GB Unified Memory, 1TB SSD Storage; Space Gray",Electronics,Unknown,59.99,59.99,,454,FALSE,FALSE,TRUE,61,Available,https://images.pexels.com/photos/11129922/pexels-photo-11129922.jpeg,"Premium quality Apple 2023 MacBook Pro Laptop M3 chip with 8?core CPU, 10?core GPU: Built for Apple Intelligence, 14.2-inch Liquid Retina XDR Display, 8GB Unified Memory, 1TB SSD Storage; Space Gray"
B0BSHF7LLL,"Apple 2023 MacBook Pro Laptop with Apple M2 Pro chip with 12?core CPU and 19?core GPU: 16.2-inch Liquid Retina XDR Display, 16GB Unified Memory, 512GB SSD Storage. Works with iPhone/iPad; Silver",Electronics,Unknown,59.99,59.99,,409,FALSE,FALSE,FALSE,198,Available,https://images.pexels.com/photos/20432893/pexels-photo-20432893.jpeg,"Premium quality Apple 2023 MacBook Pro Laptop with Apple M2 Pro chip with 12?core CPU and 19?core GPU: 16.2-inch Liquid Retina XDR Display, 16GB Unified Memory, 512GB SSD Storage. Works with iPhone/iPad; Silver"
B0DLHJYRND,"Apple 2024 MacBook Pro Laptop with M4 Max, 16?core CPU, 40?core GPU: Built for Apple Intelligence, 16.2-inch Liquid Retina XDR Display, 48GB Unified Memory, 1TB SSD Storage; Silver",Electronics,Unknown,59.99,59.99,,0,FALSE,FALSE,FALSE,82,Available,https://images.pexels.com/photos/5793947/pexels-photo-5793947.jpeg,"Premium quality Apple 2024 MacBook Pro Laptop with M4 Max, 16?core CPU, 40?core GPU: Built for Apple Intelligence, 16.2-inch Liquid Retina XDR Display, 48GB Unified Memory, 1TB SSD Storage; Silver"
B08N5M7S6K,"2020 Apple MacBook Air Laptop: Apple M1 Chip, 13” Retina Display, 8GB RAM, 256GB SSD Storage, Backlit Keyboard, FaceTime HD Camera, Touch ID. Works with iPhone/iPad; Gold",Electronics,Unknown,59.99,59.99,,20779,FALSE,FALSE,FALSE,250,Available,https://images.pexels.com/photos/6893890/pexels-photo-6893890.jpeg,"Premium quality 2020 Apple MacBook Air Laptop: Apple M1 Chip, 13” Retina Display, 8GB RAM, 256GB SSD Storage, Backlit Keyboard, FaceTime HD Camera, Touch ID. Works with iPhone/iPad; Gold"
B09VTNKJWS,"Late 2019 Apple MacBook Pro with 2.6GHz Intel Core i7 (16 inch, 32GB RAM, 512GB SSD) Space Gray (Renewed)",Electronics,Unknown,599.99,674,,51,FALSE,FALSE,FALSE,260,Available,https://images.pexels.com/photos/4219040/pexels-photo-4219040.jpeg,"Premium quality Late 2019 Apple MacBook Pro with 2.6GHz Intel Core i7 (16 inch, 32GB RAM, 512GB SSD) Space Gray (Renewed)"
B082MRK1DB,"Mid 2018 Apple MacBook Pro Touch Bar with 2.7GHz Quad-Core Intel Core i7 (13.3 inches, 16GB RAM, 512GB SSD) Silver (Renewed)",Electronics,Unknown,487.5,514,,8,FALSE,FALSE,FALSE,71,Available,https://images.pexels.com/photos/5009160/pexels-photo-5009160.jpeg,"Premium quality Mid 2018 Apple MacBook Pro Touch Bar with 2.7GHz Quad-Core Intel Core i7 (13.3 inches, 16GB RAM, 512GB SSD) Silver (Renewed)"
B0CP8H9PGR,"Apple 2023 MacBook Pro Laptop M3 chip with 8?core CPU, 10?core GPU: 14.2-inch Liquid Retina XDR Display, 16GB Unified Memory, 1TB SSD Storage, Space Gray (Z1C80001F)",Electronics,Unknown,59.99,59.99,,0,FALSE,FALSE,FALSE,115,Available,https://images.pexels.com/photos/15940010/pexels-photo-15940010.jpeg,"Premium quality Apple 2023 MacBook Pro Laptop M3 chip with 8?core CPU, 10?core GPU: 14.2-inch Liquid Retina XDR Display, 16GB Unified Memory, 1TB SSD Storage, Space Gray (Z1C80001F)"
B0DHVRD4H3,ACEMAGIC Laptop Computer with Intel N95 Windows Laptop 16GB DDR4 512GB M.2 2280 SSD Traditional Laptops 15.6-inch IPS FHD Windows11 WIFI5 BT5.0 HDMI Type-C USB Home Laptops Office Laptops Mini Laptop,Electronics,Unknown,359.99,1299.99,,7,FALSE,FALSE,FALSE,241,Available,https://images.pexels.com/photos/13736497/pexels-photo-13736497.jpeg,Premium quality ACEMAGIC Laptop Computer with Intel N95 Windows Laptop 16GB DDR4 512GB M.2 2280 SSD Traditional Laptops 15.6-inch IPS FHD Windows11 WIFI5 BT5.0 HDMI Type-C USB Home Laptops Office Laptops Mini Laptop
B0DJLL26QB,"ACEMAGIC Laptop Computer, 16GB DDR4 512GB SSD, 15.6 Inch Windows 11 Laptop with Quad-Core N95(Up to 3.4GHz), Metal Shell, BT5.0, 5G WiFi, USB3.2, Type_C, Webcam, 38Wh Battery",Electronics,Unknown,359.99,1299.99,,19,FALSE,FALSE,FALSE,250,Available,https://images.pexels.com/photos/9263102/pexels-photo-9263102.jpeg,"Premium quality ACEMAGIC Laptop Computer, 16GB DDR4 512GB SSD, 15.6 Inch Windows 11 Laptop with Quad-Core N95(Up to 3.4GHz), Metal Shell, BT5.0, 5G WiFi, USB3.2, Type_C, Webcam, 38Wh Battery"
B0C762Y69D,"Apple 2023 MacBook Air Laptop with M2 chip: 15.3-inch Liquid Retina Display, 8GB Unified Memory, 512GB SSD Storage, 1080p FaceTime HD Camera, Touch ID. Works with iPhone/iPad; Space Gray",Electronics,Unknown,59.99,59.99,,2219,FALSE,FALSE,FALSE,256,Available,https://images.pexels.com/photos/10655906/pexels-photo-10655906.jpeg,"Premium quality Apple 2023 MacBook Air Laptop with M2 chip: 15.3-inch Liquid Retina Display, 8GB Unified Memory, 512GB SSD Storage, 1080p FaceTime HD Camera, Touch ID. Works with iPhone/iPad; Space Gray"
B0DJWLG4QN,"Apple MacBook Air 13.6"" with M3 Chip (Early 2024) - Space Gray, 8-Core / 10-Core, 24GB, 70W Adapter, 512GB SSD",Electronics,Unknown,59.99,59.99,,0,FALSE,FALSE,FALSE,162,Available,https://images.pexels.com/photos/7151698/pexels-photo-7151698.jpeg,"Premium quality Apple MacBook Air 13.6"" with M3 Chip (Early 2024) - Space Gray, 8-Core / 10-Core, 24GB, 70W Adapter, 512GB SSD"
B09JQQM86S,"2021 Apple MacBook Pro (14-inch, M1 Pro chip with 10?core CPU and 16?core GPU, 16GB RAM, 1TB SSD) - Space Gray",Electronics,Unknown,59.99,59.99,,2156,FALSE,FALSE,FALSE,190,Available,https://images.pexels.com/photos/1383379/pexels-photo-1383379.jpeg,"Premium quality 2021 Apple MacBook Pro (14-inch, M1 Pro chip with 10?core CPU and 16?core GPU, 16GB RAM, 1TB SSD) - Space Gray"
B0CPN4WL82,"Apple MacBook Pro 16.2"" with Liquid Retina XDR Display, M3 Pro Chip with 12-Core CPU and 18-Core GPU, 36GB Memory, 1TB SSD, Space Black, Late 2023",Electronics,Unknown,59.99,59.99,,2,FALSE,FALSE,FALSE,48,Available,https://images.pexels.com/photos/35972719/pexels-photo-35972719.jpeg,"Premium quality Apple MacBook Pro 16.2"" with Liquid Retina XDR Display, M3 Pro Chip with 12-Core CPU and 18-Core GPU, 36GB Memory, 1TB SSD, Space Black, Late 2023"
B0D33NC672,"Gateway Chromebook 311 CBO311-1H-C1MX Laptop | Intel Celeron N4500 | 11.6"" HD (1366 x 768) Display | 4GB LPDDR4X | 64GB eMMC | Wi-Fi 5 802.11ac | Chrome OS | Star Black",Electronics,acer,168,199.99,,10268,FALSE,FALSE,FALSE,55,Available,https://images.pexels.com/photos/8532766/pexels-photo-8532766.jpeg,"Premium quality Gateway Chromebook 311 CBO311-1H-C1MX Laptop | Intel Celeron N4500 | 11.6"" HD (1366 x 768) Display | 4GB LPDDR4X | 64GB eMMC | Wi-Fi 5 802.11ac | Chrome OS | Star Black"
B0CJS1399P,"Chromebook CM14 Laptop, 14"" HD Anti-Glare Display (1366x768), MediaTek Kompanio 520, 4GB RAM, 64GB eMMC, ChromeOS, Gray, CM1402CM2A-DS44, Gravity Grey",Electronics,ASUS,169.9,279.99,,1095,FALSE,FALSE,FALSE,32,Available,https://images.pexels.com/photos/11129922/pexels-photo-11129922.jpeg,"Premium quality Chromebook CM14 Laptop, 14"" HD Anti-Glare Display (1366x768), MediaTek Kompanio 520, 4GB RAM, 64GB eMMC, ChromeOS, Gray, CM1402CM2A-DS44, Gravity Grey"
B0DCLJ9V2B,"Chromebook 2024 Newest 14"" Touchscreen Slim Laptop Business Student, 8-Core MediaTek Kompanio 520, 4GB RAM, 128GB Storage (64GB eMMC+64GB Card), WiFi 6, Long Battery, Chrome OS+MarxsolAccessory",Electronics,Lenovo,208,238.98,,8,FALSE,FALSE,FALSE,179,Available,https://images.pexels.com/photos/15940010/pexels-photo-15940010.jpeg,"Premium quality Chromebook 2024 Newest 14"" Touchscreen Slim Laptop Business Student, 8-Core MediaTek Kompanio 520, 4GB RAM, 128GB Storage (64GB eMMC+64GB Card), WiFi 6, Long Battery, Chrome OS+MarxsolAccessory"
B09SVSBVP1,"Chromebook 14 Laptop, Intel Celeron N4120, 4 GB RAM, 64 GB eMMC, 14"" HD Display, Chrome OS, Thin Design, 4K Graphics, Long Battery Life, Ash Gray Keyboard (14a-na0226nr, 2022, Mineral Silver)",Electronics,HP,197.11,197.11,,1796,FALSE,FALSE,FALSE,206,Available,https://images.pexels.com/photos/8569471/pexels-photo-8569471.jpeg,"Premium quality Chromebook 14 Laptop, Intel Celeron N4120, 4 GB RAM, 64 GB eMMC, 14"" HD Display, Chrome OS, Thin Design, 4K Graphics, Long Battery Life, Ash Gray Keyboard (14a-na0226nr, 2022, Mineral Silver)"
B0DJNCG9LV,NewAcer Chromebook 311 11.6 inch HD Business & Student School Laptop_Intel_Celeron N4500 4GB RAM 64GB eMMC_Intel.UHD Graphics Webcam USB-C WiFi up to 10 hours Long Battery Life_Chrome_OS Star Black,Electronics,Unknown,149,149,,0,FALSE,FALSE,FALSE,262,Available,https://images.pexels.com/photos/8532766/pexels-photo-8532766.jpeg,Premium quality NewAcer Chromebook 311 11.6 inch HD Business & Student School Laptop_Intel_Celeron N4500 4GB RAM 64GB eMMC_Intel.UHD Graphics Webcam USB-C WiFi up to 10 hours Long Battery Life_Chrome_OS Star Black
B08SHN3TZP,"Dell Chromebook 11 3100 11.6"" Chromebook - 1366 x 768 - Celeron N4020-4 GB RAM - 16 GB Flash Memory - Chrome OS - Intel HD Graphics - English (US) Keyboard - Bluetooth (Renewed)",Electronics,Unknown,60,99,,557,FALSE,FALSE,FALSE,105,Available,https://images.pexels.com/photos/11129922/pexels-photo-11129922.jpeg,"Premium quality Dell Chromebook 11 3100 11.6"" Chromebook - 1366 x 768 - Celeron N4020-4 GB RAM - 16 GB Flash Memory - Chrome OS - Intel HD Graphics - English (US) Keyboard - Bluetooth (Renewed)"
B0BK2Z5QGC,"Dell Chromebook 11 3100 11.6"" Touchscreen 2 in 1 Chromebook - HD - 1366 x 768 - Intel Celeron N4020 Dual-Core (2 Core) - 4 GB RAM - 32 GB Flash Memory (Renewed)",Books,Unknown,50,89.99,,322,FALSE,FALSE,FALSE,85,Available,https://images.pexels.com/photos/3747070/pexels-photo-3747070.jpeg,"Premium quality Dell Chromebook 11 3100 11.6"" Touchscreen 2 in 1 Chromebook - HD - 1366 x 768 - Intel Celeron N4020 Dual-Core (2 Core) - 4 GB RAM - 32 GB Flash Memory (Renewed)"
B0CRD2YLLC,"Chromebook Flip CX1 Convertible Laptop, 14"" FHD NanoEdge 360-degree Touchscreen, Intel Celeron N6000 4-Core Processor, 128GB eMMC Storage, 8GB RAM, ChromeOS, Transparent Silver, CX1400FKA-AS88F",Electronics,ASUS,329.99,329.99,,133,FALSE,FALSE,FALSE,189,Available,https://images.pexels.com/photos/8569471/pexels-photo-8569471.jpeg,"Premium quality Chromebook Flip CX1 Convertible Laptop, 14"" FHD NanoEdge 360-degree Touchscreen, Intel Celeron N6000 4-Core Processor, 128GB eMMC Storage, 8GB RAM, ChromeOS, Transparent Silver, CX1400FKA-AS88F"
B0CLNKRXJG,"2023 Newest Chromebook 315 Laptop, 15.6"" HD Display, Intel Celeron N4020(Up to 2.8GHz), 4GB RAM, 64GB eMMC, Intel UHD Graphics, 12.5H Long Battery, WiFi, Bluetooth, Chrome OS",Electronics,acer,185,185,,108,FALSE,FALSE,FALSE,64,Available,https://images.pexels.com/photos/11129922/pexels-photo-11129922.jpeg,"Premium quality 2023 Newest Chromebook 315 Laptop, 15.6"" HD Display, Intel Celeron N4020(Up to 2.8GHz), 4GB RAM, 64GB eMMC, Intel UHD Graphics, 12.5H Long Battery, WiFi, Bluetooth, Chrome OS"
B0BSJ46KY9,"IdeaPad 3i Chromebook, 15.6” FHD Display, Intel Celeron N4500, 8GB RAM, 64GB eMMC, 1920x1080 px, 720p Camera, Chrome OS, Abyss Blue",Electronics,Lenovo,255,255,,346,FALSE,FALSE,FALSE,81,Available,https://images.pexels.com/photos/15940010/pexels-photo-15940010.jpeg,"Premium quality IdeaPad 3i Chromebook, 15.6” FHD Display, Intel Celeron N4500, 8GB RAM, 64GB eMMC, 1920x1080 px, 720p Camera, Chrome OS, Abyss Blue"
B0C7MR5RDH,"2023 Newest Chromebook Laptop, 14 Inch Display, Intel Celeron N4120 Processor, 4GB RAM, 64GB eMMC, Intel UHD Graphics 600, WiFi, Bluetooth, Chrome OS, Modern Gray",Electronics,HP,177,177,,472,FALSE,FALSE,FALSE,153,Available,https://images.pexels.com/photos/1604025/pexels-photo-1604025.jpeg,"Premium quality 2023 Newest Chromebook Laptop, 14 Inch Display, Intel Celeron N4120 Processor, 4GB RAM, 64GB eMMC, Intel UHD Graphics 600, WiFi, Bluetooth, Chrome OS, Modern Gray"
B0C3VR5FR5,"Chromebook 15 15.6"" HD (Intel Pentium N6000, 8GB RAM, 128GB Storage (64GB eMMc + 64GB SD Card), UHD Graphics, Numeric KB) Home & Student Laptop, Anti-Glare, Webcam, Wi-Fi, Chrome OS, Silver",Electronics,HP,59.99,59.99,,70,FALSE,FALSE,FALSE,47,Available,https://images.pexels.com/photos/9263102/pexels-photo-9263102.jpeg,"Premium quality Chromebook 15 15.6"" HD (Intel Pentium N6000, 8GB RAM, 128GB Storage (64GB eMMc + 64GB SD Card), UHD Graphics, Numeric KB) Home & Student Laptop, Anti-Glare, Webcam, Wi-Fi, Chrome OS, Silver"
B0D7SK7H8N,"IdeaPad 3 15.6"" FHD Chromebook Laptop, Intel Celeron N4500, Intel UHD Graphics, 4GB RAM, 64GB SSD, USB-A&C, HDMI, WiFi, Chrome OS",Electronics,Lenovo,159.9,159.9,,0,FALSE,FALSE,FALSE,127,Available,https://images.pexels.com/photos/1181449/pexels-photo-1181449.jpeg,"Premium quality IdeaPad 3 15.6"" FHD Chromebook Laptop, Intel Celeron N4500, Intel UHD Graphics, 4GB RAM, 64GB SSD, USB-A&C, HDMI, WiFi, Chrome OS"
B0DFV8J3P5,"2024 Newest 311 Chromebook Laptop Student Business, Dual-Core Intel N4500 Processor,11.6"" HD Display, 4GB RAM, 192GB (64GB eMMC+128GB Card), Webcam WiFi, Long Battery, Chrome OS +MarxsolAccessory",Electronics,acer,210.5,235,,175,FALSE,FALSE,FALSE,63,Available,https://images.pexels.com/photos/15399855/pexels-photo-15399855.jpeg,"Premium quality 2024 Newest 311 Chromebook Laptop Student Business, Dual-Core Intel N4500 Processor,11.6"" HD Display, 4GB RAM, 192GB (64GB eMMC+128GB Card), Webcam WiFi, Long Battery, Chrome OS +MarxsolAccessory"
B07N9JMSW6,"LAPGEAR Home Office Lap Desk with Device Ledge, Mouse Pad, and Phone Holder - Silver Carbon - Fits up to 15.6 Inch Laptops - Style No. 91585",Electronics,Unknown,34.99,39.99,,57155,FALSE,FALSE,TRUE,147,Available,https://images.pexels.com/photos/5474290/pexels-photo-5474290.jpeg,"Premium quality LAPGEAR Home Office Lap Desk with Device Ledge, Mouse Pad, and Phone Holder - Silver Carbon - Fits up to 15.6 Inch Laptops - Style No. 91585"
B08BRCT4JH,"BESIGN LS03 Aluminum Laptop Stand, Ergonomic Detachable Computer Stand, Riser Holder Notebook Stand Compatible with Air, Pro, Dell, HP, Lenovo More 10-15.6"" Laptops, Silver",Electronics,Unknown,18.99,24.99,,18013,TRUE,FALSE,FALSE,250,Available,https://images.pexels.com/photos/5793947/pexels-photo-5793947.jpeg,"Premium quality BESIGN LS03 Aluminum Laptop Stand, Ergonomic Detachable Computer Stand, Riser Holder Notebook Stand Compatible with Air, Pro, Dell, HP, Lenovo More 10-15.6"" Laptops, Silver"
B08M94BTYC,"Lamicall Adjustable Laptop Stand, Portable Laptop Riser, Aluminum Laptop Stand for Desk Foldable, Ergonomic Computer Notebook Stand Holder for MacBook Air Pro, Dell XPS, HP (10-17.3'') - Silver",Electronics,Unknown,35.99,35.99,,8452,FALSE,FALSE,FALSE,209,Available,https://images.pexels.com/photos/15940010/pexels-photo-15940010.jpeg,"Premium quality Lamicall Adjustable Laptop Stand, Portable Laptop Riser, Aluminum Laptop Stand for Desk Foldable, Ergonomic Computer Notebook Stand Holder for MacBook Air Pro, Dell XPS, HP (10-17.3'') - Silver"
B0BTSFVMLV,VILVA Portable-Monitor-for-Laptop - 15.6'' 1080P FHD IPS Display USB-C HDMI Portable Monitor for Laptop with Cover and Speakers External Monitor for Laptop/PC/Mac/Phone/Xbox Switch/PS4/,Electronics,Unknown,65.99,79.99,,1493,FALSE,FALSE,FALSE,244,Available,https://images.pexels.com/photos/3747070/pexels-photo-3747070.jpeg,Premium quality VILVA Portable-Monitor-for-Laptop - 15.6'' 1080P FHD IPS Display USB-C HDMI Portable Monitor for Laptop with Cover and Speakers External Monitor for Laptop/PC/Mac/Phone/Xbox Switch/PS4/
B00NNMB3KS,"havit HV-F2056 15.6""-17"" Laptop Cooler Cooling Pad - Slim Portable USB Powered (3 Fans), Black/Blue",Electronics,Unknown,27.99,39.99,,41998,TRUE,FALSE,FALSE,140,Available,https://images.pexels.com/photos/7241679/pexels-photo-7241679.jpeg,"Premium quality havit HV-F2056 15.6""-17"" Laptop Cooler Cooling Pad - Slim Portable USB Powered (3 Fans), Black/Blue"
B0BBLXRGQC,"Compressed Air Duster, 3 Gear to 51000RPM Cordless Electric Air Duster, 6000mAh Rechargeable Air Blower with LED Light for Laptop Computer Keyboard Cleaning Pet Hair Crumb Replaces Compressed Air Can",Electronics,Unknown,23.98,29.98,,653,FALSE,FALSE,FALSE,135,Available,https://images.pexels.com/photos/1604025/pexels-photo-1604025.jpeg,"Premium quality Compressed Air Duster, 3 Gear to 51000RPM Cordless Electric Air Duster, 6000mAh Rechargeable Air Blower with LED Light for Laptop Computer Keyboard Cleaning Pet Hair Crumb Replaces Compressed Air Can"
B07W7SZJ25,"HUANUO Portable Lap Laptop Desk with Pillow Cushion, Fits up to 15.6 inch Laptop, with Anti-Slip Strip & Storage Function for Home Office Students Use as Computer Laptop Stand, Book Tablet",Electronics,Unknown,29.99,36.99,,14427,FALSE,FALSE,FALSE,252,Available,https://images.pexels.com/photos/9263102/pexels-photo-9263102.jpeg,"Premium quality HUANUO Portable Lap Laptop Desk with Pillow Cushion, Fits up to 15.6 inch Laptop, with Anti-Slip Strip & Storage Function for Home Office Students Use as Computer Laptop Stand, Book Tablet"
B07W1L7TCF,"OXO Good Grips Sweep & Swipe Laptop Cleaner, White, One Size",Electronics,Unknown,11.99,11.99,,16202,FALSE,FALSE,FALSE,278,Available,https://images.pexels.com/photos/15940010/pexels-photo-15940010.jpeg,"Premium quality OXO Good Grips Sweep & Swipe Laptop Cleaner, White, One Size"
B00DUGZFWY,"Amazon Basics 15.6-Inch Laptop Computer and Tablet Shoulder Bag Carrying Case,1 Pack, Black",Electronics,Unknown,14.18,14.18,,90878,FALSE,FALSE,FALSE,217,Available,https://images.pexels.com/photos/7241679/pexels-photo-7241679.jpeg,"Premium quality Amazon Basics 15.6-Inch Laptop Computer and Tablet Shoulder Bag Carrying Case,1 Pack, Black"
B074473Z6T,"AboveTEK Portable Laptop Lap Desk w/ Retractable Left/Right Mouse Pad Tray, Non-Slip Heat Shield Tablet Notebook Computer Stand Table w/ Sturdy Stable Work Surface for Bed Sofa Couch or Travel",Electronics,Unknown,25.99,31.99,,6718,FALSE,FALSE,FALSE,156,Available,https://images.pexels.com/photos/6893890/pexels-photo-6893890.jpeg,"Premium quality AboveTEK Portable Laptop Lap Desk w/ Retractable Left/Right Mouse Pad Tray, Non-Slip Heat Shield Tablet Notebook Computer Stand Table w/ Sturdy Stable Work Surface for Bed Sofa Couch or Travel"
B09KSX7TLH,"MagSafe Accessories Compatible with iPhone 15 14 13 12 Series, Universal Laptop Accessories in Order for Dual-Screen Interaction, Laptop Phone Holder for iPhones",Electronics,Unknown,14.99,14.99,,301,FALSE,FALSE,FALSE,184,Available,https://images.pexels.com/photos/6893890/pexels-photo-6893890.jpeg,"Premium quality MagSafe Accessories Compatible with iPhone 15 14 13 12 Series, Universal Laptop Accessories in Order for Dual-Screen Interaction, Laptop Phone Holder for iPhones"
B015NBTAOW,"TECKNET Wireless Mouse, 2.4G Ergonomic Optical Mouse, Computer Mouse for Laptop, PC, Computer, Chromebook, Notebook, 6 Buttons, 24 Months Battery Life, 2600 DPI, 5 Adjustment Levels",Electronics,Unknown,8.49,19.99,,65314,FALSE,FALSE,FALSE,244,Available,https://images.pexels.com/photos/7241679/pexels-photo-7241679.jpeg,"Premium quality TECKNET Wireless Mouse, 2.4G Ergonomic Optical Mouse, Computer Mouse for Laptop, PC, Computer, Chromebook, Notebook, 6 Buttons, 24 Months Battery Life, 2600 DPI, 5 Adjustment Levels"
B0BJZ2PFCV,"Laptop Cleaning Kit Keyboard Cleaner, Keyboard Cleaning Kit Electronics Cleaning Tool for MacBook iPad Phone iPhone Pro, Brush Tool for Tablet, Computer, PC, TV Camera Lens Computer Vacuum Keyboard",Electronics,Unknown,15.99,15.99,,2258,FALSE,FALSE,FALSE,253,Available,https://images.pexels.com/photos/10655906/pexels-photo-10655906.jpeg,"Premium quality Laptop Cleaning Kit Keyboard Cleaner, Keyboard Cleaning Kit Electronics Cleaning Tool for MacBook iPad Phone iPhone Pro, Brush Tool for Tablet, Computer, PC, TV Camera Lens Computer Vacuum Keyboard"
B08NWTS1YY,"havit Bluetooth Number Pad Wireless Numeric Keypad Numpad 26 Keys Portable Mini Financial Accounting Rechargeable Numeric Pad for Laptop Desktop, PC, Surface Pro, Notebook (Black)",Electronics,Unknown,19.99,29.99,,2653,TRUE,FALSE,FALSE,191,Available,https://images.pexels.com/photos/6611936/pexels-photo-6611936.jpeg,"Premium quality havit Bluetooth Number Pad Wireless Numeric Keypad Numpad 26 Keys Portable Mini Financial Accounting Rechargeable Numeric Pad for Laptop Desktop, PC, Surface Pro, Notebook (Black)"
B0C7BKZ883,"Adjustable Laptop Stand for Desk, Metal Foldable Laptop Riser, Portable Laptop Holder Mount, Ventilated Cooling Computer Notebook Stand Compatible with 10-15.6” Laptops",Electronics,Unknown,15.99,15.99,,652,FALSE,FALSE,FALSE,171,Available,https://images.pexels.com/photos/1181449/pexels-photo-1181449.jpeg,"Premium quality Adjustable Laptop Stand for Desk, Metal Foldable Laptop Riser, Portable Laptop Holder Mount, Ventilated Cooling Computer Notebook Stand Compatible with 10-15.6” Laptops"
B078W4XP77,"OMOTON [Updated Dock Version Vertical Laptop Stand, Double Desktop Stand Holder with Adjustable Dock (Up to 17.3 inch), Fits All MacBook/Surface/Samsung/HP/Dell/Chrome Book (Silver)",Electronics,Unknown,24.99,35.99,,9667,FALSE,FALSE,FALSE,179,Available,https://images.pexels.com/photos/6893890/pexels-photo-6893890.jpeg,"Premium quality OMOTON [Updated Dock Version Vertical Laptop Stand, Double Desktop Stand Holder with Adjustable Dock (Up to 17.3 inch), Fits All MacBook/Surface/Samsung/HP/Dell/Chrome Book (Silver)"
B005G2YP6M,"Targus 15-16 Inch Classic Slim Ergonomic Briefcase and Messenger Bag for 16"" Laptops and Under (TCT027US)",Electronics,Unknown,22,24.41,,10524,TRUE,FALSE,FALSE,115,Available,https://images.pexels.com/photos/3747070/pexels-photo-3747070.jpeg,"Premium quality Targus 15-16 Inch Classic Slim Ergonomic Briefcase and Messenger Bag for 16"" Laptops and Under (TCT027US)"
B0B9KRR97K,"Lenovo Laptop Bag T210, Messenger Shoulder Bag for Laptop or Tablet, Sleek, Durable & Water-Repellent Fabric",Electronics,Unknown,17.99,19.99,,27107,FALSE,FALSE,TRUE,252,Available,https://images.pexels.com/photos/15399855/pexels-photo-15399855.jpeg,"Premium quality Lenovo Laptop Bag T210, Messenger Shoulder Bag for Laptop or Tablet, Sleek, Durable & Water-Repellent Fabric"
B06XZTZ7GB,"MATEIN Travel Laptop Backpack, Business Anti Theft Slim Sturdy Laptops Backpack with USB Charging Port, Water Resistant College School Computer Bag Gift for Men & Women Fits 15.6 Inch Notebook, Grey",Electronics,Unknown,21.99,39.96,,101109,FALSE,FALSE,FALSE,199,Available,https://images.pexels.com/photos/8532766/pexels-photo-8532766.jpeg,"Premium quality MATEIN Travel Laptop Backpack, Business Anti Theft Slim Sturdy Laptops Backpack with USB Charging Port, Water Resistant College School Computer Bag Gift for Men & Women Fits 15.6 Inch Notebook, Grey"
B0CZ9FRJ7G,"LOVEVOOK Travel Laptop Backpack Women, 15.6 Inch Anti-theft Laptop Bag with USB Port, Fashion Waterproof Computer Backpacks Teacher Nurse Backpack Purse for College School Work",Electronics,Unknown,29.99,31.99,,75,FALSE,FALSE,FALSE,132,Available,https://images.pexels.com/photos/7241679/pexels-photo-7241679.jpeg,"Premium quality LOVEVOOK Travel Laptop Backpack Women, 15.6 Inch Anti-theft Laptop Bag with USB Port, Fashion Waterproof Computer Backpacks Teacher Nurse Backpack Purse for College School Work"
B085Q2NMPT,LOVEVOOK Laptop Tote Bag for Women 15.6 Inch Waterproof Leather Computer Bags Business Office Work Briefcase Black,Electronics,Unknown,35.99,35.99,,4609,FALSE,FALSE,FALSE,71,Available,https://images.pexels.com/photos/265144/pexels-photo-265144.jpeg,Premium quality LOVEVOOK Laptop Tote Bag for Women 15.6 Inch Waterproof Leather Computer Bags Business Office Work Briefcase Black
B0BWF6ZQVT,LOVEVOOK Laptop Bag for Women 15.6 Inch Laptop Tote Work Bag Professional Leather Computer Briefcase Waterproof Business Teacher Office Bag Handbag,Electronics,Unknown,36.99,36.99,,1663,FALSE,FALSE,FALSE,287,Available,https://images.pexels.com/photos/11129922/pexels-photo-11129922.jpeg,Premium quality LOVEVOOK Laptop Bag for Women 15.6 Inch Laptop Tote Work Bag Professional Leather Computer Briefcase Waterproof Business Teacher Office Bag Handbag
B07V4R4Z77,"SHRRADOO Extra Large 50L Travel Laptop Backpack with USB Charging Port, College Backpack Airline Approved Business Work Bag Fits 17 Inch Computer for Men Women",Electronics,Unknown,25.59,39.98,,37878,FALSE,FALSE,FALSE,132,Available,https://images.pexels.com/photos/5942722/pexels-photo-5942722.jpeg,"Premium quality SHRRADOO Extra Large 50L Travel Laptop Backpack with USB Charging Port, College Backpack Airline Approved Business Work Bag Fits 17 Inch Computer for Men Women"
B07F2YJRN2,"Laptop Backpack,Business Travel Anti Theft Slim Durable Laptops Backpack with USB Charging Port,Water Resistant College Computer Bag for Women & Men Fits 15.6 Inch Laptop and Notebook - Black",Electronics,Unknown,25.49,29.99,,30629,FALSE,FALSE,FALSE,120,Available,https://images.pexels.com/photos/15399855/pexels-photo-15399855.jpeg,"Premium quality Laptop Backpack,Business Travel Anti Theft Slim Durable Laptops Backpack with USB Charging Port,Water Resistant College Computer Bag for Women & Men Fits 15.6 Inch Laptop and Notebook - Black"
B0DDK88FR7,"LOVEVOOK Laptop Bag for Women,15.6 inch Work Bags with Clutch, Vintage Leather Laptop Tote Bag,Computer Bag Laptop Purse, Briefcase Tote Bag Shoulder Bag Handbag for Business Office Teacher",Electronics,Unknown,32.99,49.99,,11,FALSE,FALSE,FALSE,132,Available,https://images.pexels.com/photos/1604025/pexels-photo-1604025.jpeg,"Premium quality LOVEVOOK Laptop Bag for Women,15.6 inch Work Bags with Clutch, Vintage Leather Laptop Tote Bag,Computer Bag Laptop Purse, Briefcase Tote Bag Shoulder Bag Handbag for Business Office Teacher"
B09MQWWP87,"Taygeer Travel Backpack for Women, Carry On Backpack with USB Charging Port & Shoe Pouch, TSA 15.6inch Laptop Backpack Flight Approved, Nurse Bag Casual Daypack for Weekender Business Hiking, Pink",Electronics,Unknown,17.99,23.99,,10033,TRUE,FALSE,FALSE,100,Available,https://images.pexels.com/photos/6001241/pexels-photo-6001241.jpeg,"Premium quality Taygeer Travel Backpack for Women, Carry On Backpack with USB Charging Port & Shoe Pouch, TSA 15.6inch Laptop Backpack Flight Approved, Nurse Bag Casual Daypack for Weekender Business Hiking, Pink"
B0BS9G1MQ3,"BAGSMART Protective Sleeve case Compatible with MacBook Pro 16 Inch,15.6 inch, HP,Dell,Acer Aspire,Asus Notebook,Laptop with Shoulder Strap,Pocket,Handle,Pink",Electronics,Unknown,19.99,19.99,,3761,FALSE,FALSE,FALSE,206,Available,https://images.pexels.com/photos/6372819/pexels-photo-6372819.jpeg,"Premium quality BAGSMART Protective Sleeve case Compatible with MacBook Pro 16 Inch,15.6 inch, HP,Dell,Acer Aspire,Asus Notebook,Laptop with Shoulder Strap,Pocket,Handle,Pink"
B0CBZ2B9DB,"Lenovo Laptop Carrying Case T210, 15.6-Inch Laptop and Tablet, Sleek Design, Durable and Water-Repellent Fabric, Business or School, GX41L83769 Casual Toploader - Eco Black",Electronics,Unknown,14.99,16.99,,13723,FALSE,FALSE,FALSE,132,Available,https://images.pexels.com/photos/5474290/pexels-photo-5474290.jpeg,"Premium quality Lenovo Laptop Carrying Case T210, 15.6-Inch Laptop and Tablet, Sleek Design, Durable and Water-Repellent Fabric, Business or School, GX41L83769 Casual Toploader - Eco Black"
B0BYS7VHMN,"LOVEVOOK Laptop Bag for Women, 15.6 inch Laptop Tote Bag Vintage Work Bags for Women Computer Bag Office Briefcase Handbag",Electronics,Unknown,38.99,38.99,,1355,FALSE,FALSE,FALSE,21,Available,https://images.pexels.com/photos/7241679/pexels-photo-7241679.jpeg,"Premium quality LOVEVOOK Laptop Bag for Women, 15.6 inch Laptop Tote Bag Vintage Work Bags for Women Computer Bag Office Briefcase Handbag"
B001HQ9A7A,"Targus Mobile Elite Laptop Bag for 15.6-inch Laptops, TSA Checkpoint-Friendly Design, Messenger Bag for Men /Women, Computer Bag & Laptop Case for Mac/PC/Dell/Lenovo/HP, Black (TBT045US)",Electronics,Unknown,63.54,63.54,,177,FALSE,FALSE,FALSE,149,Available,https://images.pexels.com/photos/8532766/pexels-photo-8532766.jpeg,"Premium quality Targus Mobile Elite Laptop Bag for 15.6-inch Laptops, TSA Checkpoint-Friendly Design, Messenger Bag for Men /Women, Computer Bag & Laptop Case for Mac/PC/Dell/Lenovo/HP, Black (TBT045US)"
B0B7N9SPJY,"RAINSMORE Laptop Bag for Women 15.6 Inch PU Tote Bag Business Office Work Bag Waterproof Briefcase Computer Tote Lightweight Handbag Shoulder, Black",Electronics,Unknown,34.99,34.99,,1434,FALSE,FALSE,FALSE,239,Available,https://images.pexels.com/photos/6372819/pexels-photo-6372819.jpeg,"Premium quality RAINSMORE Laptop Bag for Women 15.6 Inch PU Tote Bag Business Office Work Bag Waterproof Briefcase Computer Tote Lightweight Handbag Shoulder, Black"
B0BPX6DNRG,"LOVEVOOK Laptop Backpack for Women, 15.6 Inch Work Business Backpacks Purse with USB Port, Large Capacity Nurse Bag College Bookbag for School, Waterproof Casual Daypack for Travel,Black-White-Brown",Electronics,Unknown,29.98,29.98,,2664,FALSE,FALSE,FALSE,73,Available,https://images.pexels.com/photos/20432893/pexels-photo-20432893.jpeg,"Premium quality LOVEVOOK Laptop Backpack for Women, 15.6 Inch Work Business Backpacks Purse with USB Port, Large Capacity Nurse Bag College Bookbag for School, Waterproof Casual Daypack for Travel,Black-White-Brown"
B0BGCGLQXJ,Lenovo Laptop Shoulder Bag T215 15.6 inch - Black- Slip Laptop Compartment - Front Zippered Pocket - Adjustable Strap,Electronics,Unknown,13.59,19.99,,75,FALSE,FALSE,FALSE,243,Available,https://images.pexels.com/photos/6001241/pexels-photo-6001241.jpeg,Premium quality Lenovo Laptop Shoulder Bag T215 15.6 inch - Black- Slip Laptop Compartment - Front Zippered Pocket - Adjustable Strap
B0CN9TLR5K,"THE NORTH FACE Vault Everyday Laptop Backpack, TNF Black-NPF, One Size",Electronics,Unknown,65,65,,375,FALSE,FALSE,FALSE,244,Available,https://images.pexels.com/photos/1604025/pexels-photo-1604025.jpeg,"Premium quality THE NORTH FACE Vault Everyday Laptop Backpack, TNF Black-NPF, One Size"
B0CS2M95TS,BANGE Business Laptop Smart backpack Can Hold 15.6 Inch Laptop Commute Backpack Carry on bag for men and women,Electronics,Unknown,63.99,63.99,,10,FALSE,FALSE,FALSE,145,Available,https://images.pexels.com/photos/1181449/pexels-photo-1181449.jpeg,Premium quality BANGE Business Laptop Smart backpack Can Hold 15.6 Inch Laptop Commute Backpack Carry on bag for men and women
B09Y3J6FGT,"Laptop Case, Sleeve, 15.6 inch Bag Shockproof Protective Notebook Case with Accessory Pocket, Briefcase Carrying Cover for 15.6"" HP, ASUS, Dell, Lenovo, Acer,Black",Electronics,Unknown,9.57,19.99,,1541,FALSE,FALSE,FALSE,149,Available,https://images.pexels.com/photos/13736497/pexels-photo-13736497.jpeg,"Premium quality Laptop Case, Sleeve, 15.6 inch Bag Shockproof Protective Notebook Case with Accessory Pocket, Briefcase Carrying Cover for 15.6"" HP, ASUS, Dell, Lenovo, Acer,Black"
B07CXJNH2S,"Ytonet Laptop Case, 15.6 inch TSA Laptop Bag Laptop Sleeve Water Resistant Computer Case Laptop Carrying Case Compatible for Lenovo, HP, Dell, Asus Notebook, Gifts for Men Women, Grey",Electronics,Unknown,12.99,20.75,,24411,FALSE,FALSE,FALSE,72,Available,https://images.pexels.com/photos/6893890/pexels-photo-6893890.jpeg,"Premium quality Ytonet Laptop Case, 15.6 inch TSA Laptop Bag Laptop Sleeve Water Resistant Computer Case Laptop Carrying Case Compatible for Lenovo, HP, Dell, Asus Notebook, Gifts for Men Women, Grey"
B092PZ7TTL,VANKEAN Laptop Briefcase Premium Laptop Case Fits Up to 17.3 Inch Business Shoulder Bag Laptop Expandable Water-Repellent Messenger Bag for Men/Women Computer Bag for Travel/Business/Black,Electronics,Unknown,35.59,35.59,,2839,FALSE,FALSE,FALSE,191,Available,https://images.pexels.com/photos/19935029/pexels-photo-19935029.jpeg,Premium quality VANKEAN Laptop Briefcase Premium Laptop Case Fits Up to 17.3 Inch Business Shoulder Bag Laptop Expandable Water-Repellent Messenger Bag for Men/Women Computer Bag for Travel/Business/Black
B0BWR785F8,"15 15.6 16 17 17.3 inch Laptop Computer PC Shoulder Bag Carrying Case, Water-Repellent Briefcase Toploader",Electronics,Unknown,23.99,26.99,,1976,FALSE,FALSE,FALSE,237,Available,https://images.pexels.com/photos/19935029/pexels-photo-19935029.jpeg,"Premium quality 15 15.6 16 17 17.3 inch Laptop Computer PC Shoulder Bag Carrying Case, Water-Repellent Briefcase Toploader"
B09QPKCGWL,"Laptop Case Sleeve 15.6 inch, Durable Shockproof Protective Computer Carrying Cover with Front Pocket, Briefcase Handbags Laptop Sleeve Bag for 15.6 inch HP, Dell, Acer, Asus, Notebook, Black",Electronics,Unknown,9.47,19.99,,1638,TRUE,FALSE,FALSE,179,Available,https://images.pexels.com/photos/1604025/pexels-photo-1604025.jpeg,"Premium quality Laptop Case Sleeve 15.6 inch, Durable Shockproof Protective Computer Carrying Cover with Front Pocket, Briefcase Handbags Laptop Sleeve Bag for 15.6 inch HP, Dell, Acer, Asus, Notebook, Black"
B075Y6Y9H5,"Lenovo Laptop Bag T210, Messenger Shoulder Bag for Laptop or Tablet, Sleek, Durable & Water-Repellent Fabric",Electronics,Unknown,12.99,19.99,,27107,TRUE,FALSE,FALSE,217,Available,https://images.pexels.com/photos/1604025/pexels-photo-1604025.jpeg,"Premium quality Lenovo Laptop Bag T210, Messenger Shoulder Bag for Laptop or Tablet, Sleek, Durable & Water-Repellent Fabric"
B075Y73SDV,"Lenovo Laptop Carrying Case T210, 15.6-Inch Laptop and Tablet, Sleek Design, Durable and Water-Repellent Fabric, Business Casual or School, GX40Q17231 Casual Toploader - Grey",Electronics,Unknown,12.99,19.99,,13723,FALSE,FALSE,FALSE,266,Available,https://images.pexels.com/photos/1604025/pexels-photo-1604025.jpeg,"Premium quality Lenovo Laptop Carrying Case T210, 15.6-Inch Laptop and Tablet, Sleek Design, Durable and Water-Repellent Fabric, Business Casual or School, GX40Q17231 Casual Toploader - Grey"
B0CLGXK7MR,"Laptop Sleeve Case 14 inch, Shockproof Protective Laptop Cover Briefcase Carrying Computer Bag with Accessory Pocket Portable Laptop Sleeve for 14"" MacBook, HP, Dell, Lenovo, Acer, Black",Electronics,Unknown,9.58,19.99,,477,FALSE,FALSE,FALSE,222,Available,https://images.pexels.com/photos/1181449/pexels-photo-1181449.jpeg,"Premium quality Laptop Sleeve Case 14 inch, Shockproof Protective Laptop Cover Briefcase Carrying Computer Bag with Accessory Pocket Portable Laptop Sleeve for 14"" MacBook, HP, Dell, Lenovo, Acer, Black"
B08CS1F4F1,Lenovo Urban Laptop Sleeve 14 Inch for Laptop/ Notebook/Tablet Compatible with MacBook Air/Pro Water Resistant - Charcoal Grey,Electronics,Unknown,14.99,15.99,,5203,FALSE,FALSE,FALSE,203,Available,https://images.pexels.com/photos/7241679/pexels-photo-7241679.jpeg,Premium quality Lenovo Urban Laptop Sleeve 14 Inch for Laptop/ Notebook/Tablet Compatible with MacBook Air/Pro Water Resistant - Charcoal Grey
B0BP7RLGDC,"MOSISO 360 Protective Laptop Shoulder Bag,15-15.6 inch Computer Bag Compatible with MacBook Pro 16, HP, Dell, Lenovo, Asus Notebook,Side Open Messenger Bag with 4 Zipper Pockets&Handle, Gray",Electronics,Unknown,32.99,32.99,,2022,FALSE,FALSE,FALSE,142,Available,https://images.pexels.com/photos/5474290/pexels-photo-5474290.jpeg,"Premium quality MOSISO 360 Protective Laptop Shoulder Bag,15-15.6 inch Computer Bag Compatible with MacBook Pro 16, HP, Dell, Lenovo, Asus Notebook,Side Open Messenger Bag with 4 Zipper Pockets&Handle, Gray"
B0CPPFZGXN,"MOSISO Laptop Sleeve Compatible with MacBook Air/Pro, 13-13.3 inch Notebook, Compatible with MacBook Pro 14 inch M4 M3 M2 M1 Chip Pro Max 2024-2021, Neoprene Bag with Small Case, Antique Green",Electronics,Unknown,13.59,17.49,,43130,FALSE,FALSE,FALSE,274,Available,https://images.pexels.com/photos/8532766/pexels-photo-8532766.jpeg,"Premium quality MOSISO Laptop Sleeve Compatible with MacBook Air/Pro, 13-13.3 inch Notebook, Compatible with MacBook Pro 14 inch M4 M3 M2 M1 Chip Pro Max 2024-2021, Neoprene Bag with Small Case, Antique Green"
B098QQQ36B,"EMPSIGN Stylish Laptop Bag Briefcase, 17.3 Inch Laptop Case Expandable Messenger Bag for Men Water Repellent, RFID Blocking Office Carrying Shoulder Bag for Work Business Travel-Black",Electronics,Unknown,34.99,34.99,,1747,FALSE,FALSE,FALSE,299,Available,https://images.pexels.com/photos/5793947/pexels-photo-5793947.jpeg,"Premium quality EMPSIGN Stylish Laptop Bag Briefcase, 17.3 Inch Laptop Case Expandable Messenger Bag for Men Water Repellent, RFID Blocking Office Carrying Shoulder Bag for Work Business Travel-Black"
B09J19C59Y,"MOSISO Laptop Shoulder Bag Compatible with MacBook Air 15 inch M3 M2 2024 2023/Pro 16 M3 M2 M1 2024-2019,15-15.6 inch Notebook with 2 Raised&1 Flapover&1 Horizontal Pocket&Handle&Belt, Black",Electronics,Unknown,29.99,29.99,,2380,FALSE,FALSE,FALSE,117,Available,https://images.pexels.com/photos/29249664/pexels-photo-29249664.jpeg,"Premium quality MOSISO Laptop Shoulder Bag Compatible with MacBook Air 15 inch M3 M2 2024 2023/Pro 16 M3 M2 M1 2024-2019,15-15.6 inch Notebook with 2 Raised&1 Flapover&1 Horizontal Pocket&Handle&Belt, Black"
B09NM28SB4,90W Universal AC Adapter Laptop Charger Replacement for Dell HP Acer Asus Lenovo IBM Toshiba Samsung Sony Fujitsu Gateway Notebook Ultrabook Chromebook Power Supply Cord with 16 Tips,Electronics,Unknown,22.99,25.99,,2257,FALSE,FALSE,FALSE,217,Available,https://images.pexels.com/photos/1604025/pexels-photo-1604025.jpeg,Premium quality 90W Universal AC Adapter Laptop Charger Replacement for Dell HP Acer Asus Lenovo IBM Toshiba Samsung Sony Fujitsu Gateway Notebook Ultrabook Chromebook Power Supply Cord with 16 Tips
B0BRKGYMV1,"Replacement for Dell Laptop Charger,65W USB C Laptop Charger Compatible with Dell HP Lenovo Asus Acer Samsung Google Chromebook Type C Power Cord",Electronics,Unknown,8.98,9.99,,590,FALSE,FALSE,TRUE,259,Available,https://images.pexels.com/photos/13736497/pexels-photo-13736497.jpeg,"Premium quality Replacement for Dell Laptop Charger,65W USB C Laptop Charger Compatible with Dell HP Lenovo Asus Acer Samsung Google Chromebook Type C Power Cord"
B0C2CGBSZT,65W USB C Charger for Lenovo Thinkpad/Yoga/Chromebook Laptop Computer 65W 45W USB C Fast Power Adapter,Electronics,Unknown,16.99,16.99,,398,FALSE,FALSE,FALSE,163,Available,https://images.pexels.com/photos/19935029/pexels-photo-19935029.jpeg,Premium quality 65W USB C Charger for Lenovo Thinkpad/Yoga/Chromebook Laptop Computer 65W 45W USB C Fast Power Adapter
B08ZSMMPBD,"65W USB C Laptop Charger Replacement for Lenovo Thinkpad/Yoga/Chromebook, ADLX65YDC2A Lenovo Laptop Charger",Electronics,Unknown,16.99,18.99,,1302,FALSE,FALSE,FALSE,116,Available,https://images.pexels.com/photos/8532766/pexels-photo-8532766.jpeg,"Premium quality 65W USB C Laptop Charger Replacement for Lenovo Thinkpad/Yoga/Chromebook, ADLX65YDC2A Lenovo Laptop Charger"
B0B4SBR4RN,"65W Surface Pro Laptop Charger for Microsoft Surface Pro 10, 9, 8, 7+, 7, 6, 5, 4, 3, X, Windows Surface Laptop 6, 5, 4, 3, 2, 1, Surface Go Tablet, Surface Book 3, 2, 1, Support 44W, 36W, LED, 10FT",Electronics,Unknown,26.99,28.99,,2705,FALSE,FALSE,FALSE,220,Available,https://images.pexels.com/photos/1604025/pexels-photo-1604025.jpeg,"Premium quality 65W Surface Pro Laptop Charger for Microsoft Surface Pro 10, 9, 8, 7+, 7, 6, 5, 4, 3, X, Windows Surface Laptop 6, 5, 4, 3, 2, 1, Surface Go Tablet, Surface Book 3, 2, 1, Support 44W, 36W, LED, 10FT"
B0B1HJ666G,"Mac Book Pro Charger - 118W USB C Charger Fast Charger Compatible with USB C Port MacBook pro/Air, ipad Pro, Samsung Galaxy and All USB C Device, Include Charge Cable",Electronics,Unknown,35.99,35.99,,4321,TRUE,FALSE,FALSE,143,Available,https://images.pexels.com/photos/9784245/pexels-photo-9784245.jpeg,"Premium quality Mac Book Pro Charger - 118W USB C Charger Fast Charger Compatible with USB C Port MacBook pro/Air, ipad Pro, Samsung Galaxy and All USB C Device, Include Charge Cable"
B0BY7SYPQD,90W Universal AC Adapter Laptop Charger Compatible with HP Dell Lenovo Acer Asus Toshiba Samsung IBM Sony Fujitsu Gateway Notebook Ultrabook Chromebook Power Supply Cord with 16 Connectors,Electronics,Unknown,18.99,18.99,,383,FALSE,FALSE,FALSE,206,Available,https://images.pexels.com/photos/19935029/pexels-photo-19935029.jpeg,Premium quality 90W Universal AC Adapter Laptop Charger Compatible with HP Dell Lenovo Acer Asus Toshiba Samsung IBM Sony Fujitsu Gateway Notebook Ultrabook Chromebook Power Supply Cord with 16 Connectors
B09688VRYZ,"Universal Chromebook Charger USB C for Hp 65W 45W USB-C Laptop Charger,Replacement for Lenovo Thinkpad/Yoga,Dell Chromebook 3100,Latitude 5420,Asus,Samsung,Acer,Google Series Type C Power Cord",Electronics,Unknown,15.99,17.99,,7996,FALSE,FALSE,FALSE,278,Available,https://images.pexels.com/photos/1604025/pexels-photo-1604025.jpeg,"Premium quality Universal Chromebook Charger USB C for Hp 65W 45W USB-C Laptop Charger,Replacement for Lenovo Thinkpad/Yoga,Dell Chromebook 3100,Latitude 5420,Asus,Samsung,Acer,Google Series Type C Power Cord"
B093V1XBJS,"65W 45W USB C Chromebook Charger for HP, Lenovo, Dell, Acer, Asus, Samsung, Universal USB C Laptop Charger for Hp Chromebook X360 11 13 14 14A HP Spectre X360 Lenovo Thinkpad Type C Power Cord",Electronics,Unknown,9.99,13.99,,1987,FALSE,FALSE,FALSE,167,Available,https://images.pexels.com/photos/11129922/pexels-photo-11129922.jpeg,"Premium quality 65W 45W USB C Chromebook Charger for HP, Lenovo, Dell, Acer, Asus, Samsung, Universal USB C Laptop Charger for Hp Chromebook X360 11 13 14 14A HP Spectre X360 Lenovo Thinkpad Type C Power Cord"
B0C58N5J9Q,"Mac Book Pro Charger - 118W USB C Fast Charger Power Adapter Compatible with USB C Port MacBook Pro/MacBook Air 16 15 14 13 Inch, New iPad Pro and All USB C Device, Include Charge Cable 6.6ft",Electronics,Unknown,29.99,29.99,,927,FALSE,FALSE,FALSE,271,Available,https://images.pexels.com/photos/17489840/pexels-photo-17489840.jpeg,"Premium quality Mac Book Pro Charger - 118W USB C Fast Charger Power Adapter Compatible with USB C Port MacBook Pro/MacBook Air 16 15 14 13 Inch, New iPad Pro and All USB C Device, Include Charge Cable 6.6ft"
B09GHV6G55,Dell 65W USB-C Laptop Charger for XPS and Latitude 5000 - Power Cord Included,Electronics,Unknown,22.99,34.99,,1544,FALSE,FALSE,FALSE,166,Available,https://images.pexels.com/photos/8569471/pexels-photo-8569471.jpeg,Premium quality Dell 65W USB-C Laptop Charger for XPS and Latitude 5000 - Power Cord Included
B082X6TSZX,65W Laptop Charger for HP EliteBook Charger 840 850 845 830 820 G9 G8 G7 G6 G5 G4 G3 / ProBook 450 430 440 446 455 470 640 650 745 735 725 755 Power Cord,Electronics,Unknown,15.99,15.99,,2570,FALSE,FALSE,FALSE,167,Available,https://images.pexels.com/photos/6611936/pexels-photo-6611936.jpeg,Premium quality 65W Laptop Charger for HP EliteBook Charger 840 850 845 830 820 G9 G8 G7 G6 G5 G4 G3 / ProBook 450 430 440 446 455 470 640 650 745 735 725 755 Power Cord
B09SFR4FDR,65W Replacement HP Laptop Charger Compatible for HP Pavilion 11 13 15;HP elitebook Folio 1040 g1;hp touchsmart 11 13 15;HP Stream 13 11 14,Electronics,Unknown,8.99,9.59,,2611,FALSE,FALSE,FALSE,218,Available,https://images.pexels.com/photos/6001241/pexels-photo-6001241.jpeg,Premium quality 65W Replacement HP Laptop Charger Compatible for HP Pavilion 11 13 15;HP elitebook Folio 1040 g1;hp touchsmart 11 13 15;HP Stream 13 11 14
B08X4M4LBR,"Charger for Lenovo Laptop - Upgraded Version, (UL Safety Certified), Foldable Plug, Lengthened Power Cable, Charging Light, 65W-45W Light-Weight Adapter Compatible with Ideapad, Flex, V/B/E/S Series",Electronics,Unknown,15.87,25.99,,4465,FALSE,FALSE,FALSE,147,Available,https://images.pexels.com/photos/13736497/pexels-photo-13736497.jpeg,"Premium quality Charger for Lenovo Laptop - Upgraded Version, (UL Safety Certified), Foldable Plug, Lengthened Power Cable, Charging Light, 65W-45W Light-Weight Adapter Compatible with Ideapad, Flex, V/B/E/S Series"
B088T52KZD,"Charger for Lenovo Laptop [UL Safety Certified] Thinkpad, Yoga,Chromebook Computer 65W 45W USB C Fast Power Adapte",Electronics,Unknown,15.99,16.99,,2685,FALSE,FALSE,FALSE,58,Available,https://images.pexels.com/photos/11129922/pexels-photo-11129922.jpeg,"Premium quality Charger for Lenovo Laptop [UL Safety Certified] Thinkpad, Yoga,Chromebook Computer 65W 45W USB C Fast Power Adapte"
B0B24523S2,"New Slim HP 65W USB C Laptop Charger AC Adapter Replacement for HP Spectre X360,Spectre,Elitebook x360,Elitebook,Envy,Chromebook,Elite x2,ProBook Travel Type C Power Cord Supply",Electronics,Unknown,20.99,23.99,,788,FALSE,FALSE,FALSE,148,Available,https://images.pexels.com/photos/3747070/pexels-photo-3747070.jpeg,"Premium quality New Slim HP 65W USB C Laptop Charger AC Adapter Replacement for HP Spectre X360,Spectre,Elitebook x360,Elitebook,Envy,Chromebook,Elite x2,ProBook Travel Type C Power Cord Supply"
B0BLRJ4R8F,"Amazon Basics Ergonomic and Foldable Laptop Stand for Desk, Adjustable Riser, Fits all Laptops and Notebooks up to 17.3 Inch, 10 x 8.7 x 6 in, Silver",Electronics,Unknown,30.39,30.39,,1198,FALSE,FALSE,FALSE,286,Available,https://images.pexels.com/photos/1181449/pexels-photo-1181449.jpeg,"Premium quality Amazon Basics Ergonomic and Foldable Laptop Stand for Desk, Adjustable Riser, Fits all Laptops and Notebooks up to 17.3 Inch, 10 x 8.7 x 6 in, Silver"
B09PYPPD9L,"Laptop Stand for Desk, Adjustable Computer Stand with 360° Rotating Base, Ergonomic Laptop Riser for Collaborative Work, Foldable & Portable Laptop Stand, fits for All 10-16"" Laptops",Electronics,Unknown,35.98,35.98,,1802,FALSE,FALSE,FALSE,170,Available,https://images.pexels.com/photos/13736497/pexels-photo-13736497.jpeg,"Premium quality Laptop Stand for Desk, Adjustable Computer Stand with 360° Rotating Base, Ergonomic Laptop Riser for Collaborative Work, Foldable & Portable Laptop Stand, fits for All 10-16"" Laptops"
B0B1L6R9NN,"Foldable Laptop Stand, Height Adjustable Ergonomic Computer Stand for Desk, Aluminum Portable Laptop Riser Holder Mount Compatible with MacBook Pro Air, HP, Dell 10-16""",Electronics,Unknown,19.99,22.99,,3375,FALSE,FALSE,FALSE,118,Available,https://images.pexels.com/photos/8569471/pexels-photo-8569471.jpeg,"Premium quality Foldable Laptop Stand, Height Adjustable Ergonomic Computer Stand for Desk, Aluminum Portable Laptop Riser Holder Mount Compatible with MacBook Pro Air, HP, Dell 10-16"""
B07GFF82DP,"Amazon Basics Aluminum Portable Foldable Laptop Support Stand for Laptops up to 13"", Black",Electronics,Unknown,15.99,18.04,,5120,FALSE,FALSE,FALSE,282,Available,https://images.pexels.com/photos/6001241/pexels-photo-6001241.jpeg,"Premium quality Amazon Basics Aluminum Portable Foldable Laptop Support Stand for Laptops up to 13"", Black"
B00LSU4QD8,Rain Design iLevel2 Adjustable Height Laptop Stand (Patented) (Silver),Electronics,Unknown,62.9,62.9,,1026,FALSE,FALSE,FALSE,271,Available,https://images.pexels.com/photos/20432893/pexels-photo-20432893.jpeg,Premium quality Rain Design iLevel2 Adjustable Height Laptop Stand (Patented) (Silver)
B0B1LH9RDT,"Adjustable Computer Stand with 360 Rotating Base, Ergonimic Foldable Laptop Riser for Desk Compatible with MacBook Pro/Air Notebook up to 16 Inches, Silver",Electronics,Unknown,35.99,39.99,,2073,FALSE,FALSE,FALSE,163,Available,https://images.pexels.com/photos/8569471/pexels-photo-8569471.jpeg,"Premium quality Adjustable Computer Stand with 360 Rotating Base, Ergonimic Foldable Laptop Riser for Desk Compatible with MacBook Pro/Air Notebook up to 16 Inches, Silver"
B09Y8B81F7,"tounee Telescopic Laptop Stand for Desk with 360° Swivel Base, Sit to Stand, Height Adjustable, Portable Riser Holder for Good Posture, Compatible with MacBook Pro, All Laptops 10-17""-Gray",Electronics,Unknown,49.99,49.99,,2122,FALSE,FALSE,FALSE,131,Available,https://images.pexels.com/photos/8569471/pexels-photo-8569471.jpeg,"Premium quality tounee Telescopic Laptop Stand for Desk with 360° Swivel Base, Sit to Stand, Height Adjustable, Portable Riser Holder for Good Posture, Compatible with MacBook Pro, All Laptops 10-17""-Gray"
B0B6V32P8V,"Portable Laptop Stand, OMOTON Laptop Stand for Desk Ergonomic 7-Levels Angles Adjustable Computer Stand, ABS Laptop Riser Holder Compatible with All Laptops and iPad(10-15.6"")",Electronics,Unknown,9.99,9.99,,3373,FALSE,FALSE,FALSE,79,Available,https://images.pexels.com/photos/1181449/pexels-photo-1181449.jpeg,"Premium quality Portable Laptop Stand, OMOTON Laptop Stand for Desk Ergonomic 7-Levels Angles Adjustable Computer Stand, ABS Laptop Riser Holder Compatible with All Laptops and iPad(10-15.6"")"
B0CBDDL51W,"Omhuzsyo standing desk converter Stand up office desk riser on the desktop is suitable for use in laptops and single monitor work consoles, home offices, and can be adjusted in height(Log Color)",Electronics,Unknown,61.9,61.9,,8,FALSE,FALSE,FALSE,21,Available,https://images.pexels.com/photos/5474290/pexels-photo-5474290.jpeg,"Premium quality Omhuzsyo standing desk converter Stand up office desk riser on the desktop is suitable for use in laptops and single monitor work consoles, home offices, and can be adjusted in height(Log Color)"
B08G84P8ZX,"Laptop Stand for Desk, Adjustable Laptop Riser ABS+Silicone Foldable Portable Laptop Holder, Ventilated Cooling Notebook Mount Computer Stand for 10-15.6” Laptops,Tablets-Black",Electronics,Unknown,9.99,9.99,,11350,FALSE,FALSE,FALSE,273,Available,https://images.pexels.com/photos/6372819/pexels-photo-6372819.jpeg,"Premium quality Laptop Stand for Desk, Adjustable Laptop Riser ABS+Silicone Foldable Portable Laptop Holder, Ventilated Cooling Notebook Mount Computer Stand for 10-15.6” Laptops,Tablets-Black"
B08B13JGN4,"OMOTON Laptop Stand, Detachable Laptop Mount, Aluminum Laptop Holder Stand for Desk, Compatible with MacBook Air/Pro, Dell, HP, Lenovo and All Laptops (11-16 inch), Silver",Electronics,Unknown,15.99,26.99,,8771,FALSE,FALSE,FALSE,159,Available,https://images.pexels.com/photos/8569471/pexels-photo-8569471.jpeg,"Premium quality OMOTON Laptop Stand, Detachable Laptop Mount, Aluminum Laptop Holder Stand for Desk, Compatible with MacBook Air/Pro, Dell, HP, Lenovo and All Laptops (11-16 inch), Silver"
B0BT9L688F,"BESIGN LSX7 Laptop Stand with 360° Rotating Base, Ergonomic Adjustable Notebook Stand, Riser Holder Computer Stand Compatible with Air, Pro, Dell, HP, Lenovo More 10-15.6"" Laptops (Black)",Electronics,Unknown,24.99,24.99,,2463,FALSE,FALSE,FALSE,56,Available,https://images.pexels.com/photos/29249664/pexels-photo-29249664.jpeg,"Premium quality BESIGN LSX7 Laptop Stand with 360° Rotating Base, Ergonomic Adjustable Notebook Stand, Riser Holder Computer Stand Compatible with Air, Pro, Dell, HP, Lenovo More 10-15.6"" Laptops (Black)"
B0BT9MG6VT,"BESIGN LSX6N Laptop Stand, Ergonomic Adjustable Notebook Riser Holder, Computer Stand Compatible with Air, Pro, Dell, HP, Lenovo More 10-15.6"" Laptops, Black",Electronics,Unknown,24.99,29.99,,2345,FALSE,FALSE,FALSE,179,Available,https://images.pexels.com/photos/3747070/pexels-photo-3747070.jpeg,"Premium quality BESIGN LSX6N Laptop Stand, Ergonomic Adjustable Notebook Riser Holder, Computer Stand Compatible with Air, Pro, Dell, HP, Lenovo More 10-15.6"" Laptops, Black"
B08TBG3SPW,"Laptop Desk for Bed, SAIJI Height & Angle Adjustable Laptop Stand for Bed, Lap Desk Bed Tray Table, Light Weight Foldable Portable Laptop table for Couch Sofa Chair Floor Desk for Adults, Kids (Black)",Electronics,Unknown,29.99,29.99,,2697,FALSE,FALSE,FALSE,28,Available,https://images.pexels.com/photos/1604025/pexels-photo-1604025.jpeg,"Premium quality Laptop Desk for Bed, SAIJI Height & Angle Adjustable Laptop Stand for Bed, Lap Desk Bed Tray Table, Light Weight Foldable Portable Laptop table for Couch Sofa Chair Floor Desk for Adults, Kids (Black)"
B07D74DT3B,"SOUNDANCE Laptop Stand, Aluminum Computer Riser, Ergonomic Laptops Elevator for Desk, Metal Holder Compatible with 10 to 15.6 Inches Notebook Computer, Silver",Electronics,Unknown,19.99,25.99,,51076,FALSE,FALSE,FALSE,252,Available,https://images.pexels.com/photos/13736497/pexels-photo-13736497.jpeg,"Premium quality SOUNDANCE Laptop Stand, Aluminum Computer Riser, Ergonomic Laptops Elevator for Desk, Metal Holder Compatible with 10 to 15.6 Inches Notebook Computer, Silver"
B07MJKH8XW,"Amazon Basics Adjustable Tray Table Lap Desk Fits up to 17-Inch Laptop, Large, 13""x24"", Cream",Electronics,Unknown,45,64.63,,5680,FALSE,FALSE,FALSE,118,Available,https://images.pexels.com/photos/1181449/pexels-photo-1181449.jpeg,"Premium quality Amazon Basics Adjustable Tray Table Lap Desk Fits up to 17-Inch Laptop, Large, 13""x24"", Cream"
B0CC936WF1,"Inspiron 15 3000 3520 Business Laptop Computer[Windows 11 Pro], 15.6'' FHD Touchscreen, 11th Gen Intel Quad-Core i5-1135G7, 16GB RAM, 1TB PCIe SSD, Numeric Keypad, Wi-Fi, Webcam, HDMI, Black",Electronics,Dell,471.98,583,,195,FALSE,FALSE,TRUE,166,Available,https://images.pexels.com/photos/3747070/pexels-photo-3747070.jpeg,"Premium quality Inspiron 15 3000 3520 Business Laptop Computer[Windows 11 Pro], 15.6'' FHD Touchscreen, 11th Gen Intel Quad-Core i5-1135G7, 16GB RAM, 1TB PCIe SSD, Numeric Keypad, Wi-Fi, Webcam, HDMI, Black"
B0BRT67MWZ,"Inspiron 3511 Laptop, 15.6"" Full HD Touchscreen, Intel Core i5-1135G7 (Beats Intel i7-1065G7), 32GB DDR4 RAM, 1TB PCIe SSD, SD Card Reader, HDMI, Wi-Fi, Windows 11 Home, Black",Electronics,Dell,481.8,481.8,,430,FALSE,FALSE,FALSE,227,Available,https://images.pexels.com/photos/8532766/pexels-photo-8532766.jpeg,"Premium quality Inspiron 3511 Laptop, 15.6"" Full HD Touchscreen, Intel Core i5-1135G7 (Beats Intel i7-1065G7), 32GB DDR4 RAM, 1TB PCIe SSD, SD Card Reader, HDMI, Wi-Fi, Windows 11 Home, Black"
B0B338HW3T,"Newest Inspiron 15 3511 Laptop, 15.6"" FHD Touchscreen, Intel Core i5-1035G1, 12GB RAM, 256GB PCIe NVMe M.2 SSD, SD Card Reader, Webcam, HDMI, WiFi, Windows 11 Home, Black",Electronics,Dell,402.85,599,,379,FALSE,FALSE,FALSE,150,Available,https://images.pexels.com/photos/11129922/pexels-photo-11129922.jpeg,"Premium quality Newest Inspiron 15 3511 Laptop, 15.6"" FHD Touchscreen, Intel Core i5-1035G1, 12GB RAM, 256GB PCIe NVMe M.2 SSD, SD Card Reader, Webcam, HDMI, WiFi, Windows 11 Home, Black"
B09GYN91J9,"Inspiron 15 3511 15.6 Inch Laptop, Full HD LED Non-Touch WVA Display - Intel Core i3-1115G4, 8GB DDR4 RAM, 256GB SSD, UHD Graphics, Windows 11 Home - Carbon Black",Electronics,Dell,349,349,,399,FALSE,FALSE,FALSE,171,Available,https://images.pexels.com/photos/6001241/pexels-photo-6001241.jpeg,"Premium quality Inspiron 15 3511 15.6 Inch Laptop, Full HD LED Non-Touch WVA Display - Intel Core i3-1115G4, 8GB DDR4 RAM, 256GB SSD, UHD Graphics, Windows 11 Home - Carbon Black"
B0CTKKHKR3,"Latitude 3540 15.6"" FHD Business Laptop Computer, Intel 10-Core i5-1235U (Beat i7-1195G7), 32GB DDR4 RAM, 1TB PCIe SSD, WiFi 6E, Bluetooth, Black, Windows 11 Pro",Electronics,Dell,834.99,889,,30,FALSE,FALSE,FALSE,73,Available,https://images.pexels.com/photos/7241679/pexels-photo-7241679.jpeg,"Premium quality Latitude 3540 15.6"" FHD Business Laptop Computer, Intel 10-Core i5-1235U (Beat i7-1195G7), 32GB DDR4 RAM, 1TB PCIe SSD, WiFi 6E, Bluetooth, Black, Windows 11 Pro"
B0BPHQFLZX,"Inspiron 15 3520 15.6"" FHD Laptop, Intel Core i7-1255U Processor, 32GB RAM,1TB SSD, SD Card Reader, WiFi, Bluetooth, Webcam, Win 11 Home, Alpacatec Accessories, Carbon Black",Electronics,Dell,639.99,739,,3,FALSE,FALSE,FALSE,139,Available,https://images.pexels.com/photos/29249664/pexels-photo-29249664.jpeg,"Premium quality Inspiron 15 3520 15.6"" FHD Laptop, Intel Core i7-1255U Processor, 32GB RAM,1TB SSD, SD Card Reader, WiFi, Bluetooth, Webcam, Win 11 Home, Alpacatec Accessories, Carbon Black"
B0D273XDFY,"Inspiron 16 Plus 7640 Laptop - 16.0-inch 16:10 2.5K Display, Intel Core i7-13620H Processor, 16GB LPDDR5 RAM, 1TB SSD, Intel UHD Graphics, Windows 11 Home, Onsite & Migrate Service - Ice Blue",Electronics,Dell,59.99,59.99,,62,FALSE,FALSE,FALSE,180,Available,https://images.pexels.com/photos/6611936/pexels-photo-6611936.jpeg,"Premium quality Inspiron 16 Plus 7640 Laptop - 16.0-inch 16:10 2.5K Display, Intel Core i7-13620H Processor, 16GB LPDDR5 RAM, 1TB SSD, Intel UHD Graphics, Windows 11 Home, Onsite & Migrate Service - Ice Blue"
B0D951M4F8,"Inspiron 3520 15.6"" Touchscreen i7 Laptop, 15.6"" FHD Touchscreen, Intel Core i7-1255U, 32GB RAM, 1TB SSD, Numeric Keypad, Webcam, SD Card Reader, HDMI, Wi-Fi, Windows 11 Home, Black",Electronics,Dell,676.99,676.99,,2,FALSE,FALSE,FALSE,135,Available,https://images.pexels.com/photos/13736497/pexels-photo-13736497.jpeg,"Premium quality Inspiron 3520 15.6"" Touchscreen i7 Laptop, 15.6"" FHD Touchscreen, Intel Core i7-1255U, 32GB RAM, 1TB SSD, Numeric Keypad, Webcam, SD Card Reader, HDMI, Wi-Fi, Windows 11 Home, Black"
B0DBHMYX5T,"Inspiron 15 3520 3000 15.6"" Touchscreen FHD Business Laptop Computer, Intel 10-Core i5-1235U (Beat i7-1195G7), 16GB DDR4 RAM, 512GB PCIe SSD, WiFi, Microsoft Office Annual License, Win 11 Pro S",Electronics,Dell,475,499,,20,FALSE,FALSE,FALSE,94,Available,https://images.pexels.com/photos/6001241/pexels-photo-6001241.jpeg,"Premium quality Inspiron 15 3520 3000 15.6"" Touchscreen FHD Business Laptop Computer, Intel 10-Core i5-1235U (Beat i7-1195G7), 16GB DDR4 RAM, 512GB PCIe SSD, WiFi, Microsoft Office Annual License, Win 11 Pro S"
B0CGL5PWX3,"2023 Newest Inspiron 15 3520 Laptop, 15.6"" FHD Display, Intel Core i5-1135G7 up to 4.2GHz, 8GB RAM, 256GB SSD, Intel UHD Graphics, Wi-Fi, Bluetooth, Windows 11 Home",Electronics,Dell,416,416,,44,FALSE,FALSE,FALSE,132,Available,https://images.pexels.com/photos/6372819/pexels-photo-6372819.jpeg,"Premium quality 2023 Newest Inspiron 15 3520 Laptop, 15.6"" FHD Display, Intel Core i5-1135G7 up to 4.2GHz, 8GB RAM, 256GB SSD, Intel UHD Graphics, Wi-Fi, Bluetooth, Windows 11 Home"
B0C1TVRDXX,"Inspiron 15 3000 3520 15.6"" FHD Touchscreen (Intel 4-Core i5-1135G7, 16GB RAM, 512GB PCIe SSD, UHD Graphics) Business Laptop, WVA Anti-Glare, Numeric Keypad, Webcam, Wi-Fi, Win 11 Pro, Black",Electronics,Dell,445.96,467.99,,67,FALSE,FALSE,FALSE,123,Available,https://images.pexels.com/photos/13736497/pexels-photo-13736497.jpeg,"Premium quality Inspiron 15 3000 3520 15.6"" FHD Touchscreen (Intel 4-Core i5-1135G7, 16GB RAM, 512GB PCIe SSD, UHD Graphics) Business Laptop, WVA Anti-Glare, Numeric Keypad, Webcam, Wi-Fi, Win 11 Pro, Black"
B0CB6WK5VD,"Newest 13th Generation Business Inspiron 15 3530 Laptop, 15.6"" FHD Touchscreen, Intel Core i7-1355U, 64GB RAM, 2TB SSD, Webcam, HDMI, Wi-Fi 6, Windows 11 Pro, Black",Electronics,Dell,848.95,896.93,,54,FALSE,FALSE,FALSE,273,Available,https://images.pexels.com/photos/11129922/pexels-photo-11129922.jpeg,"Premium quality Newest 13th Generation Business Inspiron 15 3530 Laptop, 15.6"" FHD Touchscreen, Intel Core i7-1355U, 64GB RAM, 2TB SSD, Webcam, HDMI, Wi-Fi 6, Windows 11 Pro, Black"
B09WXZV2T2,"Dell Latitude 7420 FHD Laptop Notebook with Intel Core i7 11th Gen Processor (16GB Ram, 512GB SSD, WiFi, Bluetooth) Windows 11 Pro - Carbon Fiber (Renewed)",Electronics,Unknown,59.99,59.99,,93,FALSE,FALSE,FALSE,246,Available,https://images.pexels.com/photos/1181449/pexels-photo-1181449.jpeg,"Premium quality Dell Latitude 7420 FHD Laptop Notebook with Intel Core i7 11th Gen Processor (16GB Ram, 512GB SSD, WiFi, Bluetooth) Windows 11 Pro - Carbon Fiber (Renewed)"
B0CZ59B6MH,"Inspiron 5645 Laptop - 16.0 16:10 FHD+ (1920 x 1200) Display, AMD Ryzen 7-8840U, 16GB DDR5 RAM, 1TB SSD, AMD Radeon Graphics, Windows 11 Home, Onsite & Migrate Services - Midnight Blue",Electronics,Dell,59.99,59.99,,75,FALSE,FALSE,FALSE,131,Available,https://images.pexels.com/photos/1604025/pexels-photo-1604025.jpeg,"Premium quality Inspiron 5645 Laptop - 16.0 16:10 FHD+ (1920 x 1200) Display, AMD Ryzen 7-8840U, 16GB DDR5 RAM, 1TB SSD, AMD Radeon Graphics, Windows 11 Home, Onsite & Migrate Services - Midnight Blue"
B0DFBQDQJK,"Latitude 5420 14 5000 14"" Touchscreen FHD Business Laptop Computer, Intel i5-1145G7 (Beat i7-1065G7), 16GB DDR4 RAM, 512GB PCIe SSD, WiFi 6, Bluetooth, Backlit Keyboard, Windows 10 Pro",Electronics,Dell,679,679,,3,FALSE,FALSE,FALSE,118,Available,https://images.pexels.com/photos/5474290/pexels-photo-5474290.jpeg,"Premium quality Latitude 5420 14 5000 14"" Touchscreen FHD Business Laptop Computer, Intel i5-1145G7 (Beat i7-1065G7), 16GB DDR4 RAM, 512GB PCIe SSD, WiFi 6, Bluetooth, Backlit Keyboard, Windows 10 Pro"
B0C6NC4KRT,"17 Business Laptop, 17.3” HD+ Display, 11th Gen Intel Core i3-1125G4 Processor, 32GB RAM, 1TB SSD, Wi-Fi, HDMI, Webcam, Windows 11 Pro, Silver",Electronics,HP,499,499,,1585,FALSE,FALSE,FALSE,172,Available,https://images.pexels.com/photos/5474290/pexels-photo-5474290.jpeg,"Premium quality 17 Business Laptop, 17.3” HD+ Display, 11th Gen Intel Core i3-1125G4 Processor, 32GB RAM, 1TB SSD, Wi-Fi, HDMI, Webcam, Windows 11 Pro, Silver"
B0CPGKT77T,"15.6"" Portable Laptop (Include 1 Year Microsoft 365), HD Display, Intel Quad-Core N200 Processor, 16GB RAM, 128GB Storage, Wi-Fi 5, Webcam, HDMI, Numeric Keypad, Windows 11 Home, Red",Electronics,HP,267.98,306.95,,675,FALSE,FALSE,FALSE,213,Available,https://images.pexels.com/photos/20432893/pexels-photo-20432893.jpeg,"Premium quality 15.6"" Portable Laptop (Include 1 Year Microsoft 365), HD Display, Intel Quad-Core N200 Processor, 16GB RAM, 128GB Storage, Wi-Fi 5, Webcam, HDMI, Numeric Keypad, Windows 11 Home, Red"
B0CZL2SLCJ,"Stream 14"" HD BrightView Laptop, Intel Celeron N4120, 16GB RAM, 288GB Storage (128GB eMMC + 160GB Docking Station Set), Intel UHD Graphics, 720p Webcam, Wi-Fi, 1 Year Office 365, Win 11 S, Gold",Electronics,HP,309,399,,1986,FALSE,FALSE,FALSE,182,Available,https://images.pexels.com/photos/6001241/pexels-photo-6001241.jpeg,"Premium quality Stream 14"" HD BrightView Laptop, Intel Celeron N4120, 16GB RAM, 288GB Storage (128GB eMMC + 160GB Docking Station Set), Intel UHD Graphics, 720p Webcam, Wi-Fi, 1 Year Office 365, Win 11 S, Gold"
B0CKTZVB17,"17 Laptop, 17.3"" HD+ Touchscreen Display, 12th Gen Intel Core i7-1255U, 64GB RAM, 2TB SSD, Webcam, HDMI, SuperSpeed USB Ports, Wi-Fi 6, Windows 11 Home, Silver",Electronics,HP,873.99,999,,392,FALSE,FALSE,FALSE,227,Available,https://images.pexels.com/photos/8569471/pexels-photo-8569471.jpeg,"Premium quality 17 Laptop, 17.3"" HD+ Touchscreen Display, 12th Gen Intel Core i7-1255U, 64GB RAM, 2TB SSD, Webcam, HDMI, SuperSpeed USB Ports, Wi-Fi 6, Windows 11 Home, Silver"
B0C4G4L53W,"Newest Pavilion 15.6"" HD Touchscreen Anti-Glare Laptop, 16GB RAM, 1TB SSD Storage, Intel Core Processor up to 4.1GHz, Up to 11 Hours Long Battery Life, Type-C, HDMI, Windows 11 Home, Silver",Electronics,HP,398.6,398.6,,739,FALSE,FALSE,FALSE,188,Available,https://images.pexels.com/photos/10655906/pexels-photo-10655906.jpeg,"Premium quality Newest Pavilion 15.6"" HD Touchscreen Anti-Glare Laptop, 16GB RAM, 1TB SSD Storage, Intel Core Processor up to 4.1GHz, Up to 11 Hours Long Battery Life, Type-C, HDMI, Windows 11 Home, Silver"
B0CVNH95DX,"17.3 inch Laptop, FHD Display, AMD Ryzen 5 7520U, 16 GB RAM, 512 GB SSD, AMD Radeon Graphics, Windows 11 Home, 17-cp2099nr (2024)",Electronics,HP,494.99,494.99,,54,FALSE,FALSE,FALSE,180,Available,https://images.pexels.com/photos/19935029/pexels-photo-19935029.jpeg,"Premium quality 17.3 inch Laptop, FHD Display, AMD Ryzen 5 7520U, 16 GB RAM, 512 GB SSD, AMD Radeon Graphics, Windows 11 Home, 17-cp2099nr (2024)"
B0D4RH881B,"Newest 255 G10 15.6"" FHD Business Laptop, AMD Ryzen 7 7730U, 32GB RAM, 1TB PCIe SSD, Numeric Keypad, Webcam, Wi-Fi 6, HDMI, Windows 11 Pro, Black",Electronics,HP,557.52,619.9,,51,FALSE,FALSE,FALSE,87,Available,https://images.pexels.com/photos/10655906/pexels-photo-10655906.jpeg,"Premium quality Newest 255 G10 15.6"" FHD Business Laptop, AMD Ryzen 7 7730U, 32GB RAM, 1TB PCIe SSD, Numeric Keypad, Webcam, Wi-Fi 6, HDMI, Windows 11 Pro, Black"
B0DBZ6Z71D,"15.6 FHD Flagship Business Laptop Computer, 32GB RAM, 1TB PCIe SSD, 12th Gen Intel 10 Cores i5-1235U (Beat i7-1195G7), Iris Xe Graphics, Bluetooth, HDMI, WiFi 5, Win 11, w/GM Accessories",Electronics,HP,514.89,549,,13,FALSE,FALSE,FALSE,296,Available,https://images.pexels.com/photos/265144/pexels-photo-265144.jpeg,"Premium quality 15.6 FHD Flagship Business Laptop Computer, 32GB RAM, 1TB PCIe SSD, 12th Gen Intel 10 Cores i5-1235U (Beat i7-1195G7), Iris Xe Graphics, Bluetooth, HDMI, WiFi 5, Win 11, w/GM Accessories"
B0D6B6SG4M,"17.3"" FHD Business Laptop 2024, 32GB RAM, 1TB SSD, 12th Gen Intel Core i3-1215U (6-Core, Beat i5-1135G7), Wi-Fi, Long Battery Life, Webcam, Numpad, Windows 11 Pro, KyyWee Accessories",Electronics,HP,649,649,,82,FALSE,FALSE,FALSE,154,Available,https://images.pexels.com/photos/3747070/pexels-photo-3747070.jpeg,"Premium quality 17.3"" FHD Business Laptop 2024, 32GB RAM, 1TB SSD, 12th Gen Intel Core i3-1215U (6-Core, Beat i5-1135G7), Wi-Fi, Long Battery Life, Webcam, Numpad, Windows 11 Pro, KyyWee Accessories"
B0DBV3N2VN,"15.6 FHD Flagship Business Laptop Computer, 32GB RAM, 1TB PCIe SSD, 12th Gen Intel 10 Cores i5-1235U (Beat i7-1195G7), Iris Xe Graphics, Bluetooth, HDMI, WiFi 5, Win 11 Pro, w/GM Accessories",Electronics,HP,503,549.99,,3,FALSE,FALSE,FALSE,214,Available,https://images.pexels.com/photos/8532766/pexels-photo-8532766.jpeg,"Premium quality 15.6 FHD Flagship Business Laptop Computer, 32GB RAM, 1TB PCIe SSD, 12th Gen Intel 10 Cores i5-1235U (Beat i7-1195G7), Iris Xe Graphics, Bluetooth, HDMI, WiFi 5, Win 11 Pro, w/GM Accessories"
B0C78KWS3Y,"ProBook 450 G10 15.6"" Notebook - Full HD - 1920 x 1080 - Intel Core i7 13th Gen i7-1355U Deca-core (10 Core) 1.70 GHz - 16 GB Total RAM - 512 GB SSD - Pike Silver Plastic",Electronics,HP,715,762,,5,FALSE,FALSE,FALSE,147,Available,https://images.pexels.com/photos/7439131/pexels-photo-7439131.jpeg,"Premium quality ProBook 450 G10 15.6"" Notebook - Full HD - 1920 x 1080 - Intel Core i7 13th Gen i7-1355U Deca-core (10 Core) 1.70 GHz - 16 GB Total RAM - 512 GB SSD - Pike Silver Plastic"
B0DBH1WWDX,"15.6 inch Laptop, Intel N200 Quad-Core Processor, 8GB RAM, 128GB SSD, Wi-Fi 6, Webcam, HDMI, Numeric Keypad, Windows 11 Home, Silver",Electronics,HP,379,379,,7,FALSE,FALSE,FALSE,52,Available,https://images.pexels.com/photos/11129922/pexels-photo-11129922.jpeg,"Premium quality 15.6 inch Laptop, Intel N200 Quad-Core Processor, 8GB RAM, 128GB SSD, Wi-Fi 6, Webcam, HDMI, Numeric Keypad, Windows 11 Home, Silver"
B0CDQTSSTR,"IdeaPad 1 Student Laptop, Intel Dual Core Processor, 20GB RAM, 1TB SSD + 128GB eMMC, 15.6"" FHD Display, 1 Year Office 365, Windows 11 Home, Wi-Fi 6, Webcam, Bluetooth, SD Card Reader, Grey",Electronics,Lenovo,59.99,59.99,,837,FALSE,FALSE,TRUE,195,Available,https://images.pexels.com/photos/8532766/pexels-photo-8532766.jpeg,"Premium quality IdeaPad 1 Student Laptop, Intel Dual Core Processor, 20GB RAM, 1TB SSD + 128GB eMMC, 15.6"" FHD Display, 1 Year Office 365, Windows 11 Home, Wi-Fi 6, Webcam, Bluetooth, SD Card Reader, Grey"
B08F93HGNB,"IdeaPad 3i Laptop, 15.6"" HD Touchscreen Display, Intel Core i3-1115G4 Processor, 12GB DDR4 RAM, 256GB PCIe SSD, Bluetooth, Webcam, Wi-Fi 6, HDMI, Windows 11 Home, Grey",Electronics,Lenovo,318.99,599,,657,FALSE,FALSE,FALSE,41,Available,https://images.pexels.com/photos/15940010/pexels-photo-15940010.jpeg,"Premium quality IdeaPad 3i Laptop, 15.6"" HD Touchscreen Display, Intel Core i3-1115G4 Processor, 12GB DDR4 RAM, 256GB PCIe SSD, Bluetooth, Webcam, Wi-Fi 6, HDMI, Windows 11 Home, Grey"
B0DCL89JW5,"Essential IdeaPad • 36GB RAM • 1.5TB Storage(512GB SSD and 1TB Cloud Storage) • 15.6"" Full HD • Intel 4-core • Free 1 Year Office 365 • Wi-Fi 6 • Type-C • Windows 11 Home (15.6"" None-Touch)",Electronics,Lenovo,59.99,59.99,,14,FALSE,FALSE,FALSE,257,Available,https://images.pexels.com/photos/20510008/pexels-photo-20510008.jpeg,"Premium quality Essential IdeaPad • 36GB RAM • 1.5TB Storage(512GB SSD and 1TB Cloud Storage) • 15.6"" Full HD • Intel 4-core • Free 1 Year Office 365 • Wi-Fi 6 • Type-C • Windows 11 Home (15.6"" None-Touch)"
B0CF27XTKM,"2023 V15 G3 15.6"" FHD Business Laptop Computer, 12th Gen Intel 10 Cores i5-1235U (Beat i7-1195G7), 16GB DDR4 RAM, 512GB PCIe SSD, 802.11AC WiFi, Bluetooth 5.1, Windows 11 Pro, AZ-XUT Cable",Electronics,Lenovo,569,569,,58,FALSE,FALSE,FALSE,177,Available,https://images.pexels.com/photos/9263102/pexels-photo-9263102.jpeg,"Premium quality 2023 V15 G3 15.6"" FHD Business Laptop Computer, 12th Gen Intel 10 Cores i5-1235U (Beat i7-1195G7), 16GB DDR4 RAM, 512GB PCIe SSD, 802.11AC WiFi, Bluetooth 5.1, Windows 11 Pro, AZ-XUT Cable"
B0DG4K6ZRY,"IdeaPad Flex 5i 2-in-1 14"" FHD+ Touchscreen Laptop, Intel i3-1215U, 8GB LPDDR4, 416GB Storage(256GB SSD +160GB Docking Station Set), Backlit Keyboard, Fingerprint Reader, Win 11 S, Storm Grey",Electronics,Lenovo,449,549,,6,FALSE,FALSE,FALSE,57,Available,https://images.pexels.com/photos/20432893/pexels-photo-20432893.jpeg,"Premium quality IdeaPad Flex 5i 2-in-1 14"" FHD+ Touchscreen Laptop, Intel i3-1215U, 8GB LPDDR4, 416GB Storage(256GB SSD +160GB Docking Station Set), Backlit Keyboard, Fingerprint Reader, Win 11 S, Storm Grey"
B0DCW8S2LY,"2024 IdeaPad 1 Gen 7 Laptop, 15.6"" FHD Touchscreen, Intel Core i3-1215U, 16GB RAM, 1TB SSD, SD Card Reader, HDMI, Webcam, Wi-Fi 6, Windows 11 Home, Grey",Electronics,Lenovo,59.99,59.99,,12,FALSE,FALSE,FALSE,249,Available,https://images.pexels.com/photos/6001241/pexels-photo-6001241.jpeg,"Premium quality 2024 IdeaPad 1 Gen 7 Laptop, 15.6"" FHD Touchscreen, Intel Core i3-1215U, 16GB RAM, 1TB SSD, SD Card Reader, HDMI, Webcam, Wi-Fi 6, Windows 11 Home, Grey"
B08B6F1NNR,"2022 Newest Ideapad 3 Laptop, 15.6"" HD Touchscreen, 11th Gen Intel Core i3-1115G4 Processor, 8GB DDR4 RAM, 256GB PCIe NVMe SSD, HDMI, Webcam, Wi-Fi 5, Bluetooth, Windows 11 Home, Almond",Electronics,Lenovo,309,323.95,,4130,FALSE,FALSE,FALSE,70,Available,https://images.pexels.com/photos/20432893/pexels-photo-20432893.jpeg,"Premium quality 2022 Newest Ideapad 3 Laptop, 15.6"" HD Touchscreen, 11th Gen Intel Core i3-1115G4 Processor, 8GB DDR4 RAM, 256GB PCIe NVMe SSD, HDMI, Webcam, Wi-Fi 5, Bluetooth, Windows 11 Home, Almond"
B0CV3CDRNG,"IdeaPad 1 Student Laptop, 14"" HD Display Intel Celeron N4020, 4GB RAM, 128GB eMMC,Long Battery Life-Up to 11 Hours, Wi-Fi 6, Windows 11 Home Business Laptop",Electronics,Lenovo,162,172.9,,55,FALSE,FALSE,FALSE,283,Available,https://images.pexels.com/photos/6372819/pexels-photo-6372819.jpeg,"Premium quality IdeaPad 1 Student Laptop, 14"" HD Display Intel Celeron N4020, 4GB RAM, 128GB eMMC,Long Battery Life-Up to 11 Hours, Wi-Fi 6, Windows 11 Home Business Laptop"
B0CK986D7R,"V15 Laptop, 15.6"" FHD Display, AMD Ryzen 5 5500U Hexa-core Processor (Beat i7-1065G7), 40GB RAM, 1TB SSD, RJ-45, Numeric Keypad, Wi-Fi, Windows 11 Pro, Black, Additional 1 Yr ADP",Electronics,Lenovo,649.97,649.97,,464,FALSE,FALSE,FALSE,46,Available,https://images.pexels.com/photos/20432893/pexels-photo-20432893.jpeg,"Premium quality V15 Laptop, 15.6"" FHD Display, AMD Ryzen 5 5500U Hexa-core Processor (Beat i7-1065G7), 40GB RAM, 1TB SSD, RJ-45, Numeric Keypad, Wi-Fi, Windows 11 Pro, Black, Additional 1 Yr ADP"
B0CTBMMSY7,"IdeaPad 15.6-inch Laptop Computer - Anti-Glare FHD Display, i5-1235U Processor(beat i7-1135G7), 16GB RAM, 512GB SSD, 10H Long Battery Life, HD Webcam, Wi-Fi 6, Windows 11 Pro, with Laptop Stand",Electronics,Lenovo,59.99,59.99,,8,FALSE,FALSE,FALSE,245,Available,https://images.pexels.com/photos/19935029/pexels-photo-19935029.jpeg,"Premium quality IdeaPad 15.6-inch Laptop Computer - Anti-Glare FHD Display, i5-1235U Processor(beat i7-1135G7), 16GB RAM, 512GB SSD, 10H Long Battery Life, HD Webcam, Wi-Fi 6, Windows 11 Pro, with Laptop Stand"
B0BDGB49KW,"Lenovo Thinkpad T14 (Gen 1) 14"" Laptop, i5 10310U 1.7Ghz, 16GB DDR4, 512GB NVMe SSD, 1080p Full HD, Thunderbolt 3, HDMI, Webcam, Windows 11 Pro (Renewed)",Electronics,Unknown,384.99,384.99,,95,FALSE,FALSE,FALSE,296,Available,https://images.pexels.com/photos/7241679/pexels-photo-7241679.jpeg,"Premium quality Lenovo Thinkpad T14 (Gen 1) 14"" Laptop, i5 10310U 1.7Ghz, 16GB DDR4, 512GB NVMe SSD, 1080p Full HD, Thunderbolt 3, HDMI, Webcam, Windows 11 Pro (Renewed)"
B0DK4C78GL,"IdeaPad Newest Slim Laptop, 20GB RAM, 1TB Storage (512GB SSD & 500GB External), Dual Core Intel Processor, 15.6 Inch Anti-Glare Display, WiFi 6, HD Webcam, Long Battery, Office 365, Win 11",Electronics,Lenovo,399,399,,2,FALSE,FALSE,FALSE,116,Available,https://images.pexels.com/photos/8532766/pexels-photo-8532766.jpeg,"Premium quality IdeaPad Newest Slim Laptop, 20GB RAM, 1TB Storage (512GB SSD & 500GB External), Dual Core Intel Processor, 15.6 Inch Anti-Glare Display, WiFi 6, HD Webcam, Long Battery, Office 365, Win 11"
B0CNPFGPD5,"2023 Newest Ideapad 3i Laptop, 15.6"" FHD Touchscreen, 11th Gen Intel Core i3-1115G4 Processor, 12GB DDR4 RAM, 256GB SSD, HDMI, Webcam, Wi-Fi6, Bluetooth, Win11, Arctic Grey, W/GaLiMu",Electronics,Lenovo,318,338.98,,41,FALSE,FALSE,FALSE,166,Available,https://images.pexels.com/photos/13736497/pexels-photo-13736497.jpeg,"Premium quality 2023 Newest Ideapad 3i Laptop, 15.6"" FHD Touchscreen, 11th Gen Intel Core i3-1115G4 Processor, 12GB DDR4 RAM, 256GB SSD, HDMI, Webcam, Wi-Fi6, Bluetooth, Win11, Arctic Grey, W/GaLiMu"
B0BYBKZ7XD,"ThinkPad E14 Gen 5 Business Laptop, 14"" FHD+ Display, AMD Ryzen 7 7730U (Beat i7-1255U), 16GB RAM, 512GB SSD, FP Reader, Backlit Keyboard, HDMI, RJ45, Wi-Fi 6, Windows 11 Pro, Black",Electronics,Lenovo,59.99,59.99,,94,FALSE,FALSE,FALSE,23,Available,https://images.pexels.com/photos/6893890/pexels-photo-6893890.jpeg,"Premium quality ThinkPad E14 Gen 5 Business Laptop, 14"" FHD+ Display, AMD Ryzen 7 7730U (Beat i7-1255U), 16GB RAM, 512GB SSD, FP Reader, Backlit Keyboard, HDMI, RJ45, Wi-Fi 6, Windows 11 Pro, Black"
B0BLW25MB7,"IdeaPad 1 14 Laptop, 14.0"" HD Display, Intel Celeron N4020, 4GB RAM, 64GB Storage, Intel UHD Graphics 600, Win 11 in S Mode, Cloud Grey",Electronics,Lenovo,158,158,,732,FALSE,FALSE,FALSE,54,Available,https://images.pexels.com/photos/1604025/pexels-photo-1604025.jpeg,"Premium quality IdeaPad 1 14 Laptop, 14.0"" HD Display, Intel Celeron N4020, 4GB RAM, 64GB Storage, Intel UHD Graphics 600, Win 11 in S Mode, Cloud Grey"
B0CWJB9ZC6,"Vivobook Go 15.6” Laptop, AMD Ryzen 5 7520U, 8GB, 512GB, Windows 11 Home, Cool Silver, E1504FA-AS54",Electronics,ASUS,358,389.99,,185,FALSE,FALSE,TRUE,211,Available,https://images.pexels.com/photos/6893890/pexels-photo-6893890.jpeg,"Premium quality Vivobook Go 15.6” Laptop, AMD Ryzen 5 7520U, 8GB, 512GB, Windows 11 Home, Cool Silver, E1504FA-AS54"
B0CRD6PJDF,"Zenbook Duo Laptop, Dual 14” OLED 3K 120Hz Touch Display, Intel Evo Certified, Intel Core Ultra 9 185H CPU, Intel Arc Graphics, 32GB RAM, 1TB SSD, Windows 11, Inkwell Gray, UX8406MA-PS99T",Electronics,ASUS,1636,1636,,168,FALSE,FALSE,FALSE,68,Available,https://images.pexels.com/photos/6001241/pexels-photo-6001241.jpeg,"Premium quality Zenbook Duo Laptop, Dual 14” OLED 3K 120Hz Touch Display, Intel Evo Certified, Intel Core Ultra 9 185H CPU, Intel Arc Graphics, 32GB RAM, 1TB SSD, Windows 11, Inkwell Gray, UX8406MA-PS99T"
B0CWHYV27D,"Vivobook Go 15.6” FHD Slim Laptop, AMD Ryzen 3 7320U Quad Core Processor, 8GB DDR5 RAM, 128GB SSD, Windows 11 Home, Fast Charging, Webcam Sheild, Mixed Black, E1504FA-AS33",Electronics,ASUS,283,299.99,,248,FALSE,FALSE,FALSE,36,Available,https://images.pexels.com/photos/11129922/pexels-photo-11129922.jpeg,"Premium quality Vivobook Go 15.6” FHD Slim Laptop, AMD Ryzen 3 7320U Quad Core Processor, 8GB DDR5 RAM, 128GB SSD, Windows 11 Home, Fast Charging, Webcam Sheild, Mixed Black, E1504FA-AS33"
B0D25TXLLV,"Zenbook 14 OLED 2024 Business Laptop 14"" WUXGA Touchscreen 16-Core Intel Ultra 7155H 16GB LPDDR5 1TB SSD Intel ARC Graphics Thunderbolt 4 Wi-Fi 6E Backlit Keyboard Win11 Home w/ONT 32GB USB",Electronics,ASUS,849,849,,3,FALSE,FALSE,FALSE,191,Available,https://images.pexels.com/photos/1604025/pexels-photo-1604025.jpeg,"Premium quality Zenbook 14 OLED 2024 Business Laptop 14"" WUXGA Touchscreen 16-Core Intel Ultra 7155H 16GB LPDDR5 1TB SSD Intel ARC Graphics Thunderbolt 4 Wi-Fi 6E Backlit Keyboard Win11 Home w/ONT 32GB USB"
B0CRDF25TQ,"TUF Gaming A15 (2024) Gaming Laptop, 15.6” FHD 144Hz Display, NVIDIA® GeForce RTX™ 2050, AMD Ryzen™ 5 7535HS, 8GB DDR5, 512GB PCIe® Gen4 NVMe™ SSD, Wi-Fi 6, Windows 11, FA506NF-ES51",Electronics,ASUS,695,695,,671,FALSE,FALSE,FALSE,239,Available,https://images.pexels.com/photos/265144/pexels-photo-265144.jpeg,"Premium quality TUF Gaming A15 (2024) Gaming Laptop, 15.6” FHD 144Hz Display, NVIDIA® GeForce RTX™ 2050, AMD Ryzen™ 5 7535HS, 8GB DDR5, 512GB PCIe® Gen4 NVMe™ SSD, Wi-Fi 6, Windows 11, FA506NF-ES51"
B0CRD9TV9V,"TUF Gaming F16 (2024) Gaming Laptop, 16” FHD+ 165Hz 16:10 Display, Intel® Core™ i7-13650HX, NVIDIA® GeForce RTX™ 4060, 16GB DDR5, 512GB PCIe Gen4 SSD, Wi-Fi 6, Windows 11, FX607JV-ES73",Electronics,ASUS,1099.99,1299.99,,8,FALSE,FALSE,FALSE,177,Available,https://images.pexels.com/photos/6372819/pexels-photo-6372819.jpeg,"Premium quality TUF Gaming F16 (2024) Gaming Laptop, 16” FHD+ 165Hz 16:10 Display, Intel® Core™ i7-13650HX, NVIDIA® GeForce RTX™ 4060, 16GB DDR5, 512GB PCIe Gen4 SSD, Wi-Fi 6, Windows 11, FX607JV-ES73"
B0CRDCW3Q3,"15.6” Vivobook Go Laptop, Intel Dual Core N4500, 4GB RAM, 128GB SSD, Windows 11 in S Mode, Star Black, L510KA-ES04",Electronics,ASUS,229.99,229.99,,1154,FALSE,FALSE,FALSE,65,Available,https://images.pexels.com/photos/6372819/pexels-photo-6372819.jpeg,"Premium quality 15.6” Vivobook Go Laptop, Intel Dual Core N4500, 4GB RAM, 128GB SSD, Windows 11 in S Mode, Star Black, L510KA-ES04"
B0BT6NKLQR,"VivoBook 16 Laptop, 16” WUXGA (1920 x 1200) 16:10Display, AMD Ryzen 7 7730U CPU, AMD Radeon™ Graphics, 8GB RAM, 1TB SSD, Fingerprint Sensor, Windows 11 Home, Indie Black, M1605YA-ES74",Electronics,ASUS,59.99,59.99,,81,FALSE,FALSE,FALSE,25,Available,https://images.pexels.com/photos/8569471/pexels-photo-8569471.jpeg,"Premium quality VivoBook 16 Laptop, 16” WUXGA (1920 x 1200) 16:10Display, AMD Ryzen 7 7730U CPU, AMD Radeon™ Graphics, 8GB RAM, 1TB SSD, Fingerprint Sensor, Windows 11 Home, Indie Black, M1605YA-ES74"
B0CVZ9R2L9,"Vivobook Laptop, 16"" FHD+ (1920 x 1200) Display, Intel Core i7-1255U Processor, 16GB RAM, 1TB SSD, Webcam, HDMI, Wi-Fi, Windows 11 Home, Black",Electronics,ASUS,598,598,,51,FALSE,FALSE,FALSE,118,Available,https://images.pexels.com/photos/5942722/pexels-photo-5942722.jpeg,"Premium quality Vivobook Laptop, 16"" FHD+ (1920 x 1200) Display, Intel Core i7-1255U Processor, 16GB RAM, 1TB SSD, Webcam, HDMI, Wi-Fi, Windows 11 Home, Black"
B08D92T45H,"L410 MA-DB02 Ultra Thin Laptop, 14” FHD Display, Intel Celeron N4020 Processor, 4GB RAM, 64GB Storage, NumberPad, Windows 10 Home in S Mode, Star Black",Electronics,ASUS,148,148,,829,FALSE,FALSE,FALSE,252,Available,https://images.pexels.com/photos/3747070/pexels-photo-3747070.jpeg,"Premium quality L410 MA-DB02 Ultra Thin Laptop, 14” FHD Display, Intel Celeron N4020 Processor, 4GB RAM, 64GB Storage, NumberPad, Windows 10 Home in S Mode, Star Black"
B08NCWJ4LC,"VivoBook 15.6"" FHD Touchscreen Notebook - Intel Core i5-1035G1 1.0GHz - 8GB RAM 256GB PCIe SSD - Webcam - Windows 10 Home, Black",Electronics,ASUS,369.99,369.99,,1264,FALSE,FALSE,FALSE,56,Available,https://images.pexels.com/photos/7172701/pexels-photo-7172701.jpeg,"Premium quality VivoBook 15.6"" FHD Touchscreen Notebook - Intel Core i5-1035G1 1.0GHz - 8GB RAM 256GB PCIe SSD - Webcam - Windows 10 Home, Black"
B0D4TH1GS5,"15.6"" FHD Premium Laptop for Business&Students, AMD Ryzen 7 5700U (Beats Intel i7-1165G7), 40GB RAM, 1.16TB Storage(1TB SSD+160GB Docking Station Set),Numpad,Webcam, WiFi 6, Win 11 Pro, Silver",Electronics,acer,699,699,,62,FALSE,FALSE,FALSE,299,Available,https://images.pexels.com/photos/8532766/pexels-photo-8532766.jpeg,"Premium quality 15.6"" FHD Premium Laptop for Business&Students, AMD Ryzen 7 5700U (Beats Intel i7-1165G7), 40GB RAM, 1.16TB Storage(1TB SSD+160GB Docking Station Set),Numpad,Webcam, WiFi 6, Win 11 Pro, Silver"
B0D3HRQ3WJ,"16"" Laptop Computer, 16GB DDR4 RAM 1TB SSD, Quad-Core N100 Processor Up to 3.4GHz, 1200P FHD IPS Display, Windows 11 Laptops with USB 3.0, Type-C, Mini-HDMI, 2.4/5G WiFi, RJ45, Sliver",Electronics,BIGASUO,399.98,399.98,,16,FALSE,FALSE,FALSE,200,Available,https://images.pexels.com/photos/6611936/pexels-photo-6611936.jpeg,"Premium quality 16"" Laptop Computer, 16GB DDR4 RAM 1TB SSD, Quad-Core N100 Processor Up to 3.4GHz, 1200P FHD IPS Display, Windows 11 Laptops with USB 3.0, Type-C, Mini-HDMI, 2.4/5G WiFi, RJ45, Sliver"
B0DJH9WBLW,"Chromebook Duet - 2024 - Convertible Chromebook - ChromeOS - 10.95"" WUXGA IPS Touch Display - 4GB Memory - 64GB Storage - MediaTek Kompanio 838 - Luna Grey",Home,Lenovo,319.99,319.99,,0,FALSE,FALSE,FALSE,114,Available,https://images.pexels.com/photos/10655906/pexels-photo-10655906.jpeg,"Premium quality Chromebook Duet - 2024 - Convertible Chromebook - ChromeOS - 10.95"" WUXGA IPS Touch Display - 4GB Memory - 64GB Storage - MediaTek Kompanio 838 - Luna Grey"
B0BXLY538Z,"Aspire 5 14 Slim Laptop | 14"" WUXGA (1920 x 1200) IPS |Core i5-1335U | Intel Iris Xe Graphics | 8GB LPDDR5 | 512GB Gen 4 SSD | Wi-Fi 6E | USB4/Thunderbolt 4 | Backlit KB | A514-56M-576D, Gray",Electronics,acer,449.97,449.97,,50,FALSE,FALSE,FALSE,118,Available,https://images.pexels.com/photos/265144/pexels-photo-265144.jpeg,"Premium quality Aspire 5 14 Slim Laptop | 14"" WUXGA (1920 x 1200) IPS |Core i5-1335U | Intel Iris Xe Graphics | 8GB LPDDR5 | 512GB Gen 4 SSD | Wi-Fi 6E | USB4/Thunderbolt 4 | Backlit KB | A514-56M-576D, Gray"
B0BL86VM7F,"Aspire 5 A515-56-347N Slim Laptop - 15.6"" Full HD IPS Display - 11th Gen Intel i3-1115G4 Dual Core Processor - 8GB DDR4 - 128GB NVMe SSD - WiFi 6 - Amazon Alexa - Windows 11 Home in S Mode,Silver",Electronics,acer,347.99,379.99,,964,FALSE,FALSE,FALSE,207,Available,https://images.pexels.com/photos/19935029/pexels-photo-19935029.jpeg,"Premium quality Aspire 5 A515-56-347N Slim Laptop - 15.6"" Full HD IPS Display - 11th Gen Intel i3-1115G4 Dual Core Processor - 8GB DDR4 - 128GB NVMe SSD - WiFi 6 - Amazon Alexa - Windows 11 Home in S Mode,Silver"
B09XY1R1DR,"Chromebook 315 Laptop | Intel Celeron N4500 | 15.6"" Full HD IPS Display | Intel UHD Graphics | 4GB LPDDR4X | 64GB eMMC | Intel Wi-Fi 6 | DTS Audio | USB Type-C | Chrome OS | CB315-4H-C8XU,Silver",Electronics,acer,188,359.99,,48,FALSE,FALSE,FALSE,135,Available,https://images.pexels.com/photos/29249664/pexels-photo-29249664.jpeg,"Premium quality Chromebook 315 Laptop | Intel Celeron N4500 | 15.6"" Full HD IPS Display | Intel UHD Graphics | 4GB LPDDR4X | 64GB eMMC | Intel Wi-Fi 6 | DTS Audio | USB Type-C | Chrome OS | CB315-4H-C8XU,Silver"
B0DJXR6CS2,45W Laptop Charger fit for Acer Aspire 1 3 5 A315 A314 A514 A515 Power Adapter,Electronics,Unknown,22.99,22.99,,0,FALSE,FALSE,FALSE,210,Available,https://images.pexels.com/photos/7241679/pexels-photo-7241679.jpeg,Premium quality 45W Laptop Charger fit for Acer Aspire 1 3 5 A315 A314 A514 A515 Power Adapter
B0CCY66XNS,"Aspire Slim Laptop for Business Student, 15.6'' FHD Display, Intel Celeron N Series Processor, 12GB RAM 256GB SSD, WiFi, Webcam, RJ-45, USB Type-A&C, Windows 11, 1-Year Microsoft 365 +Mousepad",Electronics,acer,297.98,297.98,,72,FALSE,FALSE,FALSE,272,Available,https://images.pexels.com/photos/11129922/pexels-photo-11129922.jpeg,"Premium quality Aspire Slim Laptop for Business Student, 15.6'' FHD Display, Intel Celeron N Series Processor, 12GB RAM 256GB SSD, WiFi, Webcam, RJ-45, USB Type-A&C, Windows 11, 1-Year Microsoft 365 +Mousepad"
B0D97ZC61Y,"Aspire 3 Spin 14” Convertible Laptop, WUXGA 1920 x 1200 IPS Touch Display, Touchscreen 2-in-1 Laptop, Intel Core i3-N305 8GB LPDDR5 RAM 256GB SSD, Wi-Fi 6, Windows 11 Home, Pure Silver",Electronics,acer,349.99,349.99,,4,FALSE,FALSE,FALSE,180,Available,https://images.pexels.com/photos/8569471/pexels-photo-8569471.jpeg,"Premium quality Aspire 3 Spin 14” Convertible Laptop, WUXGA 1920 x 1200 IPS Touch Display, Touchscreen 2-in-1 Laptop, Intel Core i3-N305 8GB LPDDR5 RAM 256GB SSD, Wi-Fi 6, Windows 11 Home, Pure Silver"
B0CZHHL8PV,"Aspire 3 Laptop | 15.6"" Full HD Display | AMD Ryzen 7 5700U Processor | AMD Radeon Graphics | 16GB RAM | 512GB SSD | Wi-Fi 6 | Windows 11 Home | DealExpress Accessories",Electronics,acer,455,455,,45,FALSE,FALSE,FALSE,275,Available,https://images.pexels.com/photos/15399855/pexels-photo-15399855.jpeg,"Premium quality Aspire 3 Laptop | 15.6"" Full HD Display | AMD Ryzen 7 5700U Processor | AMD Radeon Graphics | 16GB RAM | 512GB SSD | Wi-Fi 6 | Windows 11 Home | DealExpress Accessories"
B0CBSZ9CCT,"Aspire 3 A314-36P-35UU Slim Laptop | 14.0"" Full HD IPS Display | Intel Core i3-N305 Processor | Intel UHD Graphics | 8GB LPDDR5 | 128GB NVMe SSD | Wi-Fi 6 | Windows 11 Home in S Mode,Silver",Electronics,acer,264.95,339.99,,62,FALSE,FALSE,FALSE,147,Available,https://images.pexels.com/photos/7241679/pexels-photo-7241679.jpeg,"Premium quality Aspire 3 A314-36P-35UU Slim Laptop | 14.0"" Full HD IPS Display | Intel Core i3-N305 Processor | Intel UHD Graphics | 8GB LPDDR5 | 128GB NVMe SSD | Wi-Fi 6 | Windows 11 Home in S Mode,Silver"
B0DCJFGW9R,"USB C Hub 5 in 1 with 4K HDMI, 100W Power Delivery, 3 USB A Data Ports, USB C to HDMI Multiport Adapter for Laptop, PC, Tablet, MacBook Pro/Air, iPad Air/Pro, iMac, iPhone 15/16 Pro/Pro Max",Electronics,acer,12.59,13.99,,175,FALSE,FALSE,FALSE,37,Available,https://images.pexels.com/photos/8569471/pexels-photo-8569471.jpeg,"Premium quality USB C Hub 5 in 1 with 4K HDMI, 100W Power Delivery, 3 USB A Data Ports, USB C to HDMI Multiport Adapter for Laptop, PC, Tablet, MacBook Pro/Air, iPad Air/Pro, iMac, iPhone 15/16 Pro/Pro Max"
B0DLHBN3G3,"2024 MacBook Pro Laptop with M4 chip with 10?core CPU and 10?core GPU: Built for Apple Intelligence, 14.2-inch Liquid Retina XDR Display, 24GB Unified Memory, 1TB SSD Storage; Space Black",Electronics,Apple,59.99,59.99,,2,FALSE,FALSE,FALSE,242,Available,https://images.pexels.com/photos/15399855/pexels-photo-15399855.jpeg,"Premium quality 2024 MacBook Pro Laptop with M4 chip with 10?core CPU and 10?core GPU: Built for Apple Intelligence, 14.2-inch Liquid Retina XDR Display, 24GB Unified Memory, 1TB SSD Storage; Space Black"
B0DLHTNHZJ,"2024 MacBook Pro Laptop with M4 Pro, 14?core CPU, 20?core GPU: Built for Apple Intelligence, 16.2-inch Liquid Retina XDR Display, 48GB Unified Memory, 512GB SSD Storage; Space Black",Electronics,Apple,59.99,59.99,,0,FALSE,FALSE,FALSE,73,Available,https://images.pexels.com/photos/6893890/pexels-photo-6893890.jpeg,"Premium quality 2024 MacBook Pro Laptop with M4 Pro, 14?core CPU, 20?core GPU: Built for Apple Intelligence, 16.2-inch Liquid Retina XDR Display, 48GB Unified Memory, 512GB SSD Storage; Space Black"
B0CHHMH36M,"Portable Laptop (Include 1 Year Microsoft 365), 14’’ HD Display, 16GB RAM, 64GB eMMC, Intel Quad-Core N4120, Student and Business, Webcam, HDMI, Wi-Fi, RJ-45, Windows 11 Home, Pink",Electronics,HP,251,251,,1678,FALSE,FALSE,FALSE,77,Available,https://images.pexels.com/photos/265144/pexels-photo-265144.jpeg,"Premium quality Portable Laptop (Include 1 Year Microsoft 365), 14’’ HD Display, 16GB RAM, 64GB eMMC, Intel Quad-Core N4120, Student and Business, Webcam, HDMI, Wi-Fi, RJ-45, Windows 11 Home, Pink"
B09G9FPHY6,"iPad (9th Generation): with A13 Bionic chip, 10.2-inch Retina Display, 64GB, Wi-Fi, 12MP front/8MP Back Camera, Touch ID, All-Day Battery Life – Space Gray",Electronics,Apple,59.99,59.99,,70660,TRUE,FALSE,FALSE,193,Available,https://images.pexels.com/photos/25809251/pexels-photo-25809251.jpeg,"Premium quality iPad (9th Generation): with A13 Bionic chip, 10.2-inch Retina Display, 64GB, Wi-Fi, 12MP front/8MP Back Camera, Touch ID, All-Day Battery Life – Space Gray"
B0BSHDVBXZ,"2023 MacBook Pro Laptop with Apple M2 Pro chip with 10?core CPU and 16?core GPU: 14.2-inch Liquid Retina XDR Display, 16GB Unified Memory, 512GB SSD Storage. Works with iPhone/iPad; Space Gray",Electronics,Apple,59.99,59.99,,607,FALSE,FALSE,FALSE,299,Available,https://images.pexels.com/photos/6611936/pexels-photo-6611936.jpeg,"Premium quality 2023 MacBook Pro Laptop with Apple M2 Pro chip with 10?core CPU and 16?core GPU: 14.2-inch Liquid Retina XDR Display, 16GB Unified Memory, 512GB SSD Storage. Works with iPhone/iPad; Space Gray"
B0DFF7W3SQ,"14"" MacBook Pro: Apple M3 Pro chip with 11?core CPU and 14?core GPU, 512 SSD - Space Black",Electronics,Apple,59.99,59.99,,0,FALSE,FALSE,FALSE,133,Available,https://images.pexels.com/photos/3747513/pexels-photo-3747513.jpeg,"Premium quality 14"" MacBook Pro: Apple M3 Pro chip with 11?core CPU and 14?core GPU, 512 SSD - Space Black"
B09JQWSQK7,"2021 Apple MacBook Pro (14-inch, M1 Pro chip with 10?core CPU and 16?core GPU, 16GB RAM, 1TB SSD) - Silver",Electronics,Unknown,59.99,59.99,,2156,FALSE,FALSE,FALSE,170,Available,https://images.pexels.com/photos/4219040/pexels-photo-4219040.jpeg,"Premium quality 2021 Apple MacBook Pro (14-inch, M1 Pro chip with 10?core CPU and 16?core GPU, 16GB RAM, 1TB SSD) - Silver"
B0DF8CQ6HF,"2024 MacBook Air 13.6"" with M3 Chip, 256GB SSD, 8GB RAM, Touch ID + Apple 1 Year Limited Warranty (Space Gray)",Electronics,Apple,59.99,59.99,,0,FALSE,FALSE,FALSE,146,Available,https://images.pexels.com/photos/8263076/pexels-photo-8263076.jpeg,"Premium quality 2024 MacBook Air 13.6"" with M3 Chip, 256GB SSD, 8GB RAM, Touch ID + Apple 1 Year Limited Warranty (Space Gray)"
B0BKW3LB2B,"Logitech MX Keys S Wireless Keyboard, Low Profile, Fluid Precise Quiet Typing, Programmable Keys, Backlighting, Bluetooth, USB C Rechargeable, for Windows PC, Linux, Chrome, Mac - Graphite",Electronics,Unknown,108.19,108.19,,20297,FALSE,FALSE,FALSE,174,Available,https://images.pexels.com/photos/28842075/pexels-photo-28842075.jpeg,"Premium quality Logitech MX Keys S Wireless Keyboard, Low Profile, Fluid Precise Quiet Typing, Programmable Keys, Backlighting, Bluetooth, USB C Rechargeable, for Windows PC, Linux, Chrome, Mac - Graphite"
B0BF64DN6H,"SteelSeries Apex Pro TKL HyperMagnetic Gaming Keyboard - Adjustable Actuation - Esports Tenkeyless - OLED Screen - RGB - PBT Keycaps - USB-C - 2023 Edition,Black",Electronics,Unknown,166.99,189.99,,976,FALSE,FALSE,TRUE,292,Available,https://images.pexels.com/photos/5152261/pexels-photo-5152261.jpeg,"Premium quality SteelSeries Apex Pro TKL HyperMagnetic Gaming Keyboard - Adjustable Actuation - Esports Tenkeyless - OLED Screen - RGB - PBT Keycaps - USB-C - 2023 Edition,Black"
B0CCZWCPRQ,"Rii RK100+ Multiple Color Rainbow LED Backlit Large Size USB Wired Mechanical Feeling Multimedia PC Gaming Keyboard,Office Keyboard for Working or Primer Gaming,Office Device",Electronics,Unknown,59.99,59.99,,6852,FALSE,FALSE,FALSE,123,Available,https://images.pexels.com/photos/32755764/pexels-photo-32755764.jpeg,"Premium quality Rii RK100+ Multiple Color Rainbow LED Backlit Large Size USB Wired Mechanical Feeling Multimedia PC Gaming Keyboard,Office Keyboard for Working or Primer Gaming,Office Device"
B07WJ5D3H4,"Amazon Basics Wired Keyboard, Full-Sized, QWERTY Layout, Black",Electronics,Unknown,20.89,20.89,,7309,FALSE,FALSE,FALSE,265,Available,https://images.pexels.com/photos/17350368/pexels-photo-17350368.jpeg,"Premium quality Amazon Basics Wired Keyboard, Full-Sized, QWERTY Layout, Black"
B0CWDXTLMY,"EPOMAKER x LEOBOG Hi75 Aluminum Alloy Wired Mechanical Keyboard, Programmable Gasket-Mounted Gaming Keyboard with Mode-Switching Knob, Hot Swappable, NKRO, RGB (White Purple, Nimbus V3 Switch)",Electronics,Unknown,59.99,59.99,,124,FALSE,FALSE,FALSE,195,Available,https://images.pexels.com/photos/15372897/pexels-photo-15372897.jpeg,"Premium quality EPOMAKER x LEOBOG Hi75 Aluminum Alloy Wired Mechanical Keyboard, Programmable Gasket-Mounted Gaming Keyboard with Mode-Switching Knob, Hot Swappable, NKRO, RGB (White Purple, Nimbus V3 Switch)"
B0D3CZYCH2,"65% Gaming Keyboard, Wired Backlit Mini Keyboard, Ultra-Compact Anti-Ghosting No-Conflict 68 Keys Membrane Gaming Wired Keyboard for PC Laptop Mac Gamer",Electronics,Unknown,9.26,15.97,,257,FALSE,FALSE,FALSE,58,Available,https://images.pexels.com/photos/9263102/pexels-photo-9263102.jpeg,"Premium quality 65% Gaming Keyboard, Wired Backlit Mini Keyboard, Ultra-Compact Anti-Ghosting No-Conflict 68 Keys Membrane Gaming Wired Keyboard for PC Laptop Mac Gamer"
B0B16HXVVQ,SteelSeries Apex Pro Mini HyperMagnetic Gaming Keyboard – Adjustable Actuation – Compact 60% Form Factor – RGB – PBT Keycaps – USB-C?,Electronics,Unknown,128.99,179.99,,758,FALSE,FALSE,FALSE,189,Available,https://images.pexels.com/photos/17350368/pexels-photo-17350368.jpeg,Premium quality SteelSeries Apex Pro Mini HyperMagnetic Gaming Keyboard – Adjustable Actuation – Compact 60% Form Factor – RGB – PBT Keycaps – USB-C?
B0BXNGJ2LD,"Rii RK907 Ultra-Slim Compact USB Wired Keyboard for Mac and PC,Windows 10/8 / 7 / Vista/XP (Black) (1PCS)",Electronics,Unknown,9.99,14.99,,815,FALSE,FALSE,FALSE,266,Available,https://images.pexels.com/photos/4792732/pexels-photo-4792732.jpeg,"Premium quality Rii RK907 Ultra-Slim Compact USB Wired Keyboard for Mac and PC,Windows 10/8 / 7 / Vista/XP (Black) (1PCS)"
B0CP6BR96G,"Corsair K55 CORE RGB Membrane Wired Gaming Keyboard – Quiet, Responsive Switches – Spill Resistance – Ten-Zone RGB – Media Keys – iCUE Compatible – QWERTY NA – PC, Mac – Black",Electronics,Unknown,39.99,39.99,,12029,FALSE,FALSE,FALSE,45,Available,https://images.pexels.com/photos/4792732/pexels-photo-4792732.jpeg,"Premium quality Corsair K55 CORE RGB Membrane Wired Gaming Keyboard – Quiet, Responsive Switches – Spill Resistance – Ten-Zone RGB – Media Keys – iCUE Compatible – QWERTY NA – PC, Mac – Black"
B0CDFMW94G,"SABLUTE Large Print Backlit Computer Keyboards, Wired Lighted USB Keyboards with 7-Color Backlit, Wrist Rest, Phone Holder, Easy to Read and Type for Laptop, PC, Windows, Desktop",Electronics,Unknown,24.99,29.99,,986,FALSE,FALSE,FALSE,32,Available,https://images.pexels.com/photos/1604025/pexels-photo-1604025.jpeg,"Premium quality SABLUTE Large Print Backlit Computer Keyboards, Wired Lighted USB Keyboards with 7-Color Backlit, Wrist Rest, Phone Holder, Easy to Read and Type for Laptop, PC, Windows, Desktop"
B00NLZUM36,"Redragon S101 Gaming Keyboard, M601 Mouse, RGB Backlit Gaming Keyboard, Programmable Backlit Gaming Mouse, Value Combo Set [New Version]",Electronics,Unknown,39.99,46.29,,46009,FALSE,FALSE,FALSE,55,Available,https://images.pexels.com/photos/5805490/pexels-photo-5805490.jpeg,"Premium quality Redragon S101 Gaming Keyboard, M601 Mouse, RGB Backlit Gaming Keyboard, Programmable Backlit Gaming Mouse, Value Combo Set [New Version]"
B00B7GV802,"Amazon Basics USB Wired Computer Keyboard (QWERTY) and Mouse Bundle Pack, Black",Electronics,Unknown,13.99,14.99,,10892,FALSE,FALSE,FALSE,192,Available,https://images.pexels.com/photos/4792732/pexels-photo-4792732.jpeg,"Premium quality Amazon Basics USB Wired Computer Keyboard (QWERTY) and Mouse Bundle Pack, Black"
B07D34L57F,Arteck 2.4G Wireless Keyboard Stainless Steel Ultra Slim Full Size Keyboard with Numeric Keypad for Computer/Desktop/PC/Laptop/Surface/Smart TV and Windows 10/8/ 7 Built in Rechargeable Battery,Electronics,Unknown,34.99,49.99,,28549,FALSE,FALSE,FALSE,39,Available,https://images.pexels.com/photos/29249664/pexels-photo-29249664.jpeg,Premium quality Arteck 2.4G Wireless Keyboard Stainless Steel Ultra Slim Full Size Keyboard with Numeric Keypad for Computer/Desktop/PC/Laptop/Surface/Smart TV and Windows 10/8/ 7 Built in Rechargeable Battery
B098LG3N6R,"MageGee Portable 60% Mechanical Gaming Keyboard, MK-Box LED Backlit Compact 68 Keys Mini Wired Office Keyboard with Red Switch for Windows Laptop PC Mac - Black/Grey",Electronics,Unknown,29.99,29.99,,8199,FALSE,FALSE,FALSE,283,Available,https://images.pexels.com/photos/5793947/pexels-photo-5793947.jpeg,"Premium quality MageGee Portable 60% Mechanical Gaming Keyboard, MK-Box LED Backlit Compact 68 Keys Mini Wired Office Keyboard with Red Switch for Windows Laptop PC Mac - Black/Grey"
B0CQ2MSP2B,"RK ROYAL KLUDGE S98 Mechanical Keyboard w/Smart Display & Knob, Top Mount 96% Wireless Mechanical Keyboard BT/2.4G/USB-C, Hot Swappable, Software Support, Creamy Sounding, 98 Keys",Electronics,Unknown,99.99,99.99,,602,FALSE,FALSE,FALSE,161,Available,https://images.pexels.com/photos/15372897/pexels-photo-15372897.jpeg,"Premium quality RK ROYAL KLUDGE S98 Mechanical Keyboard w/Smart Display & Knob, Top Mount 96% Wireless Mechanical Keyboard BT/2.4G/USB-C, Hot Swappable, Software Support, Creamy Sounding, 98 Keys"
B09DKQWTNC,"AULA F2088 Typewriter Style Mechanical Gaming Keyboard Blue Switches,Rainbow LED Backlit,Removable Wrist Rest,Media Control Knob,Retro Punk Round Keycaps,USB Wired Computer Keyboard",Electronics,Unknown,48.99,48.99,,2171,FALSE,FALSE,FALSE,162,Available,https://images.pexels.com/photos/4792720/pexels-photo-4792720.jpeg,"Premium quality AULA F2088 Typewriter Style Mechanical Gaming Keyboard Blue Switches,Rainbow LED Backlit,Removable Wrist Rest,Media Control Knob,Retro Punk Round Keycaps,USB Wired Computer Keyboard"
B0CF3VGQFL,"Redragon Mechanical Gaming Keyboard, Wired Mechanical Keyboard with 11 Programmable Backlit Modes, Hot-Swappable Red Switch, Anti-Ghosting, Double-Shot PBT Keycaps, Light Up Keyboard for PC Mac",Electronics,Unknown,25.49,29.99,,2237,FALSE,FALSE,TRUE,111,Available,https://images.pexels.com/photos/34877295/pexels-photo-34877295.jpeg,"Premium quality Redragon Mechanical Gaming Keyboard, Wired Mechanical Keyboard with 11 Programmable Backlit Modes, Hot-Swappable Red Switch, Anti-Ghosting, Double-Shot PBT Keycaps, Light Up Keyboard for PC Mac"
B09TR4Y91J,"RisoPhy Mechanical Gaming Keyboard, RGB 104 Keys Ultra-Slim LED Backlit USB Wired Keyboard with Blue Switch, Durable Abs Keycaps/Anti-Ghosting/Spill-Resistant Computer Keyboard for PC Mac Xbox Gamer",Electronics,Unknown,29.99,34.99,,2514,FALSE,FALSE,FALSE,234,Available,https://images.pexels.com/photos/32532386/pexels-photo-32532386.jpeg,"Premium quality RisoPhy Mechanical Gaming Keyboard, RGB 104 Keys Ultra-Slim LED Backlit USB Wired Keyboard with Blue Switch, Durable Abs Keycaps/Anti-Ghosting/Spill-Resistant Computer Keyboard for PC Mac Xbox Gamer"
B0CLLHSWRL,"AULA F99 Wireless Mechanical Keyboard,Tri-Mode BT5.0/2.4GHz/USB-C Hot Swappable Custom Keyboard,Pre-lubed Linear Switches,Gasket Structure,RGB Backlit Gaming Keyboard for PC/Tablet/PS/Xbox",Electronics,Unknown,82.89,82.89,,826,FALSE,FALSE,FALSE,70,Available,https://images.pexels.com/photos/12902994/pexels-photo-12902994.jpeg,"Premium quality AULA F99 Wireless Mechanical Keyboard,Tri-Mode BT5.0/2.4GHz/USB-C Hot Swappable Custom Keyboard,Pre-lubed Linear Switches,Gasket Structure,RGB Backlit Gaming Keyboard for PC/Tablet/PS/Xbox"
B0D14N2QZF,"AULA F75 Pro Wireless Mechanical Keyboard,75% Gasket Hot Swappable Custom Keyboard,RGB Backlit,Pre-lubed Reaper Switches,Side Printed PBT Keycaps,2.4GHz/USB-C/BT5.0 Mechanical Gaming Keyboard",Electronics,Unknown,66.31,82.89,,188,FALSE,FALSE,FALSE,172,Available,https://images.pexels.com/photos/5805490/pexels-photo-5805490.jpeg,"Premium quality AULA F75 Pro Wireless Mechanical Keyboard,75% Gasket Hot Swappable Custom Keyboard,RGB Backlit,Pre-lubed Reaper Switches,Side Printed PBT Keycaps,2.4GHz/USB-C/BT5.0 Mechanical Gaming Keyboard"
B0CWDXVVRJ,"EPOMAKER x LEOBOG Hi75 Wired Gaming Keyboard, Aluminum Alloy Mechanical Keyboard, Programmable Custom Keyboard with Mode-Switching Knob, Hot Swappable, RGB Backlit, Reaper Switch (White Purple)",Electronics,Unknown,49.99,99.99,,5,FALSE,FALSE,FALSE,205,Available,https://images.pexels.com/photos/7915219/pexels-photo-7915219.jpeg,"Premium quality EPOMAKER x LEOBOG Hi75 Wired Gaming Keyboard, Aluminum Alloy Mechanical Keyboard, Programmable Custom Keyboard with Mode-Switching Knob, Hot Swappable, RGB Backlit, Reaper Switch (White Purple)"
B0C9ZJHQHM,"Womier S-K80 75% Keyboard with Color Multimedia Display Mechanical Gaming Keyboard, Wired Hot Swappable Keyboard, Gasket Mount RGB Custom Keyboard, Pre-lubed Stabilizer for Mac/Win, Black Kanagawa",Electronics,Unknown,69.99,69.99,,538,FALSE,FALSE,FALSE,82,Available,https://images.pexels.com/photos/34877295/pexels-photo-34877295.jpeg,"Premium quality Womier S-K80 75% Keyboard with Color Multimedia Display Mechanical Gaming Keyboard, Wired Hot Swappable Keyboard, Gasket Mount RGB Custom Keyboard, Pre-lubed Stabilizer for Mac/Win, Black Kanagawa"
B0CNP1BG1W,"RK ROYAL KLUDGE R65 Wired Gaming Keyboard with Volume Knob, 60% Percent RGB Backlit Mechanical Keyboard Gasket Mount with PBT Keycaps, MDA Profile, QMK/VIA, 66 Keys Hot Swappable Cream Switch, Black",Electronics,Unknown,59.99,59.99,,247,FALSE,FALSE,FALSE,209,Available,https://images.pexels.com/photos/6804466/pexels-photo-6804466.jpeg,"Premium quality RK ROYAL KLUDGE R65 Wired Gaming Keyboard with Volume Knob, 60% Percent RGB Backlit Mechanical Keyboard Gasket Mount with PBT Keycaps, MDA Profile, QMK/VIA, 66 Keys Hot Swappable Cream Switch, Black"
B0BGH9FQHZ,"Wireless Mechanical Keyboard,Triple-Mode 2.4G/USB-C/Bluetooth Gaming Keyboard with RGB Backlit,Efficient Numeric Pad,Red Switches,94 Keys Metal Base PBT Compact Quiet Wired Keyboard for PC Mac iPad",Electronics,Unknown,49.99,49.99,,92,FALSE,FALSE,FALSE,144,Available,https://images.pexels.com/photos/6337/light-coffee-pen-working.jpg,"Premium quality Wireless Mechanical Keyboard,Triple-Mode 2.4G/USB-C/Bluetooth Gaming Keyboard with RGB Backlit,Efficient Numeric Pad,Red Switches,94 Keys Metal Base PBT Compact Quiet Wired Keyboard for PC Mac iPad"
B09NCMHTSB,"Corsair K70 RGB PRO Wired Mechanical Gaming Keyboard (Cherry MX RGB Red Switches: Linear and Fast, 8,000Hz Hyper-Polling, PBT Double-Shot PRO Keycaps, Soft-Touch Palm Rest) QWERTY, NA - Black",Electronics,Unknown,149.99,169.99,,6224,FALSE,FALSE,FALSE,169,Available,https://images.pexels.com/photos/35504606/pexels-photo-35504606.jpeg,"Premium quality Corsair K70 RGB PRO Wired Mechanical Gaming Keyboard (Cherry MX RGB Red Switches: Linear and Fast, 8,000Hz Hyper-Polling, PBT Double-Shot PRO Keycaps, Soft-Touch Palm Rest) QWERTY, NA - Black"
B0C1N4XTZ2,"KOORUI Wired Gaming Keyboards with Red Switch,Hot-Swap Mechanical Keyboard with Volume Knob, 26 RGB Backlit Light Up Keyboard, Full Keys Anti-Ghosting, Dual Color Injection Molded Keycaps for Win/Mac",Electronics,Unknown,19.99,35.99,,365,FALSE,FALSE,FALSE,77,Available,https://images.pexels.com/photos/17350368/pexels-photo-17350368.jpeg,"Premium quality KOORUI Wired Gaming Keyboards with Red Switch,Hot-Swap Mechanical Keyboard with Volume Knob, 26 RGB Backlit Light Up Keyboard, Full Keys Anti-Ghosting, Dual Color Injection Molded Keycaps for Win/Mac"
B0CNT61VMZ,"EPOMAKER x Aula F75 Gasket Mechanical Keyboard, 75% Wireless Hot Swappable Gaming Keyboard with Five-Layer Padding&Knob, Bluetooth/2.4GHz/USB-C, RGB (Light Blue, LEOBOG Reaper Switch)",Electronics,Unknown,79.99,79.99,,1523,FALSE,FALSE,FALSE,199,Available,https://images.pexels.com/photos/7862496/pexels-photo-7862496.jpeg,"Premium quality EPOMAKER x Aula F75 Gasket Mechanical Keyboard, 75% Wireless Hot Swappable Gaming Keyboard with Five-Layer Padding&Knob, Bluetooth/2.4GHz/USB-C, RGB (Light Blue, LEOBOG Reaper Switch)"
B09C12ZBKM,Razer Huntsman V2 Optical Gaming Keyboard: Fast Clicky Optical Switches w/Quick Keystrokes & 8000Hz Polling Rate - Doubleshot PBT Keycaps - Dedicated Media Keys & Dial - Ergonomic Wrist Rest,Electronics,Unknown,134.99,189.99,,2875,FALSE,FALSE,FALSE,189,Available,https://images.pexels.com/photos/34877295/pexels-photo-34877295.jpeg,Premium quality Razer Huntsman V2 Optical Gaming Keyboard: Fast Clicky Optical Switches w/Quick Keystrokes & 8000Hz Polling Rate - Doubleshot PBT Keycaps - Dedicated Media Keys & Dial - Ergonomic Wrist Rest
B0CJ2LXNFN,"RK ROYAL KLUDGE R75 Mechanical Keyboard Wired with Volume Knob, 75% Custom Gaming Keyboard Gasket Mount RGB Backlit with Software, MDA Profile, PBT Keycaps, Hot Swappable Linear Switch Creamy Sound",Electronics,Unknown,59.99,59.99,,307,FALSE,FALSE,FALSE,290,Available,https://images.pexels.com/photos/7915219/pexels-photo-7915219.jpeg,"Premium quality RK ROYAL KLUDGE R75 Mechanical Keyboard Wired with Volume Knob, 75% Custom Gaming Keyboard Gasket Mount RGB Backlit with Software, MDA Profile, PBT Keycaps, Hot Swappable Linear Switch Creamy Sound"
B07ZWK2TQT,"Logitech ERGO K860 Wireless Ergonomic Qwerty Keyboard - Split Keyboard, Wrist Rest, Natural Typing, Stain-Resistant Fabric, Bluetooth and USB Connectivity, Compatible with Windows/Mac,Black",Electronics,Unknown,59.99,59.99,,7393,FALSE,FALSE,TRUE,73,Available,https://images.pexels.com/photos/32755762/pexels-photo-32755762.jpeg,"Premium quality Logitech ERGO K860 Wireless Ergonomic Qwerty Keyboard - Split Keyboard, Wrist Rest, Natural Typing, Stain-Resistant Fabric, Bluetooth and USB Connectivity, Compatible with Windows/Mac,Black"
B09KZGY5TK,"Lovaky MK98 Wireless Keyboard, 2.4G Ergonomic, Computer Keyboard, Enlarged Indicator Light, Full Size PC Keyboard with Numeric Keypad for Laptop, Desktop, Surface, Chromebook, Notebook, Black",Electronics,Unknown,18.99,20.99,,2787,FALSE,FALSE,FALSE,120,Available,https://images.pexels.com/photos/10655906/pexels-photo-10655906.jpeg,"Premium quality Lovaky MK98 Wireless Keyboard, 2.4G Ergonomic, Computer Keyboard, Enlarged Indicator Light, Full Size PC Keyboard with Numeric Keypad for Laptop, Desktop, Surface, Chromebook, Notebook, Black"
B0BNPBTJDP,"Wireless Keyboard with 7 Colored Backlits, Wrist Rest, Phone Holder, Rechargeable Ergonomic Computer Keyboard with Silent Keys, Full Size Lighted Keyboard for Windows, MacBook, PC, Laptop (Black)",Electronics,Unknown,39.99,39.99,,1728,FALSE,FALSE,FALSE,283,Available,https://images.pexels.com/photos/1181449/pexels-photo-1181449.jpeg,"Premium quality Wireless Keyboard with 7 Colored Backlits, Wrist Rest, Phone Holder, Rechargeable Ergonomic Computer Keyboard with Silent Keys, Full Size Lighted Keyboard for Windows, MacBook, PC, Laptop (Black)"
B0C3VNNS4Y,"Wireless Keyboard, 2.4G USB External Silent Cordless Keyboard for Windows Chrome Laptop Computer PC Desktop Notebook Chromebook, 106 Keys Full Size with Number Pad (Black)",Electronics,Unknown,13.99,13.99,,238,FALSE,FALSE,FALSE,72,Available,https://images.pexels.com/photos/19935029/pexels-photo-19935029.jpeg,"Premium quality Wireless Keyboard, 2.4G USB External Silent Cordless Keyboard for Windows Chrome Laptop Computer PC Desktop Notebook Chromebook, 106 Keys Full Size with Number Pad (Black)"
B0DG2WKLMR,"Wireless Keyboard, Wireless Connection, with Number Keyboard, Quiet Typing, Full Size Stable Connection Keyboard - Ergonomic Design, for Windows PC, Laptop, Android, Chrome, Tablet, Smart TV (White)",Electronics,Unknown,11.99,11.99,,1,FALSE,FALSE,FALSE,79,Available,https://images.pexels.com/photos/19935029/pexels-photo-19935029.jpeg,"Premium quality Wireless Keyboard, Wireless Connection, with Number Keyboard, Quiet Typing, Full Size Stable Connection Keyboard - Ergonomic Design, for Windows PC, Laptop, Android, Chrome, Tablet, Smart TV (White)"
B07FLKYRFB,KLIM Chroma Wireless Gaming Keyboard RGB - Backlit Wireless Keyboard - Long-Lasting Rechargeable Battery - Quiet Water Resistant Ergonomic Keyboard - Teclado Gamer - PC PS5 PS4 Xbox One Mac - Black,Electronics,Unknown,29.97,29.97,,17567,FALSE,FALSE,FALSE,127,Available,https://images.pexels.com/photos/4792732/pexels-photo-4792732.jpeg,Premium quality KLIM Chroma Wireless Gaming Keyboard RGB - Backlit Wireless Keyboard - Long-Lasting Rechargeable Battery - Quiet Water Resistant Ergonomic Keyboard - Teclado Gamer - PC PS5 PS4 Xbox One Mac - Black
B0D3KTJ6DN,"Wireless Keyboard, 2.4G Full-Sized Ergonomic Wireless Computer Keyboard with Wrist Rest for Windows, Mac OS Laptop/PC/Desktop/Notebook(Black)",Electronics,Unknown,25.99,25.99,,53,FALSE,FALSE,FALSE,24,Available,https://images.pexels.com/photos/1181449/pexels-photo-1181449.jpeg,"Premium quality Wireless Keyboard, 2.4G Full-Sized Ergonomic Wireless Computer Keyboard with Wrist Rest for Windows, Mac OS Laptop/PC/Desktop/Notebook(Black)"
B0BL2ND2GC,"Logitech K585 Multi-Device Slim Wireless Keyboard, Built-in Cradle for Device; for Laptop, Tablet, Desktop, Smartphone, Win/Mac, Bluetooth/Receiver, Compact, Easy Switch, 24 Month Battery - Graphite",Electronics,Unknown,36.54,49.99,,1694,FALSE,FALSE,FALSE,122,Available,https://images.pexels.com/photos/1604025/pexels-photo-1604025.jpeg,"Premium quality Logitech K585 Multi-Device Slim Wireless Keyboard, Built-in Cradle for Device; for Laptop, Tablet, Desktop, Smartphone, Win/Mac, Bluetooth/Receiver, Compact, Easy Switch, 24 Month Battery - Graphite"
B0CH9TPJ3V,"Wireless Keyboard with 7-Color RGB Backlit, Full-Size Computer Keyboard with Phone Tablet Holder, Rechargeable 2.4G Wireless Gaming Keyboard with Light Up Key, Compatible with Mac, Windows",Electronics,Unknown,35.99,35.99,,402,FALSE,FALSE,FALSE,215,Available,https://images.pexels.com/photos/9784235/pexels-photo-9784235.jpeg,"Premium quality Wireless Keyboard with 7-Color RGB Backlit, Full-Size Computer Keyboard with Phone Tablet Holder, Rechargeable 2.4G Wireless Gaming Keyboard with Light Up Key, Compatible with Mac, Windows"
B09TKH352V,"Wireless Keyboard and Mouse Combo - RGB Backlit, Rechargeable & Light Up Letters, Full-Size, Ergonomic Tilt Angle, Sleep Mode, 2.4GHz Quiet Keyboard Mouse for Mac, Windows, Laptop, PC, Trueque",Electronics,Unknown,29.99,45.99,,2607,TRUE,FALSE,FALSE,281,Available,https://images.pexels.com/photos/5793947/pexels-photo-5793947.jpeg,"Premium quality Wireless Keyboard and Mouse Combo - RGB Backlit, Rechargeable & Light Up Letters, Full-Size, Ergonomic Tilt Angle, Sleep Mode, 2.4GHz Quiet Keyboard Mouse for Mac, Windows, Laptop, PC, Trueque"
B0CBPNWCVS,"Logitech MK540 Advanced Wireless Keyboard and Mouse Combo for Windows, 2.4 GHz Unifying USB-Receiver, Multimedia Hotkeys, 3-Year Battery Life, for PC, Laptop",Electronics,Unknown,49.95,49.95,,854,FALSE,FALSE,FALSE,66,Available,https://images.pexels.com/photos/15399855/pexels-photo-15399855.jpeg,"Premium quality Logitech MK540 Advanced Wireless Keyboard and Mouse Combo for Windows, 2.4 GHz Unifying USB-Receiver, Multimedia Hotkeys, 3-Year Battery Life, for PC, Laptop"
B09WDJNBT1,"Arteck 2.4G Wireless Keyboard Ultra Slim and Compact Keyboard with Media Hotkeys for Computer Desktop PC Laptop Surface Smart TV and Windows 11/10/8/7, Black",Electronics,Unknown,18.99,18.99,,4219,FALSE,FALSE,FALSE,163,Available,https://images.pexels.com/photos/10655906/pexels-photo-10655906.jpeg,"Premium quality Arteck 2.4G Wireless Keyboard Ultra Slim and Compact Keyboard with Media Hotkeys for Computer Desktop PC Laptop Surface Smart TV and Windows 11/10/8/7, Black"
B09P33RWFJ,"Wireless Keyboard and Mouse Combo, MARVO 2.4G Ergonomic Wireless Computer Keyboard with Phone Tablet Holder, Silent Mouse with 6 Button, Compatible with MacBook, Windows (Black)",Electronics,Unknown,20.99,20.99,,6631,FALSE,FALSE,FALSE,288,Available,https://images.pexels.com/photos/346765/pexels-photo-346765.jpeg,"Premium quality Wireless Keyboard and Mouse Combo, MARVO 2.4G Ergonomic Wireless Computer Keyboard with Phone Tablet Holder, Silent Mouse with 6 Button, Compatible with MacBook, Windows (Black)"
B0C4SYN1SP,"seenda Wireless Keyboard and Mouse, USB & Type C Keyboard Mouse Combo, Full Size White Wireless Keyboard Compatible for Win 7/8/10, MacBook Pro/Air, Laptop, PC - White",Electronics,Unknown,21.99,39.99,,1774,FALSE,FALSE,FALSE,143,Available,https://images.pexels.com/photos/13736497/pexels-photo-13736497.jpeg,"Premium quality seenda Wireless Keyboard and Mouse, USB & Type C Keyboard Mouse Combo, Full Size White Wireless Keyboard Compatible for Win 7/8/10, MacBook Pro/Air, Laptop, PC - White"
B0C8HN3QD7,"Emetok Universal Bluetooth Keyboard for iPad, Upgraded BLE Technology Keyboard with Unwavering Connection, 18-Month Battery Life, Automatic Identification for Windows, Android, macOS, iOS, Black",Electronics,Unknown,9.99,19.99,,334,FALSE,FALSE,TRUE,125,Available,https://images.pexels.com/photos/346765/pexels-photo-346765.jpeg,"Premium quality Emetok Universal Bluetooth Keyboard for iPad, Upgraded BLE Technology Keyboard with Unwavering Connection, 18-Month Battery Life, Automatic Identification for Windows, Android, macOS, iOS, Black"
B07VN47CYW,Arteck HB192 Universal Bluetooth Keyboard Multi-Device Stainless Steel Full Size Wireless Keyboard for Windows iOS Android Computer Desktop Laptop Surface Tablet Smartphone Rechargeable Battery,Electronics,Unknown,34.99,34.99,,5195,FALSE,FALSE,FALSE,177,Available,https://images.pexels.com/photos/10655906/pexels-photo-10655906.jpeg,Premium quality Arteck HB192 Universal Bluetooth Keyboard Multi-Device Stainless Steel Full Size Wireless Keyboard for Windows iOS Android Computer Desktop Laptop Surface Tablet Smartphone Rechargeable Battery
B07TS6R1SF,"iClever BK10 Bluetooth Keyboard, Multi Device Keyboard Rechargeable Bluetooth 5.1 with Number Pad Ergonomic Design Full Size Stable Connection Keyboard for iPad, iPhone, Mac, iOS, Android, Windows",Electronics,Unknown,34.99,39.99,,13498,FALSE,FALSE,FALSE,166,Available,https://images.pexels.com/photos/25809251/pexels-photo-25809251.jpeg,"Premium quality iClever BK10 Bluetooth Keyboard, Multi Device Keyboard Rechargeable Bluetooth 5.1 with Number Pad Ergonomic Design Full Size Stable Connection Keyboard for iPad, iPhone, Mac, iOS, Android, Windows"
B0BT4DP7SC,"Logitech Pebble Keys 2 K380s, Multi-Device Bluetooth Wireless Keyboard with Customizable Shortcuts, Slim and Portable, Easy-Switch for Windows, macOS, iPadOS, Android, Chrome OS - Tonal Graphite",Electronics,Unknown,31.99,39.99,,599,FALSE,FALSE,FALSE,164,Available,https://images.pexels.com/photos/6337/light-coffee-pen-working.jpg,"Premium quality Logitech Pebble Keys 2 K380s, Multi-Device Bluetooth Wireless Keyboard with Customizable Shortcuts, Slim and Portable, Easy-Switch for Windows, macOS, iPadOS, Android, Chrome OS - Tonal Graphite"
B07PV6NDB2,"iClever BK10 Bluetooth Keyboard, Wireless Bluetooth Keyboard, Rechargeable Bluetooth 5.1 Multi Device Keyboard with Number Pad Full Size Stable Connection for Mac, Windows, iOS, Android, Laptop",Electronics,Unknown,35.99,35.99,,6290,FALSE,FALSE,FALSE,139,Available,https://images.pexels.com/photos/8569471/pexels-photo-8569471.jpeg,"Premium quality iClever BK10 Bluetooth Keyboard, Wireless Bluetooth Keyboard, Rechargeable Bluetooth 5.1 Multi Device Keyboard with Number Pad Full Size Stable Connection for Mac, Windows, iOS, Android, Laptop"
B07PFCRWG9,"Arteck Ultra-Slim Keyboard Compatible with iPad 10.2-inch/iPad Air/iPad 9.7-inch/iPad Pro/iPad Mini, iPhone and Other Bluetooth Enabled Devices Including iOS, Android, Windows, Black",Electronics,Unknown,19.99,19.99,,11606,FALSE,FALSE,FALSE,294,Available,https://images.pexels.com/photos/12902994/pexels-photo-12902994.jpeg,"Premium quality Arteck Ultra-Slim Keyboard Compatible with iPad 10.2-inch/iPad Air/iPad 9.7-inch/iPad Pro/iPad Mini, iPhone and Other Bluetooth Enabled Devices Including iOS, Android, Windows, Black"
B09LK1P1RD,"Logitech MX Mechanical Wireless Illuminated Performance Keyboard, Tactile Quiet Switches, Backlit Keys, Bluetooth, USB-C, macOS, Windows, Linux, iOS, Android, Metal, ?Graphite",Electronics,Unknown,145.99,169.99,,2859,FALSE,FALSE,FALSE,111,Available,https://images.pexels.com/photos/31076950/pexels-photo-31076950.jpeg,"Premium quality Logitech MX Mechanical Wireless Illuminated Performance Keyboard, Tactile Quiet Switches, Backlit Keys, Bluetooth, USB-C, macOS, Windows, Linux, iOS, Android, Metal, ?Graphite"
B0BL2NDWTX,"Logitech K585 Multi-Device Slim Wireless Keyboard, Built-in Cradle for Device; for Laptop, Tablet, Desktop, Smartphone, Win/Mac, Bluetooth/Receiver, Compact, Easy Switch, 24 Month Battery - Rose",Electronics,Unknown,45.45,49.99,,1694,FALSE,FALSE,FALSE,77,Available,https://images.pexels.com/photos/5942722/pexels-photo-5942722.jpeg,"Premium quality Logitech K585 Multi-Device Slim Wireless Keyboard, Built-in Cradle for Device; for Laptop, Tablet, Desktop, Smartphone, Win/Mac, Bluetooth/Receiver, Compact, Easy Switch, 24 Month Battery - Rose"
B00MUTWLW4,"Logitech K480 Wireless Multi-Device Keyboard for Windows, macOS, iPadOS, Android or Chrome OS, Bluetooth, Compact, Compatible with PC, Mac, Laptop, Smartphone, Tablet - Black",Electronics,Unknown,29.98,29.98,,22982,FALSE,FALSE,FALSE,248,Available,https://images.pexels.com/photos/9263102/pexels-photo-9263102.jpeg,"Premium quality Logitech K480 Wireless Multi-Device Keyboard for Windows, macOS, iPadOS, Android or Chrome OS, Bluetooth, Compact, Compatible with PC, Mac, Laptop, Smartphone, Tablet - Black"
B0B2WL3K7D,"YUNZII ACTTO B305 Wireless Typewriter Keyboard, Retro Bluetooth Aesthetic Keyboard with Integrated Stand for Multi-Device (B305, Ivory Butter)",Electronics,Unknown,51.89,51.89,,2370,FALSE,FALSE,FALSE,136,Available,https://images.pexels.com/photos/7915219/pexels-photo-7915219.jpeg,"Premium quality YUNZII ACTTO B305 Wireless Typewriter Keyboard, Retro Bluetooth Aesthetic Keyboard with Integrated Stand for Multi-Device (B305, Ivory Butter)"
B00X5P8BJO,"Arteck Universal Backlit 7-Colors Ultra Light Slim Portable Wireless Bluetooth 3.0 Keyboard for iOS iPad Pro, Air, Mini, Android, Windows Tablets PC Smartphone Built in Rechargeable 6-Month Battery",Electronics,Unknown,23.99,23.99,,28414,FALSE,FALSE,FALSE,298,Available,https://images.pexels.com/photos/346765/pexels-photo-346765.jpeg,"Premium quality Arteck Universal Backlit 7-Colors Ultra Light Slim Portable Wireless Bluetooth 3.0 Keyboard for iOS iPad Pro, Air, Mini, Android, Windows Tablets PC Smartphone Built in Rechargeable 6-Month Battery"
B085RGMMV4,"Arteck HB193 Universal Bluetooth Keyboard Multi-Device Stainless Steel Full Size Wireless Keyboard for Windows, iOS, Android, Computer Desktop Laptop Surface Tablet Smartphone Rechargeable Battery",Electronics,Unknown,33.99,33.99,,1018,FALSE,FALSE,FALSE,146,Available,https://images.pexels.com/photos/6001241/pexels-photo-6001241.jpeg,"Premium quality Arteck HB193 Universal Bluetooth Keyboard Multi-Device Stainless Steel Full Size Wireless Keyboard for Windows, iOS, Android, Computer Desktop Laptop Surface Tablet Smartphone Rechargeable Battery"
B00GD1BGYO,"OMOTON Bluetooth Keyboard for iPad 10th Generation, iPad 10.2 (9th/8th/7th), iPad Pro 13/12.9/11 inch, iPad Air 13/11 inch, iPad Air 5th/4th Gen, iPad Mini and More Bluetooth Enabled Devices, White",Electronics,Unknown,17.76,20.99,,28975,FALSE,FALSE,FALSE,148,Available,https://images.pexels.com/photos/25809251/pexels-photo-25809251.jpeg,"Premium quality OMOTON Bluetooth Keyboard for iPad 10th Generation, iPad 10.2 (9th/8th/7th), iPad Pro 13/12.9/11 inch, iPad Air 13/11 inch, iPad Air 5th/4th Gen, iPad Mini and More Bluetooth Enabled Devices, White"
B07ZGDPT4M,SteelSeries Apex 3 RGB Gaming Keyboard – 10-Zone RGB Illumination – IP32 Water Resistant – Premium Magnetic Wrist Rest (Whisper Quiet Gaming Switch),Electronics,Unknown,47,49.99,,6904,FALSE,FALSE,FALSE,77,Available,https://images.pexels.com/photos/7862496/pexels-photo-7862496.jpeg,Premium quality SteelSeries Apex 3 RGB Gaming Keyboard – 10-Zone RGB Illumination – IP32 Water Resistant – Premium Magnetic Wrist Rest (Whisper Quiet Gaming Switch)
B07QQB9VCV,"Logitech G PRO Mechanical Gaming Keyboard, Ultra Portable Tenkeyless Design, Detachable Micro USB Cable, 16.8 Million Color LIGHTSYNC RGB Backlit Keys",Electronics,Unknown,59.99,59.99,,4887,FALSE,FALSE,FALSE,141,Available,https://images.pexels.com/photos/9020272/pexels-photo-9020272.jpeg,"Premium quality Logitech G PRO Mechanical Gaming Keyboard, Ultra Portable Tenkeyless Design, Detachable Micro USB Cable, 16.8 Million Color LIGHTSYNC RGB Backlit Keys"
B08B3MHYPC,Razer Huntsman Mini 60% Gaming Keyboard: Fast Keyboard Switches - Linear Optical Switches - Chroma RGB Lighting - PBT Keycaps - Onboard Memory - Snap Tap - White,Electronics,Unknown,85.38,129.99,,13002,FALSE,FALSE,FALSE,20,Available,https://images.pexels.com/photos/9020272/pexels-photo-9020272.jpeg,Premium quality Razer Huntsman Mini 60% Gaming Keyboard: Fast Keyboard Switches - Linear Optical Switches - Chroma RGB Lighting - PBT Keycaps - Onboard Memory - Snap Tap - White
B09X6GJ691,Razer Ornata V3 X Gaming Keyboard: Low Profile Keys - Silent Membrane Switches - Spill Resistant - Chroma RGB Lighting - Ergonomic Wrist Rest - Snap Tap,Electronics,Unknown,34.98,39.99,,2054,FALSE,FALSE,FALSE,258,Available,https://images.pexels.com/photos/34877295/pexels-photo-34877295.jpeg,Premium quality Razer Ornata V3 X Gaming Keyboard: Low Profile Keys - Silent Membrane Switches - Spill Resistant - Chroma RGB Lighting - Ergonomic Wrist Rest - Snap Tap
B0D17C3ZVJ,"TECKNET RGB Gaming Keyboard, 105 Keys, All-Metal Panel, 15-Zone RGB Illumination, Silent Keyboard with Wrist Rest, 25 Anti-ghosting Keys, IP32 Water Resistance, USB Wired Keyboard for PC, Mac, Laptop",Electronics,Unknown,26.99,36.99,,1847,FALSE,FALSE,FALSE,115,Available,https://images.pexels.com/photos/8532766/pexels-photo-8532766.jpeg,"Premium quality TECKNET RGB Gaming Keyboard, 105 Keys, All-Metal Panel, 15-Zone RGB Illumination, Silent Keyboard with Wrist Rest, 25 Anti-ghosting Keys, IP32 Water Resistance, USB Wired Keyboard for PC, Mac, Laptop"
B097T276QL,"Snpurdiri 60% Wired Gaming Keyboard, RGB Backlit Mini Keyboard, Waterproof Small Ultra-Compact 61 Keys Keyboard for PC/Mac Gamer, Typist, Travel, Easy to Carry on Business Trip(Black-White)",Electronics,Unknown,27.98,39.99,,9598,FALSE,FALSE,FALSE,145,Available,https://images.pexels.com/photos/31076950/pexels-photo-31076950.jpeg,"Premium quality Snpurdiri 60% Wired Gaming Keyboard, RGB Backlit Mini Keyboard, Waterproof Small Ultra-Compact 61 Keys Keyboard for PC/Mac Gamer, Typist, Travel, Easy to Carry on Business Trip(Black-White)"
B0BGXZF1MD,"DIERYA T68SE 60% Gaming Mechanical Keyboard,Ultra Compact Mini 68 Key with Red Switches Wired Keyboard,Anti-Ghosting Keys, for Windows Laptops and PC Gamers,White",Electronics,Unknown,27.88,27.88,,848,FALSE,FALSE,FALSE,137,Available,https://images.pexels.com/photos/5793947/pexels-photo-5793947.jpeg,"Premium quality DIERYA T68SE 60% Gaming Mechanical Keyboard,Ultra Compact Mini 68 Key with Red Switches Wired Keyboard,Anti-Ghosting Keys, for Windows Laptops and PC Gamers,White"
B08XBQ79MN,"HyperX Alloy Origins 60 - Mechanical Gaming Keyboard, Ultra Compact 60% Form Factor, Double Shot PBT Keycaps, RGB LED Backlit, NGENUITY Software Compatible - Linear HyperX Red Switch,Black",Electronics,Unknown,66.99,99.99,,13156,FALSE,FALSE,FALSE,67,Available,https://images.pexels.com/photos/5805490/pexels-photo-5805490.jpeg,"Premium quality HyperX Alloy Origins 60 - Mechanical Gaming Keyboard, Ultra Compact 60% Form Factor, Double Shot PBT Keycaps, RGB LED Backlit, NGENUITY Software Compatible - Linear HyperX Red Switch,Black"
B09LVWTDWN,"UPPERCASE GhostCover® Premium Ultra Thin Keyboard Cover Protector, Compatible with 2021 2022 2023 2024 M1/M2/M3/M4 Pro/Max MacBook Pro 14/16, M2/M3 MacBook Air 13/15, US ANSI Layout, Clear",Electronics,Unknown,12.95,12.95,,2841,TRUE,FALSE,FALSE,108,Available,https://images.pexels.com/photos/15372897/pexels-photo-15372897.jpeg,"Premium quality UPPERCASE GhostCover® Premium Ultra Thin Keyboard Cover Protector, Compatible with 2021 2022 2023 2024 M1/M2/M3/M4 Pro/Max MacBook Pro 14/16, M2/M3 MacBook Air 13/15, US ANSI Layout, Clear"
B09W5D3LSL,"Geekria Tenkeyless TKL Keyboard Dust Cover, Clear Acrylic Keypads Cover for 80% Compact 87 Key Computer Mechanical Gaming Keyboard, Compatible with Logitech G PRO, G915 TKL, G PRO X TKL.",Electronics,Unknown,20.99,20.99,,305,FALSE,FALSE,FALSE,256,Available,https://images.pexels.com/photos/4792732/pexels-photo-4792732.jpeg,"Premium quality Geekria Tenkeyless TKL Keyboard Dust Cover, Clear Acrylic Keypads Cover for 80% Compact 87 Key Computer Mechanical Gaming Keyboard, Compatible with Logitech G PRO, G915 TKL, G PRO X TKL."
B07HYY2YHP,Green Onions Supply[3 Pack] Universal Fully Covered Flat Style 0.025mm Wipeable Superb Tactile Feeling Waterproof Anti-Dust Keyboard Cap Cover for Desktop Keyboard with Numeric Hospital/Dentist Use,Electronics,Unknown,14.99,15.99,,988,FALSE,FALSE,FALSE,291,Available,https://images.pexels.com/photos/32755764/pexels-photo-32755764.jpeg,Premium quality Green Onions Supply[3 Pack] Universal Fully Covered Flat Style 0.025mm Wipeable Superb Tactile Feeling Waterproof Anti-Dust Keyboard Cap Cover for Desktop Keyboard with Numeric Hospital/Dentist Use
B0C6LZQW4W,"Premium Keyboard Cover Protector, Ultra Thin Keyboard Skin for 2023 MacBook Air 15"" M2 A2941, MacBook Pro 14""/16"" M3/M2/M1 A2918 A2992 A2991 A2779 A2442 A2780 A2485, MacBook Air 13"" M2 A2681",Electronics,Unknown,8.99,8.99,,456,FALSE,FALSE,FALSE,208,Available,https://images.pexels.com/photos/5152261/pexels-photo-5152261.jpeg,"Premium quality Premium Keyboard Cover Protector, Ultra Thin Keyboard Skin for 2023 MacBook Air 15"" M2 A2941, MacBook Pro 14""/16"" M3/M2/M1 A2918 A2992 A2991 A2779 A2442 A2780 A2485, MacBook Air 13"" M2 A2681"
B0BPBDWS9R,"Acrylic Computer Keyboard Cover, Mechanical Keyboard Dust Cover PC Keyboard Cat Protector, Cat Keyboard Protector (1 Pack, Clear)",Electronics,Unknown,35.99,35.99,,91,FALSE,FALSE,FALSE,211,Available,https://images.pexels.com/photos/5805490/pexels-photo-5805490.jpeg,"Premium quality Acrylic Computer Keyboard Cover, Mechanical Keyboard Dust Cover PC Keyboard Cat Protector, Cat Keyboard Protector (1 Pack, Clear)"
B0912HWJKJ,"Keyboard Cover for Logitech MK270 MK295 Keyboard, Logitech MK295 MK270 MK260 MK200 & Logitech K270 Keyboard Cover Skin Protector - Gradual Purple",Electronics,Unknown,6.15,6.15,,656,FALSE,FALSE,FALSE,88,Available,https://images.pexels.com/photos/6804466/pexels-photo-6804466.jpeg,"Premium quality Keyboard Cover for Logitech MK270 MK295 Keyboard, Logitech MK295 MK270 MK260 MK200 & Logitech K270 Keyboard Cover Skin Protector - Gradual Purple"
B09KGMGWHJ,"MOSISO Keyboard Cover Skin Compatible with MacBook Air 15 M3 A3114 M2 A2941/Air 13.6 M3 A3113 M2 A2681/Pro 14/16 inch M4 M3 M2 M1, Rose Quartz",Electronics,Unknown,7.99,7.99,,1093,FALSE,FALSE,FALSE,297,Available,https://images.pexels.com/photos/31076950/pexels-photo-31076950.jpeg,"Premium quality MOSISO Keyboard Cover Skin Compatible with MacBook Air 15 M3 A3114 M2 A2941/Air 13.6 M3 A3113 M2 A2681/Pro 14/16 inch M4 M3 M2 M1, Rose Quartz"
B01MXONFI1,"Universal Clear Waterproof Anti-Dust Silicone Keyboard Protector Cover Skin for Standard Size PC Computer Desktop Keyboards (Size: 17.52"" x 5.51"")",Electronics,Unknown,5.95,5.95,,920,FALSE,FALSE,FALSE,266,Available,https://images.pexels.com/photos/6804466/pexels-photo-6804466.jpeg,"Premium quality Universal Clear Waterproof Anti-Dust Silicone Keyboard Protector Cover Skin for Standard Size PC Computer Desktop Keyboards (Size: 17.52"" x 5.51"")"
B08JCR31R7,"Weewooday 30 Pcs Universal Keyboard Protector Cover Wipeable 0.025mm Disposable Keyboard Cover Fully Covered Waterproof Anti-Dust Keyboard Cover for Desktop Keyboard Barrier for Schools, Office",Electronics,Unknown,8.99,8.99,,282,FALSE,FALSE,FALSE,95,Available,https://images.pexels.com/photos/32755764/pexels-photo-32755764.jpeg,"Premium quality Weewooday 30 Pcs Universal Keyboard Protector Cover Wipeable 0.025mm Disposable Keyboard Cover Fully Covered Waterproof Anti-Dust Keyboard Cover for Desktop Keyboard Barrier for Schools, Office"
B095JX15XF,Logitech Protective Covers for K120 Keyboard - Silicone,Electronics,Unknown,9.9,9.9,,7697,FALSE,FALSE,FALSE,173,Available,https://images.pexels.com/photos/32755762/pexels-photo-32755762.jpeg,Premium quality Logitech Protective Covers for K120 Keyboard - Silicone
B0D3HMZWN2,"Keyboard Dust Cover, Covers Most 75% 80% 96% and Full Standard Size PC Keyboards, Stretch Fabric Anti-Dust Keyboard Sleeve Fits Keyboards from 14.9"" x 5.9"" up to 19.5"" x 7.5"", (Black, M)",Electronics,Unknown,9.99,9.99,,14,FALSE,FALSE,FALSE,163,Available,https://images.pexels.com/photos/35504606/pexels-photo-35504606.jpeg,"Premium quality Keyboard Dust Cover, Covers Most 75% 80% 96% and Full Standard Size PC Keyboards, Stretch Fabric Anti-Dust Keyboard Sleeve Fits Keyboards from 14.9"" x 5.9"" up to 19.5"" x 7.5"", (Black, M)"
B00DTGG1NW,"Keyboard Dust Cover, Covers Large Size PC Keyboards, Silky Smooth Antistatic Vinyl, Translucent Coconut Cream Color with Blue Trim, (20W x2H x9D)",Electronics,Unknown,10.97,10.97,,1189,FALSE,FALSE,FALSE,105,Available,https://images.pexels.com/photos/32755764/pexels-photo-32755764.jpeg,"Premium quality Keyboard Dust Cover, Covers Large Size PC Keyboards, Silky Smooth Antistatic Vinyl, Translucent Coconut Cream Color with Blue Trim, (20W x2H x9D)"
B07N115MZZ,Ultra Thin Desktop PC Silicone Clear Keyboard Cover Skin Protector Compatible for Logitech MK270 Wireless Keyboard & Logitech K200 K260 K270 MK200 MK260 Keyboard (NOT for Other Desktop Keyboards),Electronics,Unknown,6.95,6.95,,860,FALSE,FALSE,FALSE,204,Available,https://images.pexels.com/photos/5805490/pexels-photo-5805490.jpeg,Premium quality Ultra Thin Desktop PC Silicone Clear Keyboard Cover Skin Protector Compatible for Logitech MK270 Wireless Keyboard & Logitech K200 K260 K270 MK200 MK260 Keyboard (NOT for Other Desktop Keyboards)
B08B8BBM2W,(2 Pack) Universal Clear Anti-Dust Keyboard Skin Protector Cover for 104/107 Keys Standard Desktop Keyboard Reusable Waterproof Keyboard Cover,Electronics,Unknown,7.66,7.66,,300,FALSE,FALSE,FALSE,239,Available,https://images.pexels.com/photos/35504606/pexels-photo-35504606.jpeg,Premium quality (2 Pack) Universal Clear Anti-Dust Keyboard Skin Protector Cover for 104/107 Keys Standard Desktop Keyboard Reusable Waterproof Keyboard Cover
B0BMDZRB28,"Geekria Premium Acrylic Keyboard Dust Cover for 60% Compact 61 Keys Keyboard Compatible with Razer Huntsman Mini 60% Gaming, RK Royal KLUDGE RK61 Keyboard.",Electronics,Unknown,17.95,17.95,,50,FALSE,FALSE,FALSE,88,Available,https://images.pexels.com/photos/5152261/pexels-photo-5152261.jpeg,"Premium quality Geekria Premium Acrylic Keyboard Dust Cover for 60% Compact 61 Keys Keyboard Compatible with Razer Huntsman Mini 60% Gaming, RK Royal KLUDGE RK61 Keyboard."
B0CDGQR333,"Universal Clear Desktop Computer Keyboard Protection Skin Protector Cover for PC 104/107 Keys Standard Keyboard,Ultra Thin Desktop PC Silicone Waterproof Dustproof Keyboard Cover (Type-A)",Electronics,Unknown,6.99,6.99,,40,FALSE,FALSE,FALSE,66,Available,https://images.pexels.com/photos/15372897/pexels-photo-15372897.jpeg,"Premium quality Universal Clear Desktop Computer Keyboard Protection Skin Protector Cover for PC 104/107 Keys Standard Keyboard,Ultra Thin Desktop PC Silicone Waterproof Dustproof Keyboard Cover (Type-A)"
B07QGHK6Q8,"Logitech G213 Prodigy Gaming Keyboard, LIGHTSYNC RGB Backlit Keys, Spill-Resistant, Customizable Keys, Dedicated Multi-Media Keys – Black",Electronics,Unknown,39.99,69.99,,6142,FALSE,TRUE,TRUE,113,Available,https://images.pexels.com/photos/31076950/pexels-photo-31076950.jpeg,"Premium quality Logitech G213 Prodigy Gaming Keyboard, LIGHTSYNC RGB Backlit Keys, Spill-Resistant, Customizable Keys, Dedicated Multi-Media Keys – Black"
B06XW8QXVG,"Perixx PERIBOARD-317 Wired Backlit USB Keyboard, Big Print Letter with White Illuminated LED, US English Layout,Black",Electronics,Unknown,19.99,29.9,,8242,FALSE,TRUE,FALSE,257,Available,https://images.pexels.com/photos/31076950/pexels-photo-31076950.jpeg,"Premium quality Perixx PERIBOARD-317 Wired Backlit USB Keyboard, Big Print Letter with White Illuminated LED, US English Layout,Black"
B08Z6X4NK3,"Logitech G413 SE Full-Size Mechanical Gaming Keyboard - Backlit Keyboard with Tactile Mechanical Switches, Anti-Ghosting, Compatible with Windows, macOS - Black Aluminum",Electronics,Unknown,57.06,79.99,,1668,FALSE,TRUE,FALSE,223,Available,https://images.pexels.com/photos/32532386/pexels-photo-32532386.jpeg,"Premium quality Logitech G413 SE Full-Size Mechanical Gaming Keyboard - Backlit Keyboard with Tactile Mechanical Switches, Anti-Ghosting, Compatible with Windows, macOS - Black Aluminum"
B09STTTKBK,Arteck Backlit USB Wired Full Size Keyboard with Media Hotkey for PC and Laptop,Electronics,Unknown,35.99,35.99,,2473,FALSE,TRUE,FALSE,237,Available,https://images.pexels.com/photos/15940010/pexels-photo-15940010.jpeg,Premium quality Arteck Backlit USB Wired Full Size Keyboard with Media Hotkey for PC and Laptop
B0CZM6JKZ4,"HP 400 Backlit Wired Keyboard (Ash Wired) - Warm White LED Illuminated Keys w/ 3 Brightness Levels - Slim & Portable Design - 12 Programmable Keys - Spill-Resistant, Sanitizable",Electronics,Unknown,39.99,49.99,,34,FALSE,TRUE,FALSE,58,Available,https://images.pexels.com/photos/7915219/pexels-photo-7915219.jpeg,"Premium quality HP 400 Backlit Wired Keyboard (Ash Wired) - Warm White LED Illuminated Keys w/ 3 Brightness Levels - Slim & Portable Design - 12 Programmable Keys - Spill-Resistant, Sanitizable"
B0D9LWMZDY,"Backlit Computer Keyboards, Wired USB LED Keyboard with 7 Colors Backlight, Plug and Play, Waterproof, Full Size Quiet Computer Keyboard for Windows Desktop, PC, Laptop, Gaming",Electronics,Unknown,24.99,24.99,,34,FALSE,TRUE,FALSE,119,Available,https://images.pexels.com/photos/1604025/pexels-photo-1604025.jpeg,"Premium quality Backlit Computer Keyboards, Wired USB LED Keyboard with 7 Colors Backlight, Plug and Play, Waterproof, Full Size Quiet Computer Keyboard for Windows Desktop, PC, Laptop, Gaming"
B0D7HCZSRP,"RisoPhy Gaming Keyboard, 104 Keys All-Metal Panel, Rainbow LED Backlit Silent Computer Keyboard, Wrist Rest, Multimedia Keys, Anti-Ghosting, Waterproof Light Up Wired Keyboard for PC Mac Gamer",Electronics,Unknown,23.99,23.99,,73,FALSE,TRUE,FALSE,273,Available,https://images.pexels.com/photos/32755762/pexels-photo-32755762.jpeg,"Premium quality RisoPhy Gaming Keyboard, 104 Keys All-Metal Panel, Rainbow LED Backlit Silent Computer Keyboard, Wrist Rest, Multimedia Keys, Anti-Ghosting, Waterproof Light Up Wired Keyboard for PC Mac Gamer"
B081YXTSXG,"Rii Three Colors Backlit Keyboard and Mouse, Wired Keyboard and Mouse Combo, USB Keyboard and Mouse Set,Quiet Input Gaming Keyboard,Optical RGB Mouse for School,Office,Business and Gaming",Electronics,Unknown,19.99,19.99,,4861,FALSE,TRUE,FALSE,241,Available,https://images.pexels.com/photos/32755762/pexels-photo-32755762.jpeg,"Premium quality Rii Three Colors Backlit Keyboard and Mouse, Wired Keyboard and Mouse Combo, USB Keyboard and Mouse Set,Quiet Input Gaming Keyboard,Optical RGB Mouse for School,Office,Business and Gaming"
B0D4HKW2D7,"Computer Wired Keyboard, Large Print Backlit Keyboard with Wrist Rest, 7-Colors Backlit, Plug and Play, Foldable Stands, Spill-Resistant, Corded Full Size Keyboard for Windows, PC, Laptop",Electronics,Unknown,27.99,27.99,,90,FALSE,TRUE,FALSE,42,Available,https://images.pexels.com/photos/7241679/pexels-photo-7241679.jpeg,"Premium quality Computer Wired Keyboard, Large Print Backlit Keyboard with Wrist Rest, 7-Colors Backlit, Plug and Play, Foldable Stands, Spill-Resistant, Corded Full Size Keyboard for Windows, PC, Laptop"
B01LVZU9B0,"Rii RK100 3 Colors LED Backlit Mechanical Feeling USB Wired Multimedia Gaming Keyboard, Office Keyboard for Working or Primer Gaming,Office Device",Electronics,Unknown,14.99,14.99,,2925,FALSE,TRUE,FALSE,269,Available,https://images.pexels.com/photos/17350368/pexels-photo-17350368.jpeg,"Premium quality Rii RK100 3 Colors LED Backlit Mechanical Feeling USB Wired Multimedia Gaming Keyboard, Office Keyboard for Working or Primer Gaming,Office Device"
B0BTNY72VD,"Logitech Wave Keys Wireless Ergonomic Keyboard with Cushioned Palm Rest, Comfortable Natural Typing, Easy-Switch, Bluetooth, Logi Bolt Receiver, for Multi-OS, Windows/Mac - Graphite",Electronics,Unknown,59.99,59.99,,700,FALSE,TRUE,FALSE,29,Available,https://images.pexels.com/photos/31076950/pexels-photo-31076950.jpeg,"Premium quality Logitech Wave Keys Wireless Ergonomic Keyboard with Cushioned Palm Rest, Comfortable Natural Typing, Easy-Switch, Bluetooth, Logi Bolt Receiver, for Multi-OS, Windows/Mac - Graphite"
B0CGL8X4H6,"Arteck Ergonomic USB Wired Keyboard with Cushioned Wrist & Palm Rest, Backlit 7 Colors & Adjustable Brightness Comfortable Natural Split Keyboard with 6 Feet Wire for Windows Computer Desktop Laptop",Electronics,Unknown,56.99,56.99,,414,FALSE,TRUE,FALSE,265,Available,https://images.pexels.com/photos/9263102/pexels-photo-9263102.jpeg,"Premium quality Arteck Ergonomic USB Wired Keyboard with Cushioned Wrist & Palm Rest, Backlit 7 Colors & Adjustable Brightness Comfortable Natural Split Keyboard with 6 Feet Wire for Windows Computer Desktop Laptop"
B075GZVD4T,"Perixx Periboard-512 Ergonomic Split Keyboard - Natural Ergonomic Design - Black - Bulky Size 19.09""x9.29""x1.73"", US English Layout",Electronics,Unknown,49.99,69.9,,12039,FALSE,TRUE,FALSE,119,Available,https://images.pexels.com/photos/32755762/pexels-photo-32755762.jpeg,"Premium quality Perixx Periboard-512 Ergonomic Split Keyboard - Natural Ergonomic Design - Black - Bulky Size 19.09""x9.29""x1.73"", US English Layout"
B0BTNZWYT5,"Logitech Wave Keys Wireless Ergonomic Keyboard with Cushioned Palm Rest, Comfortable Natural Typing, Easy-Switch, Bluetooth, Logi Bolt Receiver, for Multi-OS, Windows/Mac - Rose",Electronics,Unknown,59.99,59.99,,159,FALSE,TRUE,FALSE,199,Available,https://images.pexels.com/photos/32755762/pexels-photo-32755762.jpeg,"Premium quality Logitech Wave Keys Wireless Ergonomic Keyboard with Cushioned Palm Rest, Comfortable Natural Typing, Easy-Switch, Bluetooth, Logi Bolt Receiver, for Multi-OS, Windows/Mac - Rose"
B0BKKYRQ31,"Arteck Split Ergonomic Keyboard with Cushioned Wrist and Palm Rest, 2.4G USB Wireless Comfortable Natural Ergonomic Split Keyboard, for Windows Computer Desktop Laptop",Electronics,Unknown,54.99,54.99,,893,FALSE,TRUE,FALSE,242,Available,https://images.pexels.com/photos/6893890/pexels-photo-6893890.jpeg,"Premium quality Arteck Split Ergonomic Keyboard with Cushioned Wrist and Palm Rest, 2.4G USB Wireless Comfortable Natural Ergonomic Split Keyboard, for Windows Computer Desktop Laptop"
B0CSMGWHF5,"Nulea RT05B Wireless Ergonomic Keyboard, Split Keyboard with Cushioned Wrist Rest, Bluetooth and USB Connectivity, USB-C Rechargeable, Compatible with Windows Mac",Electronics,Unknown,49.99,49.99,,678,FALSE,TRUE,FALSE,269,Available,https://images.pexels.com/photos/17350368/pexels-photo-17350368.jpeg,"Premium quality Nulea RT05B Wireless Ergonomic Keyboard, Split Keyboard with Cushioned Wrist Rest, Bluetooth and USB Connectivity, USB-C Rechargeable, Compatible with Windows Mac"
B0DCVVBT3C,"ProtoArc Backlit Wireless Ergonomic Keyboard, EK01 Plus Full Size Ergo Keyboard with Wrist Rest, Split Design, Rechargeable, Bluetooth and USB, Natural Typing Compatible with Windows/Mac/Android,Blue",Electronics,Unknown,99.99,99.99,,97,FALSE,TRUE,TRUE,166,Available,https://images.pexels.com/photos/34877295/pexels-photo-34877295.jpeg,"Premium quality ProtoArc Backlit Wireless Ergonomic Keyboard, EK01 Plus Full Size Ergo Keyboard with Wrist Rest, Split Design, Rechargeable, Bluetooth and USB, Natural Typing Compatible with Windows/Mac/Android,Blue"
B07XGD9XJL,Kensington Pro Fit Ergonomic Wired Keyboard- Black (K75400US),Electronics,Unknown,39.83,42.99,,517,FALSE,TRUE,FALSE,115,Available,https://images.pexels.com/photos/5805490/pexels-photo-5805490.jpeg,Premium quality Kensington Pro Fit Ergonomic Wired Keyboard- Black (K75400US)
B0BTNYGHN7,"Logitech Wave Keys Wireless Ergonomic Keyboard with Cushioned Palm Rest, Comfortable Natural Typing, Easy-Switch, Bluetooth, Logi Bolt Receiver, for Multi-OS, Windows/Mac - Off White",Electronics,Unknown,59.99,59.99,,235,FALSE,TRUE,FALSE,276,Available,https://images.pexels.com/photos/28842075/pexels-photo-28842075.jpeg,"Premium quality Logitech Wave Keys Wireless Ergonomic Keyboard with Cushioned Palm Rest, Comfortable Natural Typing, Easy-Switch, Bluetooth, Logi Bolt Receiver, for Multi-OS, Windows/Mac - Off White"
B0CXPCMGP1,"Nulea RT05C Wired Ergonomic Keyboard, Split Keyboard with Cushioned Wrist Rest, Adjustable Tilt Legs, Plug and Play, USB Corded, Compatible with Windows/Mac",Electronics,Unknown,39.99,46.99,,142,FALSE,TRUE,FALSE,23,Available,https://images.pexels.com/photos/34877295/pexels-photo-34877295.jpeg,"Premium quality Nulea RT05C Wired Ergonomic Keyboard, Split Keyboard with Cushioned Wrist Rest, Adjustable Tilt Legs, Plug and Play, USB Corded, Compatible with Windows/Mac"
B08FMMGMPN,"X9 Wired Ergonomic Keyboard with Cushioned Wrist Rest - Type Naturally and Comfortably Longer - USB Wired Keyboard for Laptop with 110 Keys & 5ft Cable - Split Keyboard for PC, Computer Ergo Keyboard",Electronics,Unknown,49.99,59.99,,1465,FALSE,TRUE,FALSE,35,Available,https://images.pexels.com/photos/5942722/pexels-photo-5942722.jpeg,"Premium quality X9 Wired Ergonomic Keyboard with Cushioned Wrist Rest - Type Naturally and Comfortably Longer - USB Wired Keyboard for Laptop with 110 Keys & 5ft Cable - Split Keyboard for PC, Computer Ergo Keyboard"
B0BFVYYYN7,"Nulea Wireless Ergonomic Keyboard, Split Keyboard with Wrist Rest, USB-C Charging, 7-Color Backlight, Natural Typing, Bluetooth and USB Connectivity, Compatible with Windows/Mac",Electronics,Unknown,59.99,59.99,,1174,FALSE,TRUE,FALSE,299,Available,https://images.pexels.com/photos/7915219/pexels-photo-7915219.jpeg,"Premium quality Nulea Wireless Ergonomic Keyboard, Split Keyboard with Wrist Rest, USB-C Charging, 7-Color Backlight, Natural Typing, Bluetooth and USB Connectivity, Compatible with Windows/Mac"
B079YZHFL1,Microsoft Ergonomic Keyboard for Business - Wired - Black,Electronics,Unknown,229,229,,96,FALSE,FALSE,FALSE,266,Available,https://images.pexels.com/photos/5380584/pexels-photo-5380584.jpeg,Premium quality Microsoft Ergonomic Keyboard for Business - Wired - Black
B0DBYWGB73,"MEETION Ergonomic Wired Keyboard, 7 Colors RGB Backlit Keyboard, 4 Adjustable Brightness & 2 Modes Light up, Comfortable Natural Ergo Split USB Keyboard for Windows Mac Computer Desktop Laptop, Black",Electronics,Unknown,39.99,39.99,,25,FALSE,TRUE,FALSE,277,Available,https://images.pexels.com/photos/15940010/pexels-photo-15940010.jpeg,"Premium quality MEETION Ergonomic Wired Keyboard, 7 Colors RGB Backlit Keyboard, 4 Adjustable Brightness & 2 Modes Light up, Comfortable Natural Ergo Split USB Keyboard for Windows Mac Computer Desktop Laptop, Black"
B0DG2THQ5V,"Wireless Keyboard and Mouse Combo, 2.4G Full-Sized Ergonomic Keyboard with Wrist Rest and 3 Level DPI Adjustable Wireless Ergonomic Mouse, Natural Typing, for Mac, Windows, PC, Laptop -XSUTIC",Electronics,Unknown,34.99,34.99,,86,FALSE,TRUE,FALSE,179,Available,https://images.pexels.com/photos/5793947/pexels-photo-5793947.jpeg,"Premium quality Wireless Keyboard and Mouse Combo, 2.4G Full-Sized Ergonomic Keyboard with Wrist Rest and 3 Level DPI Adjustable Wireless Ergonomic Mouse, Natural Typing, for Mac, Windows, PC, Laptop -XSUTIC"
B003ELVLKU,"Logitech K120 Wired Keyboard for Windows, Plug and Play, Full-Size, Spill-Resistant, Curved Space Bar, Compatible with PC, Laptop - Black",Electronics,Unknown,12.99,12.99,,7697,FALSE,TRUE,FALSE,171,Available,https://images.pexels.com/photos/3747070/pexels-photo-3747070.jpeg,"Premium quality Logitech K120 Wired Keyboard for Windows, Plug and Play, Full-Size, Spill-Resistant, Curved Space Bar, Compatible with PC, Laptop - Black"
B003NREDC8,"Logitech MK120 Wired Keyboard and Mouse Combo for Windows, Optical Wired Mouse, Full-Size Keyboard, USB Plug-and-Play, Compatible with PC, Laptop - Black",Electronics,Unknown,13.99,19.99,,21326,FALSE,TRUE,FALSE,197,Available,https://images.pexels.com/photos/11129922/pexels-photo-11129922.jpeg,"Premium quality Logitech MK120 Wired Keyboard and Mouse Combo for Windows, Optical Wired Mouse, Full-Size Keyboard, USB Plug-and-Play, Compatible with PC, Laptop - Black"
B09NLS9TK4,"Computer Keyboard Wired, Plug Play USB , Low Profile Chiclet Keys, Large Number Pad, Caps Indicators, Foldable Stands, Spill-Resistant, Anti-Wear Letters for Windows Mac PC Laptop, Full Size",Electronics,Unknown,11.99,14.99,,2037,FALSE,TRUE,FALSE,182,Available,https://images.pexels.com/photos/6001241/pexels-photo-6001241.jpeg,"Premium quality Computer Keyboard Wired, Plug Play USB , Low Profile Chiclet Keys, Large Number Pad, Caps Indicators, Foldable Stands, Spill-Resistant, Anti-Wear Letters for Windows Mac PC Laptop, Full Size"
B07RQVB3HQ,"Manhattan Wired Computer Keyboard – Basic Black Keyboard - with 4.5ft USB-A Cable, 104-keys, Foldable Stands - Compatible for Windows, PC, Laptop - 3 Yr Mfg Warranty – 179324",Electronics,Unknown,11.49,11.49,,6380,FALSE,TRUE,FALSE,52,Available,https://images.pexels.com/photos/15399855/pexels-photo-15399855.jpeg,"Premium quality Manhattan Wired Computer Keyboard – Basic Black Keyboard - with 4.5ft USB-A Cable, 104-keys, Foldable Stands - Compatible for Windows, PC, Laptop - 3 Yr Mfg Warranty – 179324"
B07MMNVG4L,"Lenovo 300 USB Keyboard, Wired, Adjustable Tilt, Ergonomic, Windows 7/8/10, GX30M39655, Black",Electronics,Unknown,11.99,15.99,,872,FALSE,TRUE,FALSE,198,Available,https://images.pexels.com/photos/5380584/pexels-photo-5380584.jpeg,"Premium quality Lenovo 300 USB Keyboard, Wired, Adjustable Tilt, Ergonomic, Windows 7/8/10, GX30M39655, Black"
B0BT15X781,"HP 150 Wired Keyboard with Numeric Keypad - Silent-Touch Chiclet Keyboard - Ergonomic, Comfortable - USB Plug-and-Connectivity, LED Indicators (664R5AA, Black)",Electronics,Unknown,12.99,12.99,,610,FALSE,TRUE,FALSE,120,Available,https://images.pexels.com/photos/4792720/pexels-photo-4792720.jpeg,"Premium quality HP 150 Wired Keyboard with Numeric Keypad - Silent-Touch Chiclet Keyboard - Ergonomic, Comfortable - USB Plug-and-Connectivity, LED Indicators (664R5AA, Black)"
B09YRBD8TM,"Gaming Keyboard, 7-Color Rainbow LED Backlit, 104 Keys Quiet Light Up Keyboard, Wrist Rest, Whisper Silent, Anti-ghosting Multimedia Keys, Waterproof USB Wired Keyboard for PC Mac Xbox",Electronics,Unknown,16.98,29.99,,1681,FALSE,TRUE,FALSE,287,Available,https://images.pexels.com/photos/32755764/pexels-photo-32755764.jpeg,"Premium quality Gaming Keyboard, 7-Color Rainbow LED Backlit, 104 Keys Quiet Light Up Keyboard, Wrist Rest, Whisper Silent, Anti-ghosting Multimedia Keys, Waterproof USB Wired Keyboard for PC Mac Xbox"
B07VV9KMSQ,Arteck USB Wireless Keyboard Stainless Steel Ultra Slim Keyboard with Numeric Keypad for Computer/PC/Laptop and Windows 11/10/8 Rechargeable Battery,Electronics,Unknown,29.99,39.99,,3113,FALSE,TRUE,FALSE,84,Available,https://images.pexels.com/photos/15399855/pexels-photo-15399855.jpeg,Premium quality Arteck USB Wireless Keyboard Stainless Steel Ultra Slim Keyboard with Numeric Keypad for Computer/PC/Laptop and Windows 11/10/8 Rechargeable Battery
B0DGQQKRRX,"Wired Computer Keyboard, Plug Play USB , Silent-Touch Chiclet Keys, Large Number Pad, LED Indicators?Ergonomic, Foldable Stands,Anti-Wear Letters Full Size Keyboard,for Windows Mac PC Laptop-black",Electronics,Unknown,9.99,9.99,,10,FALSE,TRUE,FALSE,187,Available,https://images.pexels.com/photos/11129922/pexels-photo-11129922.jpeg,"Premium quality Wired Computer Keyboard, Plug Play USB , Silent-Touch Chiclet Keys, Large Number Pad, LED Indicators?Ergonomic, Foldable Stands,Anti-Wear Letters Full Size Keyboard,for Windows Mac PC Laptop-black"
B00ZYLMQH0,Dell Wired Keyboard - Black KB216 (580-ADMT),Electronics,Unknown,12.75,25.99,,36337,FALSE,FALSE,FALSE,62,Available,https://images.pexels.com/photos/34877295/pexels-photo-34877295.jpeg,Premium quality Dell Wired Keyboard - Black KB216 (580-ADMT)
B017M4IX8W,"Verbatim Slimline Wired Keyboard USB Plug-and-Play Numeric Keypad Adjustable Tilt Legs Corded Full-Size Computer Keyboard Compatible with PC, Laptop - Frustration Free Packaging Black 99201",Electronics,Unknown,10,10,,9175,FALSE,TRUE,FALSE,63,Available,https://images.pexels.com/photos/13736497/pexels-photo-13736497.jpeg,"Premium quality Verbatim Slimline Wired Keyboard USB Plug-and-Play Numeric Keypad Adjustable Tilt Legs Corded Full-Size Computer Keyboard Compatible with PC, Laptop - Frustration Free Packaging Black 99201"
B0BKVY4WKT,"MX Keys S Combo - Performance Wireless Keyboard and Mouse with Palm Rest, Customizable Illumination, Fast Scrolling, Bluetooth, USB C, for Windows, Linux, Chrome, Mac",Electronics,Logitech,199.99,199.99,,441,FALSE,TRUE,FALSE,31,Available,https://images.pexels.com/photos/32532386/pexels-photo-32532386.jpeg,"Premium quality MX Keys S Combo - Performance Wireless Keyboard and Mouse with Palm Rest, Customizable Illumination, Fast Scrolling, Bluetooth, USB C, for Windows, Linux, Chrome, Mac"
B004N627KS,"K270 Wireless Keyboard for Windows, 2.4 GHz Wireless, Full-Size, Number Pad, 8 Multimedia Keys, 2-Year Battery Life, Compatible with PC, Laptop, Black",Electronics,Logitech,24.95,29.99,,7985,FALSE,TRUE,FALSE,114,Available,https://images.pexels.com/photos/6893890/pexels-photo-6893890.jpeg,"Premium quality K270 Wireless Keyboard for Windows, 2.4 GHz Wireless, Full-Size, Number Pad, 8 Multimedia Keys, 2-Year Battery Life, Compatible with PC, Laptop, Black"
B079JLY5M5,"MK270 Wireless Keyboard And Mouse Combo For Windows, 2.4 GHz Wireless, Compact Mouse, 8 Multimedia And Shortcut Keys, For PC, Laptop - Black",Electronics,Logitech,29.99,29.99,,97246,TRUE,TRUE,FALSE,272,Available,https://images.pexels.com/photos/13736497/pexels-photo-13736497.jpeg,"Premium quality MK270 Wireless Keyboard And Mouse Combo For Windows, 2.4 GHz Wireless, Compact Mouse, 8 Multimedia And Shortcut Keys, For PC, Laptop - Black"
B0B4ZWZ89X,"Signature K650 Comfort Full-Size Wireless Keyboard with Wrist Rest, BLE Bluetooth or Logi Bolt USB Receiver, Deep-Cushioned Keys, Numpad, Compatible with Most OS/PC/Window/Mac - Graphite",Electronics,Logitech,43.99,49.99,,1129,FALSE,TRUE,FALSE,261,Available,https://images.pexels.com/photos/6804466/pexels-photo-6804466.jpeg,"Premium quality Signature K650 Comfort Full-Size Wireless Keyboard with Wrist Rest, BLE Bluetooth or Logi Bolt USB Receiver, Deep-Cushioned Keys, Numpad, Compatible with Most OS/PC/Window/Mac - Graphite"
B0D31FDYHS,"Bluetooth Slim Keyboard for Mac, Aluminum Rechargeable Keyboard Wireless, Low-Profile Silent Flat Key Compatible with Apple iMac, MacBook, Mac and iOS, Full Size - Space Gray",Electronics,Unknown,49.99,49.99,,22,FALSE,TRUE,FALSE,54,Available,https://images.pexels.com/photos/17350368/pexels-photo-17350368.jpeg,"Premium quality Bluetooth Slim Keyboard for Mac, Aluminum Rechargeable Keyboard Wireless, Low-Profile Silent Flat Key Compatible with Apple iMac, MacBook, Mac and iOS, Full Size - Space Gray"
B014EUQOGK,"K400 Plus Wireless Touch With Easy Media Control and Built-in Touchpad, HTPC Keyboard for PC-connected TV, Windows, Android, Chrome OS, Laptop, Tablet - Black",Electronics,Logitech,26.98,26.98,,37247,TRUE,TRUE,FALSE,234,Available,https://images.pexels.com/photos/6611936/pexels-photo-6611936.jpeg,"Premium quality K400 Plus Wireless Touch With Easy Media Control and Built-in Touchpad, HTPC Keyboard for PC-connected TV, Windows, Android, Chrome OS, Laptop, Tablet - Black"
B01LZTBKBG,"K780 Multi-Device Wireless Keyboard for Computer, Phone and Tablet – FLOW Cross-Computer Control Compatible – Speckles",Electronics,Logitech,68.99,68.99,,3045,FALSE,TRUE,FALSE,109,Available,https://images.pexels.com/photos/6476590/pexels-photo-6476590.jpeg,"Premium quality K780 Multi-Device Wireless Keyboard for Computer, Phone and Tablet – FLOW Cross-Computer Control Compatible – Speckles"
B085RLZ1C4,"Logitech G915 TKL Tenkeyless Lightspeed Wireless RGB Mechanical Gaming Keyboard, Low Profile Switch Options, Lightsync RGB, Advanced Wireless and Bluetooth Support - Tactile",Electronics,Unknown,128.53,229.99,,13892,FALSE,TRUE,FALSE,283,Available,https://images.pexels.com/photos/15372897/pexels-photo-15372897.jpeg,"Premium quality Logitech G915 TKL Tenkeyless Lightspeed Wireless RGB Mechanical Gaming Keyboard, Low Profile Switch Options, Lightsync RGB, Advanced Wireless and Bluetooth Support - Tactile"
B0CT4Q7Y2V,"Signature Slim K950 Wireless Keyboard, Sleek Design, Switch Typing Between Devices, Quiet Typing, Bluetooth, Multi-OS, Windows, Mac, Chrome - Graphite",Electronics,Logitech,79.74,79.74,,331,FALSE,TRUE,FALSE,112,Available,https://images.pexels.com/photos/4792732/pexels-photo-4792732.jpeg,"Premium quality Signature Slim K950 Wireless Keyboard, Sleek Design, Switch Typing Between Devices, Quiet Typing, Bluetooth, Multi-OS, Windows, Mac, Chrome - Graphite"
B079YQPNJS,"Wireless Full Size Computer Keyboard and Mouse Combo, US Layout (QWERTY), Black",Electronics,Amazon Basics,26.99,26.99,,1594,FALSE,TRUE,FALSE,109,Available,https://images.pexels.com/photos/6804466/pexels-photo-6804466.jpeg,"Premium quality Wireless Full Size Computer Keyboard and Mouse Combo, US Layout (QWERTY), Black"
B08J8BLRZF,Designer Compact Keyboard - Matte Black. Standalone Wireless Bluetooth Keyboard. Compatible with Bluetooth Enabled PCs/Mac,Electronics,Microsoft,32.31,32.31,,755,FALSE,TRUE,FALSE,134,Available,https://images.pexels.com/photos/31076950/pexels-photo-31076950.jpeg,Premium quality Designer Compact Keyboard - Matte Black. Standalone Wireless Bluetooth Keyboard. Compatible with Bluetooth Enabled PCs/Mac
B07TNPPCCK,Surface Bluetooth US International QWERTY Keyboard - Grey,Electronics,Microsoft,155,155,,8,FALSE,TRUE,FALSE,124,Available,https://images.pexels.com/photos/5152261/pexels-photo-5152261.jpeg,Premium quality Surface Bluetooth US International QWERTY Keyboard - Grey
B00CYX26BC,"Sculpt Ergonomic Keyboard for Business. Wireless , Comfortable, Ergonomic Keyboard with Split Design and Palm Rest. Separate Number Pad Included",Electronics,Microsoft,326.95,326.95,,8665,FALSE,FALSE,FALSE,215,Available,https://images.pexels.com/photos/5805490/pexels-photo-5805490.jpeg,"Premium quality Sculpt Ergonomic Keyboard for Business. Wireless , Comfortable, Ergonomic Keyboard with Split Design and Palm Rest. Separate Number Pad Included"
B001OAR26K,Wired Keyboard 600 (Black). Wired Keyboard for Gaming Experience. USB Connectivity. Spill Resistant Design.,Electronics,Microsoft,53.99,53.99,,3157,FALSE,FALSE,TRUE,133,Available,https://images.pexels.com/photos/34877295/pexels-photo-34877295.jpeg,Premium quality Wired Keyboard 600 (Black). Wired Keyboard for Gaming Experience. USB Connectivity. Spill Resistant Design.
B004SUIM4E,Natural Ergonomic Keyboard 4000 for Business - Wired,Electronics,Microsoft,399.95,399.95,,4495,FALSE,FALSE,FALSE,94,Available,https://images.pexels.com/photos/12561283/pexels-photo-12561283.jpeg,Premium quality Natural Ergonomic Keyboard 4000 for Business - Wired
B00QXT5T3U,"MK345 Wireless Combo Full-Sized Keyboard with Palm Rest and Comfortable Right-Handed Mouse, 2.4 GHz Wireless USB Receiver, Compatible with PC, Laptop,Black",Electronics,Logitech,33.89,39.99,,39271,FALSE,TRUE,FALSE,236,Available,https://images.pexels.com/photos/8569471/pexels-photo-8569471.jpeg,"Premium quality MK345 Wireless Combo Full-Sized Keyboard with Palm Rest and Comfortable Right-Handed Mouse, 2.4 GHz Wireless USB Receiver, Compatible with PC, Laptop,Black"
B0BTNXW6W2,"Wave Keys MK670 Combo, Wireless Ergonomic Keyboard with Signature M550 L Wireless Mouse, Comfortable Natural Typing, Bluetooth, Logi Bolt, for Multi-OS, Windows/Mac - Graphite",Electronics,Logitech,79.99,79.99,,476,FALSE,TRUE,FALSE,296,Available,https://images.pexels.com/photos/6804466/pexels-photo-6804466.jpeg,"Premium quality Wave Keys MK670 Combo, Wireless Ergonomic Keyboard with Signature M550 L Wireless Mouse, Comfortable Natural Typing, Bluetooth, Logi Bolt, for Multi-OS, Windows/Mac - Graphite"
B015SIXSCU,Keyboard/Mouse PY9-00002 Desktop 850 Combo Wireless Black with AES Retail,Electronics,Microsoft,95.45,109.99,,1472,FALSE,FALSE,FALSE,268,Available,https://images.pexels.com/photos/35504606/pexels-photo-35504606.jpeg,Premium quality Keyboard/Mouse PY9-00002 Desktop 850 Combo Wireless Black with AES Retail
B07YGNN6N1,"LXM-00004 Wired Ergonomic Keyboard, Black",Electronics,Microsoft,249.99,249.99,,1149,FALSE,FALSE,FALSE,183,Available,https://images.pexels.com/photos/28842075/pexels-photo-28842075.jpeg,"Premium quality LXM-00004 Wired Ergonomic Keyboard, Black"
B078QVQ8Q4,Ergonomic Keyboard for Business - Wired (LXM-00001),Electronics,Microsoft,59.99,59.99,,132,FALSE,FALSE,FALSE,211,Available,https://images.pexels.com/photos/4792720/pexels-photo-4792720.jpeg,Premium quality Ergonomic Keyboard for Business - Wired (LXM-00001)
B0056BYSWY,Wired Keyboard 600,Electronics,Microsoft,57.99,68.79,,116,FALSE,TRUE,FALSE,246,Available,https://images.pexels.com/photos/28842075/pexels-photo-28842075.jpeg,Premium quality Wired Keyboard 600
B09NCLR4M6,"K70 RGB PRO Wired Mechanical Gaming Keyboard (CHERRY MX RGB Speed Switches: Linear and Rapid, 8,000Hz Hyper-Polling, PBT DOUBLE-SHOT PRO Keycaps, Soft-Touch Palm Rest) QWERTY, NA - Black",Electronics,Corsair,125.99,125.99,,6224,FALSE,TRUE,FALSE,196,Available,https://images.pexels.com/photos/32532386/pexels-photo-32532386.jpeg,"Premium quality K70 RGB PRO Wired Mechanical Gaming Keyboard (CHERRY MX RGB Speed Switches: Linear and Rapid, 8,000Hz Hyper-Polling, PBT DOUBLE-SHOT PRO Keycaps, Soft-Touch Palm Rest) QWERTY, NA - Black"
B08Y78FFR9,"K55 RGB PRO Membrane Wired Gaming Keyboard – IP42 Dust and Spill-Resistant – 6 Macro Keys with Elgato Integration – iCUE Compatible – QWERTY NA – PC, Mac, Xbox – Black",Electronics,Corsair,50.99,59.99,,12029,FALSE,TRUE,TRUE,118,Available,https://images.pexels.com/photos/4792720/pexels-photo-4792720.jpeg,"Premium quality K55 RGB PRO Membrane Wired Gaming Keyboard – IP42 Dust and Spill-Resistant – 6 Macro Keys with Elgato Integration – iCUE Compatible – QWERTY NA – PC, Mac, Xbox – Black"
B09NMM4FY6,"K70 RGB PRO Mechanical Wired Gaming Keyboard – Cherry MX Brown Tactile Switches – 8,000hz Hyper-Polling – PBT Double-Shot Keycaps – iCUE Compatible – PC, Mac, Xbox – QWERTY NA – Black",Electronics,Corsair,129.99,169.99,,1684,FALSE,TRUE,FALSE,55,Available,https://images.pexels.com/photos/12561283/pexels-photo-12561283.jpeg,"Premium quality K70 RGB PRO Mechanical Wired Gaming Keyboard – Cherry MX Brown Tactile Switches – 8,000hz Hyper-Polling – PBT Double-Shot Keycaps – iCUE Compatible – PC, Mac, Xbox – QWERTY NA – Black"
B08HR68MQZ,K100 RGB Mechanical Gaming Keyboard - CHERRY MX SPEED RGB Silver Keyswitches - PBT Double-Shot Keycaps - Elgato Stream Deck and iCUE Compatible - QWERTY NA Layout - Black,Electronics,Corsair,249.99,249.99,,4145,FALSE,TRUE,FALSE,115,Available,https://images.pexels.com/photos/35504606/pexels-photo-35504606.jpeg,Premium quality K100 RGB Mechanical Gaming Keyboard - CHERRY MX SPEED RGB Silver Keyswitches - PBT Double-Shot Keycaps - Elgato Stream Deck and iCUE Compatible - QWERTY NA Layout - Black
B0CH3MRGK7,K70 CORE RGB Mechanical Gaming Keyboard with Palmrest - Pre-lubricated Corsair MLX Red Linear Keyswitches - Sound Dampening - Media Control Dial - iCUE Compatible - QWERTY NA Layout - Black,Electronics,Corsair,94.43,101.34,,3017,FALSE,TRUE,FALSE,171,Available,https://images.pexels.com/photos/5152261/pexels-photo-5152261.jpeg,Premium quality K70 CORE RGB Mechanical Gaming Keyboard with Palmrest - Pre-lubricated Corsair MLX Red Linear Keyswitches - Sound Dampening - Media Control Dial - iCUE Compatible - QWERTY NA Layout - Black
B0CQ31VFT4,"K65 Plus Wireless 75% RGB Mechanical Gaming Keyboard – Pre-Lubricated MLX Red Linear Switches – PBT Dye-Sub Keycaps – PC, Mac, PS5, PS4, Xbox, iPad – QWERTY NA – Black/Gray",Electronics,Corsair,159.99,159.99,,175,FALSE,TRUE,FALSE,170,Available,https://images.pexels.com/photos/25809251/pexels-photo-25809251.jpeg,"Premium quality K65 Plus Wireless 75% RGB Mechanical Gaming Keyboard – Pre-Lubricated MLX Red Linear Switches – PBT Dye-Sub Keycaps – PC, Mac, PS5, PS4, Xbox, iPad – QWERTY NA – Black/Gray"
B091D8TKZH,K55 RGB PRO XT - Dynamic Per-Key RGB Backlighting - Six Macro Keys with Elgato Stream Deck Software Integration - IP42 Dust and Spill-Resistant - QWERTY US Layout - Black,Other,Corsair,69.99,79.99,,2736,FALSE,TRUE,FALSE,209,Available,https://images.pexels.com/photos/5152261/pexels-photo-5152261.jpeg,Premium quality K55 RGB PRO XT - Dynamic Per-Key RGB Backlighting - Six Macro Keys with Elgato Stream Deck Software Integration - IP42 Dust and Spill-Resistant - QWERTY US Layout - Black
B0CBHP4SWC,K70 MAX RGB Magnetic-Mechanical Wired Gaming Keyboard - Adjustable Actuation MGX Switches - Rapid Trigger Mode - PBT Double-Shot Keycaps - iCUE Compatible - QWERTY NA Layout - Black,Electronics,Corsair,174.99,229.99,,115,FALSE,TRUE,FALSE,243,Available,https://images.pexels.com/photos/7862496/pexels-photo-7862496.jpeg,Premium quality K70 MAX RGB Magnetic-Mechanical Wired Gaming Keyboard - Adjustable Actuation MGX Switches - Rapid Trigger Mode - PBT Double-Shot Keycaps - iCUE Compatible - QWERTY NA Layout - Black
B0BBWJ6V1R,"K70 PRO RGB Optical-Mechanical Gaming Keyboard - OPX Linear Switches, PBT Double-Shot Keycaps, 8,000Hz Hyper-Polling, Magnetic Soft-Touch Palm Rest - NA Layout, QWERTY - White",Electronics,Corsair,119.99,179.99,,241,FALSE,TRUE,FALSE,56,Available,https://images.pexels.com/photos/32755762/pexels-photo-32755762.jpeg,"Premium quality K70 PRO RGB Optical-Mechanical Gaming Keyboard - OPX Linear Switches, PBT Double-Shot Keycaps, 8,000Hz Hyper-Polling, Magnetic Soft-Touch Palm Rest - NA Layout, QWERTY - White"
B0CG8M6L8G,K70 CORE RGB Mechanical Gaming Keyboard - Pre-lubricated Corsair MLX Red Linear Keyswitches - Sound Dampening - Media Control Dial - iCUE Compatible - QWERTY NA Layout - Black,Electronics,Corsair,68.21,90.09,,1523,FALSE,TRUE,FALSE,287,Available,https://images.pexels.com/photos/31076950/pexels-photo-31076950.jpeg,Premium quality K70 CORE RGB Mechanical Gaming Keyboard - Pre-lubricated Corsair MLX Red Linear Keyswitches - Sound Dampening - Media Control Dial - iCUE Compatible - QWERTY NA Layout - Black
B08WCB916J,Corsair K100 RGB Optical-Mechanical Gaming Keyboard - Corsair OPX RGB Keyswitches - AXON Hyper-Processing Technology for 4X Faster Throughput - 44-Zone RGB LightEdge (Renewed),Electronics,Unknown,129.99,192.85,,293,FALSE,TRUE,FALSE,202,Available,https://images.pexels.com/photos/28842075/pexels-photo-28842075.jpeg,Premium quality Corsair K100 RGB Optical-Mechanical Gaming Keyboard - Corsair OPX RGB Keyswitches - AXON Hyper-Processing Technology for 4X Faster Throughput - 44-Zone RGB LightEdge (Renewed)
B0CLGWXRW9,K65 RGB Mini 60% Mechanical Gaming Keyboard - Cherry MX Brown Mechanical Keyswitches - Customizable Per-Key RGB Backlighting - Detachable USB Type-C Cable - QWERTY NA Layout - Black,Electronics,Corsair,86.65,86.65,,58,FALSE,TRUE,FALSE,32,Available,https://images.pexels.com/photos/7915219/pexels-photo-7915219.jpeg,Premium quality K65 RGB Mini 60% Mechanical Gaming Keyboard - Cherry MX Brown Mechanical Keyswitches - Customizable Per-Key RGB Backlighting - Detachable USB Type-C Cable - QWERTY NA Layout - Black
B0B99LCF7C,Corsair K70 RGB PRO Wired Mechanical Gaming Keyboard CH-9109414 -Cherry MX RGB Speed Switches: Linear and Rapid (Renewed),Electronics,Unknown,74.99,125.99,,31,FALSE,TRUE,FALSE,298,Available,https://images.pexels.com/photos/5152261/pexels-photo-5152261.jpeg,Premium quality Corsair K70 RGB PRO Wired Mechanical Gaming Keyboard CH-9109414 -Cherry MX RGB Speed Switches: Linear and Rapid (Renewed)
B08W2DY46Q,"K70 RGB Tenkeyless Mechanical Gaming Keyboard - CHERRY MX SPEED Switches, Aluminum Frame, Per-Key RGB Backlighting, Detachable USB-C Cable",Electronics,Corsair,156.99,156.99,,1384,FALSE,TRUE,FALSE,236,Available,https://images.pexels.com/photos/34877295/pexels-photo-34877295.jpeg,"Premium quality K70 RGB Tenkeyless Mechanical Gaming Keyboard - CHERRY MX SPEED Switches, Aluminum Frame, Per-Key RGB Backlighting, Detachable USB-C Cable"
B0C4WTKHXX,Corsair K70 RGB TKL Champion Series Gaming Keyboard CH-911901A - OPX Switch (Renewed),Electronics,Unknown,74.99,129.99,,26,FALSE,TRUE,FALSE,292,Available,https://images.pexels.com/photos/28842075/pexels-photo-28842075.jpeg,Premium quality Corsair K70 RGB TKL Champion Series Gaming Keyboard CH-911901A - OPX Switch (Renewed)
B07TNRCM1Z,"K57 RGB Wireless Gaming Keyboard - <1ms response time with Slipstream Wireless - Connect with USB dongle, Bluetooth or wired - Individually Backlit RGB Keys, Black",Electronics,Corsair,109.99,109.99,,2973,FALSE,FALSE,FALSE,81,Available,https://images.pexels.com/photos/6804466/pexels-photo-6804466.jpeg,"Premium quality K57 RGB Wireless Gaming Keyboard - <1ms response time with Slipstream Wireless - Connect with USB dongle, Bluetooth or wired - Individually Backlit RGB Keys, Black"
B09C12L49Z,Huntsman V2 Optical Gaming Keyboard: Linear Optical Switches - 8000Hz Polling Rate - Doubleshot PBT Keycaps - Dedicated Media Keys & Dial - Ergonomic Wrist Rest - Snap Tap,Electronics,Razer,159.99,199.99,,2875,FALSE,TRUE,TRUE,103,Available,https://images.pexels.com/photos/4145372/pexels-photo-4145372.jpeg,Premium quality Huntsman V2 Optical Gaming Keyboard: Linear Optical Switches - 8000Hz Polling Rate - Doubleshot PBT Keycaps - Dedicated Media Keys & Dial - Ergonomic Wrist Rest - Snap Tap
B0C8QYB8W6,BlackWidow V4 X Mechanical Gaming Keyboard: Yellow Switches Linear & Silent - 6 Macro Keys - Chroma RGB - Doubleshot ABS Keycaps - Roller & Media Keys - Snap Tap,Electronics,Razer,129.99,129.99,,997,FALSE,TRUE,FALSE,236,Available,https://images.pexels.com/photos/6804466/pexels-photo-6804466.jpeg,Premium quality BlackWidow V4 X Mechanical Gaming Keyboard: Yellow Switches Linear & Silent - 6 Macro Keys - Chroma RGB - Doubleshot ABS Keycaps - Roller & Media Keys - Snap Tap
B08BFF4C7J,Huntsman Mini 60% Gaming Keyboard: Fast Keyboard Switches - Clicky Optical Switches - Chroma RGB Lighting - PBT Keycaps - Onboard Memory - Snap Tap - Black,Electronics,Razer,99.99,119.99,,13002,FALSE,TRUE,FALSE,206,Available,https://images.pexels.com/photos/28842075/pexels-photo-28842075.jpeg,Premium quality Huntsman Mini 60% Gaming Keyboard: Fast Keyboard Switches - Clicky Optical Switches - Chroma RGB Lighting - PBT Keycaps - Onboard Memory - Snap Tap - Black
B09698GFZJ,BlackWidow V3 TKL Mechanical Gaming Keyboard: Yellow Mechanical Switches Linear & Silent - Chroma RGB - Compact Form Factor - Programmable Macros - Snap Tap,Electronics,Razer,79.99,99.99,,969,FALSE,TRUE,FALSE,38,Available,https://images.pexels.com/photos/6804466/pexels-photo-6804466.jpeg,Premium quality BlackWidow V3 TKL Mechanical Gaming Keyboard: Yellow Mechanical Switches Linear & Silent - Chroma RGB - Compact Form Factor - Programmable Macros - Snap Tap
B08FQTGFT5,BlackWidow V3 Mechanical Gaming Keyboard: Green Mechanical Switches - Tactile & Clicky - Chroma RGB Lighting - Compact Form Factor - Programmable Macro Functionality - Quartz,Electronics,Razer,103.99,139.99,,4492,FALSE,TRUE,FALSE,196,Available,https://images.pexels.com/photos/4145372/pexels-photo-4145372.jpeg,Premium quality BlackWidow V3 Mechanical Gaming Keyboard: Green Mechanical Switches - Tactile & Clicky - Chroma RGB Lighting - Compact Form Factor - Programmable Macro Functionality - Quartz
B0CG7FQML2,Huntsman V3 Pro Esports Gaming Keyboard: Analog Optical Switches - Razer Snap Tap - Rapid Trigger - Adjustable Actuation - Media Keys & Dial - Doubleshot PBT Keycaps - Wrist Rest - Black,Electronics,Razer,233.57,249.99,,320,FALSE,TRUE,FALSE,119,Available,https://images.pexels.com/photos/17350368/pexels-photo-17350368.jpeg,Premium quality Huntsman V3 Pro Esports Gaming Keyboard: Analog Optical Switches - Razer Snap Tap - Rapid Trigger - Adjustable Actuation - Media Keys & Dial - Doubleshot PBT Keycaps - Wrist Rest - Black
B0935HWL1Z,BlackWidow V3 Mini HyperSpeed 65% Wireless Mechanical Gaming Keyboard: Green Mechanical Switches Tactile & Clicky - Doubleshot ABS Keycaps - Chroma RGB - Up to 200 Hr Battery - Snap Tap,Electronics,Razer,93.98,179.99,,1681,FALSE,TRUE,FALSE,252,Available,https://images.pexels.com/photos/28842075/pexels-photo-28842075.jpeg,Premium quality BlackWidow V3 Mini HyperSpeed 65% Wireless Mechanical Gaming Keyboard: Green Mechanical Switches Tactile & Clicky - Doubleshot ABS Keycaps - Chroma RGB - Up to 200 Hr Battery - Snap Tap
B0BBZLW22X,Razer Ornata V3 Gaming Keyboard: Low-Profile Keys - Mecha-Membrane Switches - UV-Coated Keycaps,Electronics,Unknown,39.95,59.99,,178,FALSE,TRUE,FALSE,95,Available,https://images.pexels.com/photos/5152261/pexels-photo-5152261.jpeg,Premium quality Razer Ornata V3 Gaming Keyboard: Low-Profile Keys - Mecha-Membrane Switches - UV-Coated Keycaps
B0C41FL318,Razer BlackWidow V4 Pro Wired Mechanical Gaming Keyboard: Green Mechanical Switches Tactile & Clicky - Doubleshot ABS Keycaps - Command Dial - Programmable Macros - Chroma RGB - Magnetic Wrist Rest,Electronics,Unknown,149.99,229,,75,FALSE,TRUE,FALSE,284,Available,https://images.pexels.com/photos/4145372/pexels-photo-4145372.jpeg,Premium quality Razer BlackWidow V4 Pro Wired Mechanical Gaming Keyboard: Green Mechanical Switches Tactile & Clicky - Doubleshot ABS Keycaps - Command Dial - Programmable Macros - Chroma RGB - Magnetic Wrist Rest
B08M38ZWPS,Razer BlackWidow V3 Mechanical Gaming Keyboard: Green Mechanical Switches - Tactile & Clicky - Chroma RGB Lighting - Compact Form Factor - Programmable Macro Functionality - USB Passthrough (Renewed),Electronics,Unknown,79.99,79.99,,548,FALSE,FALSE,FALSE,225,Available,https://images.pexels.com/photos/32532386/pexels-photo-32532386.jpeg,Premium quality Razer BlackWidow V3 Mechanical Gaming Keyboard: Green Mechanical Switches - Tactile & Clicky - Chroma RGB Lighting - Compact Form Factor - Programmable Macro Functionality - USB Passthrough (Renewed)
B0DD5S8TM8,Razer BlackWidow V4 Pro 75% Wireless Gaming Keyboard: OLED Display - True 4K Hz Wireless - Bluetooth - Hot Swappable - Orange Tactile Switches - Command Dial - Snap Tap - Chroma RGB - Wrist Rest,Electronics,Unknown,299.99,299.99,,30,FALSE,TRUE,FALSE,242,Available,https://images.pexels.com/photos/12561283/pexels-photo-12561283.jpeg,Premium quality Razer BlackWidow V4 Pro 75% Wireless Gaming Keyboard: OLED Display - True 4K Hz Wireless - Bluetooth - Hot Swappable - Orange Tactile Switches - Command Dial - Snap Tap - Chroma RGB - Wrist Rest
B07JGDDWDN,BlackWidow Lite TKL Tenkeyless Mechanical Keyboard : Orange Key Switches - Tactile & Silent - White Individual Key Lighting - Compact Design - Detachable Cable - Classic Black,Electronics,Razer,49.95,49.95,,5871,FALSE,TRUE,FALSE,71,Available,https://images.pexels.com/photos/34877295/pexels-photo-34877295.jpeg,Premium quality BlackWidow Lite TKL Tenkeyless Mechanical Keyboard : Orange Key Switches - Tactile & Silent - White Individual Key Lighting - Compact Design - Detachable Cable - Classic Black
B09J72K6SM,"Pro Type Ultra Wireless Mechanical Keyboard: Silent, Linear Switches - Ergonomic Design - HyperSpeed Technology - Connect up to 4 Devices - Fully Programmable Keys & Smart Controls",Electronics,Razer,159.99,159.99,,429,FALSE,TRUE,FALSE,163,Available,https://images.pexels.com/photos/4792720/pexels-photo-4792720.jpeg,"Premium quality Pro Type Ultra Wireless Mechanical Keyboard: Silent, Linear Switches - Ergonomic Design - HyperSpeed Technology - Connect up to 4 Devices - Fully Programmable Keys & Smart Controls"
B07754PYFK,Tartarus V2 Gaming Keypad: Mecha Membrane Key Switches - One Handed Keyboard - 32 Programmable Keys - Customizable Chroma RGB Lighting - Programmable Macros - Snap Tap - Black,Electronics,Razer,69.77,79.99,,15999,FALSE,TRUE,FALSE,88,Available,https://images.pexels.com/photos/32532386/pexels-photo-32532386.jpeg,Premium quality Tartarus V2 Gaming Keypad: Mecha Membrane Key Switches - One Handed Keyboard - 32 Programmable Keys - Customizable Chroma RGB Lighting - Programmable Macros - Snap Tap - Black
B09LX248LD,"Razer Huntsman V2 Optical Gaming Keyboard: Fastest Clicky Optical Switches w/Quick Keystrokes - Doubleshot PBT Keycaps - Dedicated Media Keys & Dial - Ergonomic (Renewed), Black",Electronics,Unknown,99.99,134.99,,99,FALSE,TRUE,FALSE,118,Available,https://images.pexels.com/photos/4792732/pexels-photo-4792732.jpeg,"Premium quality Razer Huntsman V2 Optical Gaming Keyboard: Fastest Clicky Optical Switches w/Quick Keystrokes - Doubleshot PBT Keycaps - Dedicated Media Keys & Dial - Ergonomic (Renewed), Black"
B004YAVF8I,"Logitech M185 Wireless Mouse, 2.4GHz with USB Mini Receiver, 12-Month Battery Life, 1000 DPI Optical Tracking, Ambidextrous PC/Mac/Laptop - Swift Grey",Electronics,Unknown,13.98,14.99,,33801,FALSE,TRUE,TRUE,44,Available,https://images.pexels.com/photos/5793947/pexels-photo-5793947.jpeg,"Premium quality Logitech M185 Wireless Mouse, 2.4GHz with USB Mini Receiver, 12-Month Battery Life, 1000 DPI Optical Tracking, Ambidextrous PC/Mac/Laptop - Swift Grey"
B09HM94VDS,"Logitech MX Master 3S - Wireless Performance Mouse, Ergo, 8K DPI, Track on Glass, Quiet Clicks, USB-C, Bluetooth, Windows, Linux, Chrome - Graphite - With Free Adobe Creative Cloud Subscription",Electronics,Unknown,99.99,99.99,,6594,FALSE,TRUE,FALSE,72,Available,https://images.pexels.com/photos/15601241/pexels-photo-15601241.jpeg,"Premium quality Logitech MX Master 3S - Wireless Performance Mouse, Ergo, 8K DPI, Track on Glass, Quiet Clicks, USB-C, Bluetooth, Windows, Linux, Chrome - Graphite - With Free Adobe Creative Cloud Subscription"
B087Z5WDJ2,Logitech M510 Wireless Computer Mouse for PC with USB Unifying Receiver - Graphite,Electronics,Unknown,27.99,27.99,,31032,FALSE,TRUE,FALSE,170,Available,https://images.pexels.com/photos/17484878/pexels-photo-17484878.jpeg,Premium quality Logitech M510 Wireless Computer Mouse for PC with USB Unifying Receiver - Graphite
B09BRD98T4,"Apple Magic Mouse: Wireless, Bluetooth, Rechargeable. Works with Mac or iPad; Multi-Touch Surface - White",Electronics,Unknown,67.98,79,,17745,FALSE,TRUE,FALSE,163,Available,https://images.pexels.com/photos/6363/man-hands-working-technology.jpg,"Premium quality Apple Magic Mouse: Wireless, Bluetooth, Rechargeable. Works with Mac or iPad; Multi-Touch Surface - White"
B07CMS5Q6P,"Logitech G305 LIGHTSPEED Wireless Gaming Mouse, Hero 12K Sensor, 12,000 DPI, Lightweight, 6 Programmable Buttons, 250h Battery Life, On-Board Memory, PC/Mac - Black",Electronics,Unknown,30.39,49.99,,31375,TRUE,TRUE,FALSE,76,Available,https://images.pexels.com/photos/9161032/pexels-photo-9161032.jpeg,"Premium quality Logitech G305 LIGHTSPEED Wireless Gaming Mouse, Hero 12K Sensor, 12,000 DPI, Lightweight, 6 Programmable Buttons, 250h Battery Life, On-Board Memory, PC/Mac - Black"
B087LXCTFJ,"Logitech G PRO X SUPERLIGHT Wireless Gaming Mouse, Ultra-Lightweight, HERO 25K Sensor, 25,600 DPI, 5 Programmable Buttons, Long Battery Life, Compatible with PC / Mac - Black",Electronics,Unknown,88.48,159.99,,7550,FALSE,TRUE,FALSE,58,Available,https://images.pexels.com/photos/13870516/pexels-photo-13870516.jpeg,"Premium quality Logitech G PRO X SUPERLIGHT Wireless Gaming Mouse, Ultra-Lightweight, HERO 25K Sensor, 25,600 DPI, 5 Programmable Buttons, Long Battery Life, Compatible with PC / Mac - Black"
B07FNJB8TT,"Logitech MX Vertical Wireless Mouse – Ergonomic Design Reduces Muscle Strain, Move Content Between 3 Windows and Apple Computers, Rechargeable, Graphite",Electronics,Unknown,76.1,99.99,,13604,FALSE,TRUE,FALSE,128,Available,https://images.pexels.com/photos/20510008/pexels-photo-20510008.jpeg,"Premium quality Logitech MX Vertical Wireless Mouse – Ergonomic Design Reduces Muscle Strain, Move Content Between 3 Windows and Apple Computers, Rechargeable, Graphite"
B005EJH6RW,"Amazon Basics Responsive and Precise 3-Button Wired USB Computer Mouse with Scrolling and Tracking, Single, Black",Electronics,Unknown,7.19,7.19,,84472,FALSE,TRUE,FALSE,200,Available,https://images.pexels.com/photos/20510003/pexels-photo-20510003.jpeg,"Premium quality Amazon Basics Responsive and Precise 3-Button Wired USB Computer Mouse with Scrolling and Tracking, Single, Black"
B0787D6SGQ,"Amazon Basics Ergonomic 2.4 GHz Wireless Optical Mouse, DPI adjustable, Compatible with PC, Mac, Laptop - Black",Electronics,Unknown,8.09,12.99,,24775,FALSE,TRUE,FALSE,61,Available,https://images.pexels.com/photos/265144/pexels-photo-265144.jpeg,"Premium quality Amazon Basics Ergonomic 2.4 GHz Wireless Optical Mouse, DPI adjustable, Compatible with PC, Mac, Laptop - Black"
B098S48QWM,"VssoPlor Wireless Mouse, 2.4G Slim Portable Computer Mice with Nano Receiver for Notebook, PC, Laptop, Computer (Black and Gold)",Electronics,Unknown,7.98,12.99,,22384,FALSE,TRUE,FALSE,205,Available,https://images.pexels.com/photos/6611936/pexels-photo-6611936.jpeg,"Premium quality VssoPlor Wireless Mouse, 2.4G Slim Portable Computer Mice with Nano Receiver for Notebook, PC, Laptop, Computer (Black and Gold)"
B07GBZ4Q68,"Logitech G502 HERO High Performance Wired Gaming Mouse, HERO 25K Sensor, 25,600 DPI, RGB, Adjustable Weights, 11 Programmable Buttons, On-Board Memory, PC / Mac",Electronics,Unknown,37.04,79.99,,53183,FALSE,TRUE,FALSE,242,Available,https://images.pexels.com/photos/5185149/pexels-photo-5185149.jpeg,"Premium quality Logitech G502 HERO High Performance Wired Gaming Mouse, HERO 25K Sensor, 25,600 DPI, RGB, Adjustable Weights, 11 Programmable Buttons, On-Board Memory, PC / Mac"
B087Z6LSHW,"Logitech M720 Triathlon Multi-Device Wireless Mouse, Bluetooth, USB Unifying Receiver, 1000 DPI, 8 Buttons, 2-Year Battery, Compatible with Laptop, PC, Mac, iPadOS - Black",Electronics,Unknown,38.98,38.98,,22540,FALSE,TRUE,FALSE,141,Available,https://images.pexels.com/photos/5793947/pexels-photo-5793947.jpeg,"Premium quality Logitech M720 Triathlon Multi-Device Wireless Mouse, Bluetooth, USB Unifying Receiver, 1000 DPI, 8 Buttons, 2-Year Battery, Compatible with Laptop, PC, Mac, iPadOS - Black"
B005EJH6Z4,"Amazon Basics 2.4 Ghz Wireless Optical Computer Mouse with USB Nano Receiver, Black",Electronics,Unknown,9.72,9.72,,57568,FALSE,TRUE,FALSE,152,Available,https://images.pexels.com/photos/13870513/pexels-photo-13870513.jpeg,"Premium quality Amazon Basics 2.4 Ghz Wireless Optical Computer Mouse with USB Nano Receiver, Black"
B094PS5RZQ,Razer DeathAdder Essential Gaming Mouse: 6400 DPI Optical Sensor - 5 Programmable Buttons - Mechanical Switches - Rubber Side Grips - Classic Black,Electronics,Unknown,20.98,29.99,,11995,FALSE,TRUE,FALSE,182,Available,https://images.pexels.com/photos/20510003/pexels-photo-20510003.jpeg,Premium quality Razer DeathAdder Essential Gaming Mouse: 6400 DPI Optical Sensor - 5 Programmable Buttons - Mechanical Switches - Rubber Side Grips - Classic Black
B094QH5MWN,"E-YOOSO Wireless Mouse, Computer Mouse 18 Months Battery Life Cordless Mouse, 5 Level 4800 DPI, 6 Button Ergo Wireless Mice, 2.4G Portable USB Wireless Mouse for Laptop, Mac, Chromebook, PC, Windows",Electronics,Unknown,9.98,19.99,,7435,FALSE,TRUE,FALSE,234,Available,https://images.pexels.com/photos/8532766/pexels-photo-8532766.jpeg,"Premium quality E-YOOSO Wireless Mouse, Computer Mouse 18 Months Battery Life Cordless Mouse, 5 Level 4800 DPI, 6 Button Ergo Wireless Mice, 2.4G Portable USB Wireless Mouse for Laptop, Mac, Chromebook, PC, Windows"
B09NBWL8J5,"Logitech G PRO X SUPERLIGHT 2 LIGHTSPEED Wireless Gaming Mouse, 8K Polling, Lightweight, LIGHTFORCE Hybrid Switches, HERO 2 Sensor, 888 IPS, 44,000 DPI, 5 Programmable Buttons,USB-C Charging, PC & Mac",Electronics,Unknown,122.54,159,,963,FALSE,TRUE,FALSE,240,Available,https://images.pexels.com/photos/5931186/pexels-photo-5931186.jpeg,"Premium quality Logitech G PRO X SUPERLIGHT 2 LIGHTSPEED Wireless Gaming Mouse, 8K Polling, Lightweight, LIGHTFORCE Hybrid Switches, HERO 2 Sensor, 888 IPS, 44,000 DPI, 5 Programmable Buttons,USB-C Charging, PC & Mac"
B00ADBY98A,"Logitech M317 Wireless Mouse, 2.4 GHz with USB Receiver, 1000 DPI Optical Tracking, 12 Month Battery, Compatible with PC, Mac, Laptop, Chromebook - Blue",Electronics,Unknown,19.99,19.99,,8578,FALSE,TRUE,FALSE,254,Available,https://images.pexels.com/photos/6611936/pexels-photo-6611936.jpeg,"Premium quality Logitech M317 Wireless Mouse, 2.4 GHz with USB Receiver, 1000 DPI Optical Tracking, 12 Month Battery, Compatible with PC, Mac, Laptop, Chromebook - Blue"
B09JG4KJN5,"Wireless Mouse, D-09 Computer Mouse USB Cordless Mice for Laptop, Ergo Grips, Lightspeed 5-Level 2400 DPI, 16 Months Battery, Portable for PC Mac Chromebook (Black)",Electronics,Unknown,11.99,13.99,,10118,FALSE,TRUE,FALSE,165,Available,https://images.pexels.com/photos/20432893/pexels-photo-20432893.jpeg,"Premium quality Wireless Mouse, D-09 Computer Mouse USB Cordless Mice for Laptop, Ergo Grips, Lightspeed 5-Level 2400 DPI, 16 Months Battery, Portable for PC Mac Chromebook (Black)"
B001DHECXA,"TECKNET Wireless Mouse, 2.4G USB Computer Mouse with 6-Level Adjustable 4800 DPI, 30 Months Battery, Ergonomic Grips, 6 Buttons Portable for PC, Chromebook, Mac - Grey",Electronics,Unknown,8.99,15.99,,51965,FALSE,TRUE,FALSE,258,Available,https://images.pexels.com/photos/1181449/pexels-photo-1181449.jpeg,"Premium quality TECKNET Wireless Mouse, 2.4G USB Computer Mouse with 6-Level Adjustable 4800 DPI, 30 Months Battery, Ergonomic Grips, 6 Buttons Portable for PC, Chromebook, Mac - Grey"
B073319ZJF,"Rii Wireless Mouse, 2.4G Portable Computer Mice for PC, Laptop, Windows,Office Included Wireless USB dongle (Black)",Electronics,Unknown,5.49,5.99,,12309,FALSE,TRUE,FALSE,95,Available,https://images.pexels.com/photos/11129922/pexels-photo-11129922.jpeg,"Premium quality Rii Wireless Mouse, 2.4G Portable Computer Mice for PC, Laptop, Windows,Office Included Wireless USB dongle (Black)"
B087Z733CM,"Logitech M705 Marathon Wireless Mouse, 2.4 GHz USB Unifying Receiver, 1000 DPI, 5-Programmable Buttons, 3-Year Battery, Compatible with PC, Mac, Laptop, Chromebook - Black",Electronics,Unknown,29.99,34.99,,22540,FALSE,TRUE,FALSE,28,Available,https://images.pexels.com/photos/265144/pexels-photo-265144.jpeg,"Premium quality Logitech M705 Marathon Wireless Mouse, 2.4 GHz USB Unifying Receiver, 1000 DPI, 5-Programmable Buttons, 3-Year Battery, Compatible with PC, Mac, Laptop, Chromebook - Black"
B0BXNR9DB6,"Logitech M240 Silent Bluetooth Mouse, Wireless, Compact, Portable, Smooth Tracking, 18-Month Battery, for Windows, macOS, ChromeOS, Compatible with PC, Mac, Laptop, Tablets - Graphite",Electronics,Unknown,14.99,19.99,,33801,FALSE,TRUE,TRUE,93,Available,https://images.pexels.com/photos/19935029/pexels-photo-19935029.jpeg,"Premium quality Logitech M240 Silent Bluetooth Mouse, Wireless, Compact, Portable, Smooth Tracking, 18-Month Battery, for Windows, macOS, ChromeOS, Compatible with PC, Mac, Laptop, Tablets - Graphite"
B0D9N7RY1D,"Logitech M196 Bluetooth Wireless Mouse, Compact and Portable Mouse for Laptops, Tablets and More, 12-Month Battery, Smooth Tracking, Compatible with PC and Mac, Windows and macOS - Graphite",Electronics,Unknown,12.99,12.99,,62,FALSE,TRUE,TRUE,272,Available,https://images.pexels.com/photos/19935029/pexels-photo-19935029.jpeg,"Premium quality Logitech M196 Bluetooth Wireless Mouse, Compact and Portable Mouse for Laptops, Tablets and More, 12-Month Battery, Smooth Tracking, Compatible with PC and Mac, Windows and macOS - Graphite"
B07C2NL5HK,"TECKNET Bluetooth Mouse, 4800 DPI Computer Mouse, 2-Year Battery Wireless Mouse 6 Adjustable DPI, 6 Buttons Compatible with Laptop/Windows/Computer",Electronics,Unknown,13.99,13.99,,18485,FALSE,TRUE,FALSE,249,Available,https://images.pexels.com/photos/265144/pexels-photo-265144.jpeg,"Premium quality TECKNET Bluetooth Mouse, 4800 DPI Computer Mouse, 2-Year Battery Wireless Mouse 6 Adjustable DPI, 6 Buttons Compatible with Laptop/Windows/Computer"
B07KNQRQ3P,"ZERU Bluetooth Mouse,Rechargeable Wireless Mouse for Macbook Pro/Macbook Air,Bluetooth Wireless Mouse for Laptop/PC/Mac/iPad pro/Computer",Electronics,Unknown,10.79,12.69,,27658,FALSE,TRUE,FALSE,26,Available,https://images.pexels.com/photos/6611936/pexels-photo-6611936.jpeg,"Premium quality ZERU Bluetooth Mouse,Rechargeable Wireless Mouse for Macbook Pro/Macbook Air,Bluetooth Wireless Mouse for Laptop/PC/Mac/iPad pro/Computer"
B0CPSP33T8,"Logitech Signature M550 L Full Size Wireless Mouse - for Large Sized Hands, 2-Year Battery, Silent Clicks, Bluetooth, Multi-Device Compatibility - Black",Electronics,Unknown,24.99,29.99,,1167,FALSE,TRUE,FALSE,193,Available,https://images.pexels.com/photos/17484878/pexels-photo-17484878.jpeg,"Premium quality Logitech Signature M550 L Full Size Wireless Mouse - for Large Sized Hands, 2-Year Battery, Silent Clicks, Bluetooth, Multi-Device Compatibility - Black"
B082V7PWD1,"TECKNET Bluetooth Mouse, 4000DPI Wireless Mouse Bluetooth for Laptop 2-in-1(BT 5.0/3.0+2.4Ghz) Computer Mouse, Portable PC Mouse Wireless with USB Receiver for Mac, Compatible with MacBook Chromebook",Electronics,Unknown,10.98,15.99,,8310,FALSE,TRUE,FALSE,160,Available,https://images.pexels.com/photos/11129922/pexels-photo-11129922.jpeg,"Premium quality TECKNET Bluetooth Mouse, 4000DPI Wireless Mouse Bluetooth for Laptop 2-in-1(BT 5.0/3.0+2.4Ghz) Computer Mouse, Portable PC Mouse Wireless with USB Receiver for Mac, Compatible with MacBook Chromebook"
B0BPCW5CS6,Wireless Bluetooth Mouse Rechargeable LED Silent Slim Laptop Mouse Portable(Bluetooth5.2 and 2.4GHz USB Receiver) Dual Mode Computer Mouse for Laptop/iPad Tablet/Apple Computer/MacBook (Black),Electronics,Unknown,6.98,9.98,,5337,FALSE,TRUE,FALSE,187,Available,https://images.pexels.com/photos/1604025/pexels-photo-1604025.jpeg,Premium quality Wireless Bluetooth Mouse Rechargeable LED Silent Slim Laptop Mouse Portable(Bluetooth5.2 and 2.4GHz USB Receiver) Dual Mode Computer Mouse for Laptop/iPad Tablet/Apple Computer/MacBook (Black)
B0D9FBMGQY,"Logitech Pebble Wireless Mouse with Bluetooth or 2.4 GHz Receiver, Silent, Slim Computer Mouse with Quiet Clicks, for Laptop/Notebook/iPad/PC/Mac/Chromebook - Graphite",Electronics,Unknown,19.99,29.99,,10825,FALSE,TRUE,FALSE,189,Available,https://images.pexels.com/photos/265144/pexels-photo-265144.jpeg,"Premium quality Logitech Pebble Wireless Mouse with Bluetooth or 2.4 GHz Receiver, Silent, Slim Computer Mouse with Quiet Clicks, for Laptop/Notebook/iPad/PC/Mac/Chromebook - Graphite"
B0CP3HTHLZ,"TECKNET Wireless Mouse (BT5.0/3.0 & 2.4G) Rechargeable 4800 DPI Silent Mouse 6 Buttons Bluetooth Mouse, USB A Mouse Wide Compatibility - Grey",Electronics,Unknown,16.99,22.99,,11453,FALSE,TRUE,FALSE,141,Available,https://images.pexels.com/photos/20510008/pexels-photo-20510008.jpeg,"Premium quality TECKNET Wireless Mouse (BT5.0/3.0 & 2.4G) Rechargeable 4800 DPI Silent Mouse 6 Buttons Bluetooth Mouse, USB A Mouse Wide Compatibility - Grey"
B09J1TB35S,"Logitech Lift Vertical Ergonomic Mouse, Wireless, Bluetooth or Logi Bolt USB receiver, Quiet clicks, 4 buttons, compatible with Windows/macOS/iPadOS, Laptop, PC - Graphite",Electronics,Unknown,69.99,69.99,,9663,FALSE,FALSE,FALSE,213,Available,https://images.pexels.com/photos/5942722/pexels-photo-5942722.jpeg,"Premium quality Logitech Lift Vertical Ergonomic Mouse, Wireless, Bluetooth or Logi Bolt USB receiver, Quiet clicks, 4 buttons, compatible with Windows/macOS/iPadOS, Laptop, PC - Graphite"
B0C4XXH2FV,"Logitech MX Master 2S Bluetooth Edition Wireless Mouse – Use on Any Surface, Hyper-Fast Scrolling, Ergonomic, Rechargeable, Control Up to 3 Apple Mac and Windows Computers - Graphite",Electronics,Unknown,68.47,68.47,,533,FALSE,TRUE,FALSE,24,Available,https://images.pexels.com/photos/20510001/pexels-photo-20510001.jpeg,"Premium quality Logitech MX Master 2S Bluetooth Edition Wireless Mouse – Use on Any Surface, Hyper-Fast Scrolling, Ergonomic, Rechargeable, Control Up to 3 Apple Mac and Windows Computers - Graphite"
B0CHRS6H8D,"Nulea Wireless Bluetooth Mouse, Dual Mode Connectivity (Bluetooth 5.0 & 2.4G USB) Computer Mouse, Sleek, Portable, Compact Design in 10 Colors for iPad, Laptop & PC Use (Black)",Electronics,Unknown,7.99,7.99,,1902,FALSE,TRUE,FALSE,48,Available,https://images.pexels.com/photos/7241679/pexels-photo-7241679.jpeg,"Premium quality Nulea Wireless Bluetooth Mouse, Dual Mode Connectivity (Bluetooth 5.0 & 2.4G USB) Computer Mouse, Sleek, Portable, Compact Design in 10 Colors for iPad, Laptop & PC Use (Black)"
B09KX9P829,"Logitech Signature M650 L Full Size Wireless Mouse - For Large Sized Hands, 2-Year Battery, Silent Clicks, Customizable Side Buttons, Bluetooth, for PC/Mac/Multi-Device/Chromebook - Black",Electronics,Unknown,35.99,39.99,,9187,FALSE,TRUE,FALSE,184,Available,https://images.pexels.com/photos/3747070/pexels-photo-3747070.jpeg,"Premium quality Logitech Signature M650 L Full Size Wireless Mouse - For Large Sized Hands, 2-Year Battery, Silent Clicks, Customizable Side Buttons, Bluetooth, for PC/Mac/Multi-Device/Chromebook - Black"
B07GCKQD77,"Logitech G Pro Wireless Gaming Mouse with Esports Grade Performance, Black",Electronics,Unknown,58.89,129.99,,12542,FALSE,TRUE,FALSE,155,Available,https://images.pexels.com/photos/20510008/pexels-photo-20510008.jpeg,"Premium quality Logitech G Pro Wireless Gaming Mouse with Esports Grade Performance, Black"
B094Q1GJSD,Razer DeathAdder Essential Gaming Mouse: 6400 DPI Optical Sensor - 5 Programmable Buttons - Mechanical Switches - Rubber Side Grips - Mercury White,Electronics,Unknown,22.04,29.99,,11995,FALSE,TRUE,FALSE,164,Available,https://images.pexels.com/photos/12029640/pexels-photo-12029640.jpeg,Premium quality Razer DeathAdder Essential Gaming Mouse: 6400 DPI Optical Sensor - 5 Programmable Buttons - Mechanical Switches - Rubber Side Grips - Mercury White
B08SJ5Z8JL,"Redragon M612 Predator RGB Gaming Mouse, 8000 DPI Wired Optical Gamer Mouse with 11 Programmable Buttons & 5 Backlit Modes, Software Supports DIY Keybinds Rapid Fire Button",Electronics,Unknown,19.99,24.99,,5086,FALSE,TRUE,FALSE,236,Available,https://images.pexels.com/photos/9161032/pexels-photo-9161032.jpeg,"Premium quality Redragon M612 Predator RGB Gaming Mouse, 8000 DPI Wired Optical Gamer Mouse with 11 Programmable Buttons & 5 Backlit Modes, Software Supports DIY Keybinds Rapid Fire Button"
B07L4BM851,"Logitech G502 Lightspeed Wireless Gaming Mouse with Hero 25K Sensor, PowerPlay Compatible, Tunable Weights and Lightsync RGB - Black",Electronics,Unknown,59.99,59.99,,12532,FALSE,FALSE,FALSE,151,Available,https://images.pexels.com/photos/17484878/pexels-photo-17484878.jpeg,"Premium quality Logitech G502 Lightspeed Wireless Gaming Mouse with Hero 25K Sensor, PowerPlay Compatible, Tunable Weights and Lightsync RGB - Black"
B07YN82X3B,"Logitech G203 Wired Gaming Mouse, 8,000 DPI, Rainbow Optical Effect LIGHTSYNC RGB, 6 Programmable Buttons, On-Board Memory, Screen Mapping, PC/Mac Computer and Laptop Compatible - Black",Electronics,Unknown,19.99,39.99,,17241,FALSE,TRUE,FALSE,89,Available,https://images.pexels.com/photos/5474290/pexels-photo-5474290.jpeg,"Premium quality Logitech G203 Wired Gaming Mouse, 8,000 DPI, Rainbow Optical Effect LIGHTSYNC RGB, 6 Programmable Buttons, On-Board Memory, Screen Mapping, PC/Mac Computer and Laptop Compatible - Black"
B09C13PZX7,Razer Basilisk V3 Customizable Ergonomic Gaming Mouse: Fastest Gaming Mouse Switch - Chroma RGB Lighting - 26K DPI Optical Sensor - 11 Programmable Buttons - HyperScroll Tilt Wheel - Classic Black,Electronics,Unknown,44,69.99,,7144,FALSE,TRUE,FALSE,271,Available,https://images.pexels.com/photos/12029640/pexels-photo-12029640.jpeg,Premium quality Razer Basilisk V3 Customizable Ergonomic Gaming Mouse: Fastest Gaming Mouse Switch - Chroma RGB Lighting - 26K DPI Optical Sensor - 11 Programmable Buttons - HyperScroll Tilt Wheel - Classic Black
B09NBWQDKX,"Logitech G PRO X SUPERLIGHT 2 LIGHTSPEED Wireless Gaming Mouse, 8K Polling, Lightweight, LIGHTFORCE Hybrid Switches, HERO 2 Sensor, 888 IPS, 44,000 DPI, 5 Programmable Buttons,USB-C Charging, PC & Mac",Electronics,Unknown,120.64,159,,963,FALSE,TRUE,FALSE,294,Available,https://images.pexels.com/photos/17484878/pexels-photo-17484878.jpeg,"Premium quality Logitech G PRO X SUPERLIGHT 2 LIGHTSPEED Wireless Gaming Mouse, 8K Polling, Lightweight, LIGHTFORCE Hybrid Switches, HERO 2 Sensor, 888 IPS, 44,000 DPI, 5 Programmable Buttons,USB-C Charging, PC & Mac"
B0943HXDVM,"Logitech G502 X Wired Gaming Mouse - LIGHTFORCE hybrid optical-mechanical primary switches, HERO 25K gaming sensor, compatible with PC - macOS/Windows - Black",Electronics,Unknown,47.49,79.99,,1337,FALSE,TRUE,FALSE,201,Available,https://images.pexels.com/photos/13870513/pexels-photo-13870513.jpeg,"Premium quality Logitech G502 X Wired Gaming Mouse - LIGHTFORCE hybrid optical-mechanical primary switches, HERO 25K gaming sensor, compatible with PC - macOS/Windows - Black"
B07NSSPV9S,"Logitech G703 Lightspeed Wireless Gaming Mouse W/Hero 25K Sensor, PowerPlay Compatible, Lightsync RGB, Lightweight 95G+10G Optional, 100-25, 600 DPI, Rubber Side Grips - Black",Electronics,Unknown,49.39,99.99,,7104,FALSE,TRUE,FALSE,186,Available,https://images.pexels.com/photos/15601241/pexels-photo-15601241.jpeg,"Premium quality Logitech G703 Lightspeed Wireless Gaming Mouse W/Hero 25K Sensor, PowerPlay Compatible, Lightsync RGB, Lightweight 95G+10G Optional, 100-25, 600 DPI, Rubber Side Grips - Black"
B00Z9V0NKC,"BENGOO Gaming Mouse Wired, Ergonomic Gamer Laptop PC Optical Computer Mice with RGB Backlit, 4 Adjustable DPI Up to 3600, 6 Programmable Buttons for Windows 7/8/10/XP Vista Linux -Black",Electronics,Unknown,9,11.99,,12914,TRUE,TRUE,FALSE,110,Available,https://images.pexels.com/photos/6611936/pexels-photo-6611936.jpeg,"Premium quality BENGOO Gaming Mouse Wired, Ergonomic Gamer Laptop PC Optical Computer Mice with RGB Backlit, 4 Adjustable DPI Up to 3600, 6 Programmable Buttons for Windows 7/8/10/XP Vista Linux -Black"
B09VPBF8NY,"Redragon M656 Gainer Wireless Gaming Mouse, 4000 DPI 2.4Ghz Gamer Mouse w/ 5 DPI Levels, 7 Macro Buttons, Red LED Backlit & Pro Software/Drive Supported, for PC/Mac/Laptop",Electronics,Unknown,19.99,19.99,,1229,FALSE,TRUE,FALSE,221,Available,https://images.pexels.com/photos/9263102/pexels-photo-9263102.jpeg,"Premium quality Redragon M656 Gainer Wireless Gaming Mouse, 4000 DPI 2.4Ghz Gamer Mouse w/ 5 DPI Levels, 7 Macro Buttons, Red LED Backlit & Pro Software/Drive Supported, for PC/Mac/Laptop"
B0B66RHD7B,"Redragon Gaming Mouse, Wireless Mouse Gaming with 8000 DPI, PC Gaming Mice with Fire Button, RGB Backlit Programmable Ergonomic Mouse Gamer, Rechargeable, 70Hrs for Windows, Mac Gamer, Black",Electronics,Unknown,29.99,39.99,,3395,FALSE,TRUE,FALSE,38,Available,https://images.pexels.com/photos/7240351/pexels-photo-7240351.jpeg,"Premium quality Redragon Gaming Mouse, Wireless Mouse Gaming with 8000 DPI, PC Gaming Mice with Fire Button, RGB Backlit Programmable Ergonomic Mouse Gamer, Rechargeable, 70Hrs for Windows, Mac Gamer, Black"
B08VTS4T4B,"EVGA X17 Gaming Mouse, Wired, Black, Customizable, 16,000 DPI, 5 Profiles, 10 Buttons, Ergonomic 903-W1-17BK-KR",Electronics,Unknown,14.99,49.99,,1630,FALSE,TRUE,FALSE,58,Available,https://images.pexels.com/photos/5185149/pexels-photo-5185149.jpeg,"Premium quality EVGA X17 Gaming Mouse, Wired, Black, Customizable, 16,000 DPI, 5 Profiles, 10 Buttons, Ergonomic 903-W1-17BK-KR"
B00BIFNTMC,"Anker 2.4G Wireless Vertical Ergonomic Optical Mouse, 800 / 1200 /1600 DPI, 5 Buttons for Laptop, Desktop, PC, Macbook - Black",Electronics,Unknown,25.99,27.99,,50519,FALSE,TRUE,FALSE,145,Available,https://images.pexels.com/photos/7241679/pexels-photo-7241679.jpeg,"Premium quality Anker 2.4G Wireless Vertical Ergonomic Optical Mouse, 800 / 1200 /1600 DPI, 5 Buttons for Laptop, Desktop, PC, Macbook - Black"
B098HXFLMW,"Logitech Lift Vertical Ergonomic optical Mouse, Wireless, Bluetooth or Logi Bolt USB receiver, Quiet clicks, 4 buttons, compatible with Windows/macOS/iPadOS, Laptop, PC - Rose",Electronics,Unknown,69.99,69.99,,9663,FALSE,TRUE,TRUE,192,Available,https://images.pexels.com/photos/10655906/pexels-photo-10655906.jpeg,"Premium quality Logitech Lift Vertical Ergonomic optical Mouse, Wireless, Bluetooth or Logi Bolt USB receiver, Quiet clicks, 4 buttons, compatible with Windows/macOS/iPadOS, Laptop, PC - Rose"
B08TLYK78K,"Logitech M575 Ergonomic Wireless Trackball USB Mouse, Black (910-005869)",Electronics,Unknown,39,49.99,,5591,FALSE,TRUE,FALSE,160,Available,https://images.pexels.com/photos/5931186/pexels-photo-5931186.jpeg,"Premium quality Logitech M575 Ergonomic Wireless Trackball USB Mouse, Black (910-005869)"
B07BFCVJZC,"Lekvey Ergonomic Mouse, Vertical Wireless Mouse - Rechargeable 2.4GHz Optical Vertical Mice : 3 Adjustable DPI 800/1200/1600 Levels 6 Buttons, for Laptop, PC, Computer, Desktop, Notebook etc, Black",Electronics,Unknown,24.99,39.99,,14212,FALSE,TRUE,FALSE,261,Available,https://images.pexels.com/photos/265144/pexels-photo-265144.jpeg,"Premium quality Lekvey Ergonomic Mouse, Vertical Wireless Mouse - Rechargeable 2.4GHz Optical Vertical Mice : 3 Adjustable DPI 800/1200/1600 Levels 6 Buttons, for Laptop, PC, Computer, Desktop, Notebook etc, Black"
B0CW6F9W2K,"Bluetooth and 2.4G (2-in-1) Rechargeable Wireless Mouse, Ergonomic Vertical Design, 1000/1200/1600 DPI, 6 Silent Buttons, for Laptop, Computer, PC, MacBook, Chromebook-Black",Electronics,Unknown,9.99,9.99,,558,FALSE,TRUE,FALSE,239,Available,https://images.pexels.com/photos/13736497/pexels-photo-13736497.jpeg,"Premium quality Bluetooth and 2.4G (2-in-1) Rechargeable Wireless Mouse, Ergonomic Vertical Design, 1000/1200/1600 DPI, 6 Silent Buttons, for Laptop, Computer, PC, MacBook, Chromebook-Black"
B0D1Y3KSHW,"TECKNET Ergonomic Mouse, 4800 DPI Wireless Vertical Mouse, 5 Adjustable DPI Levels, 6 Buttons, 2.4G Silent Wireless Mouse for Laptop, PC, Chromebook, Mac - Black",Electronics,Unknown,19.99,19.99,,2346,FALSE,TRUE,FALSE,145,Available,https://images.pexels.com/photos/15399855/pexels-photo-15399855.jpeg,"Premium quality TECKNET Ergonomic Mouse, 4800 DPI Wireless Vertical Mouse, 5 Adjustable DPI Levels, 6 Buttons, 2.4G Silent Wireless Mouse for Laptop, PC, Chromebook, Mac - Black"
B0CX18LHWS,"ProtoArc Ergonomic Vertical Mouse, EM11 NL Bluetooth Mouse Wireless, Ergo Mouse with 3 Multi-Device for PC/Notebook/Laptop, USB Rechargeable Mice for Windows, Mac OS, Black",Electronics,Unknown,26.99,26.99,,750,FALSE,TRUE,FALSE,77,Available,https://images.pexels.com/photos/265144/pexels-photo-265144.jpeg,"Premium quality ProtoArc Ergonomic Vertical Mouse, EM11 NL Bluetooth Mouse Wireless, Ergo Mouse with 3 Multi-Device for PC/Notebook/Laptop, USB Rechargeable Mice for Windows, Mac OS, Black"
B09HHHDZZG,"Nulea M501 Wireless Trackball Mouse, Rechargeable Ergonomic, Easy Thumb Control, Precise & Smooth Tracking, 3 Device Connection (Bluetooth or USB Receiver), Compatible for PC, Laptop, Mac, Windows.",Electronics,Unknown,29.99,35.99,,10025,TRUE,TRUE,FALSE,167,Available,https://images.pexels.com/photos/10655906/pexels-photo-10655906.jpeg,"Premium quality Nulea M501 Wireless Trackball Mouse, Rechargeable Ergonomic, Easy Thumb Control, Precise & Smooth Tracking, 3 Device Connection (Bluetooth or USB Receiver), Compatible for PC, Laptop, Mac, Windows."
B0CCXJB1JG,"Lekvey Ergonomic Mouse, Vertical Wireless Mouse Rechargeable 2.4 GHz Optical Carpal Tunnel Mouse : 800/1200 / 1600 DPI, 6 Buttons, for Laptop, PC, Computer, Desktop, Notebook etc, Green Purple",Electronics,Unknown,24.99,39.99,,874,FALSE,TRUE,FALSE,20,Available,https://images.pexels.com/photos/1181449/pexels-photo-1181449.jpeg,"Premium quality Lekvey Ergonomic Mouse, Vertical Wireless Mouse Rechargeable 2.4 GHz Optical Carpal Tunnel Mouse : 800/1200 / 1600 DPI, 6 Buttons, for Laptop, PC, Computer, Desktop, Notebook etc, Green Purple"
B0CT2C56BB,"seenda Ergonomic Mouse Rechargeable, Vertical Wireless Mouse with Volume knob, Quiet clicks, 3 Device Connection (Bluetooth or USB), Optical Mice for Windows, PC/Mac- Purple",Electronics,Unknown,25.99,25.99,,99,FALSE,TRUE,FALSE,209,Available,https://images.pexels.com/photos/20510003/pexels-photo-20510003.jpeg,"Premium quality seenda Ergonomic Mouse Rechargeable, Vertical Wireless Mouse with Volume knob, Quiet clicks, 3 Device Connection (Bluetooth or USB), Optical Mice for Windows, PC/Mac- Purple"
B00FPAVUHC,"Anker Ergonomic Optical USB Wired Vertical Mouse 1000/1600 DPI, 5 Buttons CE100",Electronics,Unknown,22.99,22.99,,8509,FALSE,TRUE,FALSE,210,Available,https://images.pexels.com/photos/38006271/pexels-photo-38006271.jpeg,"Premium quality Anker Ergonomic Optical USB Wired Vertical Mouse 1000/1600 DPI, 5 Buttons CE100"
B0D9HCM4XR,"Ergonomic Mouse Wireless Bluetooth Vertical Mouse Three-mode Connection:BT5.0+USB A+USB C- Rechargeable,Ergonomic,6 Buttons,1600 DPI,2.4G Optical-Compatible with Mac ipad Tablet Laptop PC Computer",Electronics,Unknown,19.99,22.99,,476,FALSE,TRUE,FALSE,136,Available,https://images.pexels.com/photos/20432893/pexels-photo-20432893.jpeg,"Premium quality Ergonomic Mouse Wireless Bluetooth Vertical Mouse Three-mode Connection:BT5.0+USB A+USB C- Rechargeable,Ergonomic,6 Buttons,1600 DPI,2.4G Optical-Compatible with Mac ipad Tablet Laptop PC Computer"
B003L62T7W,"Logitech B100 Corded Mouse, Wired USB Mouse for Computers and Laptops, Right or Left Hand Use - Black",Electronics,Unknown,7.99,9.99,,39333,FALSE,TRUE,TRUE,153,Available,https://images.pexels.com/photos/3747070/pexels-photo-3747070.jpeg,"Premium quality Logitech B100 Corded Mouse, Wired USB Mouse for Computers and Laptops, Right or Left Hand Use - Black"
B07K9DBY6N,"Logitech B100 Optical USB Mouse,Black",Electronics,Unknown,7.86,9.99,,315,FALSE,TRUE,FALSE,77,Available,https://images.pexels.com/photos/12029640/pexels-photo-12029640.jpeg,"Premium quality Logitech B100 Optical USB Mouse,Black"
B012DT5U96,Dell Optical Mouse MS116 (275-BBCB),Electronics,Unknown,7.99,24.99,,14233,FALSE,TRUE,FALSE,63,Available,https://images.pexels.com/photos/20510003/pexels-photo-20510003.jpeg,Premium quality Dell Optical Mouse MS116 (275-BBCB)
B01BC4TXXC,"TECKNET USB Wired Mouse, 6-Button Corded Mouse with 4 Adjustable DPI, Optical Computer Mouse with Ergonomic Design and 5FT Cord for Laptop, Chromebook, PC, Desktop, Mac, Notebook-Gray",Electronics,Unknown,9.99,13.99,,11494,FALSE,TRUE,FALSE,192,Available,https://images.pexels.com/photos/10655906/pexels-photo-10655906.jpeg,"Premium quality TECKNET USB Wired Mouse, 6-Button Corded Mouse with 4 Adjustable DPI, Optical Computer Mouse with Ergonomic Design and 5FT Cord for Laptop, Chromebook, PC, Desktop, Mac, Notebook-Gray"
B08VJDGK2H,"HP X500 - Wired USB Mouse for Windows PC Desktop, Laptop, Notebook, Mac, computerand Chromebook, for Righty or Lefty Use (E5E76AA#ABA),Black",Electronics,Unknown,7.99,11.99,,3171,FALSE,TRUE,FALSE,179,Available,https://images.pexels.com/photos/8569471/pexels-photo-8569471.jpeg,"Premium quality HP X500 - Wired USB Mouse for Windows PC Desktop, Laptop, Notebook, Mac, computerand Chromebook, for Righty or Lefty Use (E5E76AA#ABA),Black"
B01JPOLKDW,"Logitech M330 SILENT Wireless Mouse, 2.4GHz with USB Nano Receiver, 1000 DPI Optical Tracking, 2-year Battery Life, Compatible with PC, Mac, Laptop, Chromebook - Black",Electronics,Unknown,19.99,19.99,,22255,FALSE,TRUE,FALSE,192,Available,https://images.pexels.com/photos/1604025/pexels-photo-1604025.jpeg,"Premium quality Logitech M330 SILENT Wireless Mouse, 2.4GHz with USB Nano Receiver, 1000 DPI Optical Tracking, 2-year Battery Life, Compatible with PC, Mac, Laptop, Chromebook - Black"
B0BXYV1SZQ,"Lenovo 100 Wired USB Computer Mouse for PC, Laptop, Computer with Windows - Full-Size - Ambidextrous Design - 3 Buttons - Red Optical Sensor – Black",Electronics,Unknown,7.99,8.99,,29658,FALSE,TRUE,FALSE,168,Available,https://images.pexels.com/photos/8569471/pexels-photo-8569471.jpeg,"Premium quality Lenovo 100 Wired USB Computer Mouse for PC, Laptop, Computer with Windows - Full-Size - Ambidextrous Design - 3 Buttons - Red Optical Sensor – Black"
B09Y8K2HJN,"HP Wireless Mouse - Black, 15-Month Battery, 1600 DPI Sensor, Side Grips - for PC/Laptop, Mac, Chromebook",Electronics,Unknown,13.99,18.99,,28040,FALSE,TRUE,FALSE,99,Available,https://images.pexels.com/photos/7241679/pexels-photo-7241679.jpeg,"Premium quality HP Wireless Mouse - Black, 15-Month Battery, 1600 DPI Sensor, Side Grips - for PC/Laptop, Mac, Chromebook"
B0877DK2FL,"Logitech ERGO M575 Wireless Trackball Mouse - Easy thumb control, precision and smooth tracking, ergonomic comfort design, for Windows, PC and Mac with Bluetooth and USB capabilities - Graphite",Electronics,Unknown,42.99,49.99,,13226,FALSE,TRUE,TRUE,232,Available,https://images.pexels.com/photos/13870513/pexels-photo-13870513.jpeg,"Premium quality Logitech ERGO M575 Wireless Trackball Mouse - Easy thumb control, precision and smooth tracking, ergonomic comfort design, for Windows, PC and Mac with Bluetooth and USB capabilities - Graphite"
B0753P1GTS,"Logitech MX Ergo Wireless Trackball Mouse, Ergonomic Design, Move Content Between 2 Windows and Apple Mac Computers (Bluetooth or USB), Rechargeable",Electronics,Unknown,83.32,99.99,,12010,FALSE,TRUE,FALSE,222,Available,https://images.pexels.com/photos/7172697/pexels-photo-7172697.jpeg,"Premium quality Logitech MX Ergo Wireless Trackball Mouse, Ergonomic Design, Move Content Between 2 Windows and Apple Mac Computers (Bluetooth or USB), Rechargeable"
B07YVMXLQC,"Kensington Orbit Trackball Mouse with Scroll Ring (K75327WW), Black-Grey",Electronics,Unknown,31.23,36.99,,7236,FALSE,TRUE,FALSE,271,Available,https://images.pexels.com/photos/13870513/pexels-photo-13870513.jpeg,"Premium quality Kensington Orbit Trackball Mouse with Scroll Ring (K75327WW), Black-Grey"
B0CWTY6Z99,"ProtoArc Wireless Trackball Mouse, EM01 NL Ergonomic Bluetooth Rollerball Thumb Mouse Rechargeable Computer Laptop Mouse, Adjustable Angle & 3 Device Connection for PC, Mac, Windows-Gray Ball",Electronics,Unknown,39.99,39.99,,816,FALSE,TRUE,FALSE,248,Available,https://images.pexels.com/photos/20432893/pexels-photo-20432893.jpeg,"Premium quality ProtoArc Wireless Trackball Mouse, EM01 NL Ergonomic Bluetooth Rollerball Thumb Mouse Rechargeable Computer Laptop Mouse, Adjustable Angle & 3 Device Connection for PC, Mac, Windows-Gray Ball"
B0BKLGJPQT,"Nulea Wireless Ergonomic Trackball Mouse, Rechargeable, Bluetooth Rollerball Mouse, 44mm Index Finger Trackball, 5 Adjustable DPI, Compatible with PC, Laptop, Mac",Electronics,Unknown,36.99,36.99,,1461,FALSE,TRUE,FALSE,183,Available,https://images.pexels.com/photos/8532766/pexels-photo-8532766.jpeg,"Premium quality Nulea Wireless Ergonomic Trackball Mouse, Rechargeable, Bluetooth Rollerball Mouse, 44mm Index Finger Trackball, 5 Adjustable DPI, Compatible with PC, Laptop, Mac"
B01936N73I,"Kensington Expert Wireless Trackball Mouse (K72359WW) Black, 3.5"" x 6.1"" x 8""",Electronics,Unknown,75.29,99.99,,9121,FALSE,FALSE,FALSE,246,Available,https://images.pexels.com/photos/7172697/pexels-photo-7172697.jpeg,"Premium quality Kensington Expert Wireless Trackball Mouse (K72359WW) Black, 3.5"" x 6.1"" x 8"""
B000HEW0KW,"Kensington Orbit Trackball Mouse (K64327F), Silver/Black",Electronics,Unknown,25.39,29.99,,4485,FALSE,TRUE,FALSE,166,Available,https://images.pexels.com/photos/20510001/pexels-photo-20510001.jpeg,"Premium quality Kensington Orbit Trackball Mouse (K64327F), Silver/Black"
B0BLRQ4116,"Kensington SlimBlade™ Pro Wireless Trackball, Rechargeable Battery, Bluetooth 2.4GHz Connection Options (K72080WW)",Other,Unknown,99.99,119.99,,431,FALSE,TRUE,FALSE,39,Available,https://images.pexels.com/photos/38006271/pexels-photo-38006271.jpeg,"Premium quality Kensington SlimBlade™ Pro Wireless Trackball, Rechargeable Battery, Bluetooth 2.4GHz Connection Options (K72080WW)"
B09489Q3VY,"Logitech Ergo M575 Wireless Trackball Mouse, Easy Thumb Control, Precision and Smooth Tracking, Ergonomic Comfort Design, Windows/Mac, Bluetooth, USB - Graphite (Renewed)",Electronics,Unknown,32.73,42.99,,610,FALSE,TRUE,FALSE,66,Available,https://images.pexels.com/photos/15601241/pexels-photo-15601241.jpeg,"Premium quality Logitech Ergo M575 Wireless Trackball Mouse, Easy Thumb Control, Precision and Smooth Tracking, Ergonomic Comfort Design, Windows/Mac, Bluetooth, USB - Graphite (Renewed)"
B0D7Q37FD1,"ProtoArc Vertical Wireless Trackball Mouse, EM05 NL Bluetooth Ergonomic Rollerball Mouse Rechargeable Computer Laptop Thumb Mouse, 3 Device Connection, Compatible with iPad, Mac, Windows, PC-Gray",Electronics,Unknown,59.99,59.99,,270,FALSE,TRUE,FALSE,252,Available,https://images.pexels.com/photos/5793947/pexels-photo-5793947.jpeg,"Premium quality ProtoArc Vertical Wireless Trackball Mouse, EM05 NL Bluetooth Ergonomic Rollerball Mouse Rechargeable Computer Laptop Thumb Mouse, 3 Device Connection, Compatible with iPad, Mac, Windows, PC-Gray"
B0CD7G17C8,"ProtoArc Wireless Bluetooth Trackball Mouse, EM01 2.4G RGB Ergonomic Rechargeable Rollerball Mouse with 3 Adjustable DPI, 3 Device Connection for PC, iPad, Mac, Windows-Purple Ball",Electronics,Unknown,52.99,52.99,,388,FALSE,TRUE,FALSE,33,Available,https://images.pexels.com/photos/9784235/pexels-photo-9784235.jpeg,"Premium quality ProtoArc Wireless Bluetooth Trackball Mouse, EM01 2.4G RGB Ergonomic Rechargeable Rollerball Mouse with 3 Adjustable DPI, 3 Device Connection for PC, iPad, Mac, Windows-Purple Ball"
B0BR7KX422,"Nulea M505B Wireless Trackball Mouse, Rechargeable Ergonomic RGB Rollerball Mouse, Easy Index Finger Control with 5 Adjustable DPI, 3 Device Connection for PC, Laptop, iPad, Mac, Windows, Android",Electronics,Unknown,37.99,37.99,,442,FALSE,TRUE,FALSE,162,Available,https://images.pexels.com/photos/11129922/pexels-photo-11129922.jpeg,"Premium quality Nulea M505B Wireless Trackball Mouse, Rechargeable Ergonomic RGB Rollerball Mouse, Easy Index Finger Control with 5 Adjustable DPI, 3 Device Connection for PC, Laptop, iPad, Mac, Windows, Android"
B0050SPZMK,"Kensington Orbit Wireless Trackball Mouse with Touch Scroll Ring (K72352US),Black",Electronics,Unknown,46.44,46.44,,3694,FALSE,TRUE,FALSE,20,Available,https://images.pexels.com/photos/20510001/pexels-photo-20510001.jpeg,"Premium quality Kensington Orbit Wireless Trackball Mouse with Touch Scroll Ring (K72352US),Black"
B0CMQJKT3G,"ProtoArc Wired Trackball Mouse, EM04 Wired USB C Ergonomic Rollerball Mouse Computer Laptop Mouse, Smooth Tracking, Thumb Control, Compatible with PC, Mac, Windows-Purple Ball",Electronics,Unknown,19.98,19.98,,294,FALSE,TRUE,FALSE,73,Available,https://images.pexels.com/photos/15399855/pexels-photo-15399855.jpeg,"Premium quality ProtoArc Wired Trackball Mouse, EM04 Wired USB C Ergonomic Rollerball Mouse Computer Laptop Mouse, Smooth Tracking, Thumb Control, Compatible with PC, Mac, Windows-Purple Ball"
B0BYD5H31D,"Wireless Bluetooth Mouse, Rechargeable LED Dual Mode Mouse (Bluetooth 5.2 and USB Receiver) Portable Silent Mouse,for Laptop/Desktop/Tablet (Black)",Electronics,Unknown,6.63,9.98,,2994,FALSE,TRUE,FALSE,278,Available,https://images.pexels.com/photos/11129922/pexels-photo-11129922.jpeg,"Premium quality Wireless Bluetooth Mouse, Rechargeable LED Dual Mode Mouse (Bluetooth 5.2 and USB Receiver) Portable Silent Mouse,for Laptop/Desktop/Tablet (Black)"
B08P6FXKP9,"Amazon Basics 3-Button USB Wired Mouse - Standard, Black",Electronics,Unknown,6.79,9.49,,1679,FALSE,TRUE,FALSE,163,Available,https://images.pexels.com/photos/5185149/pexels-photo-5185149.jpeg,"Premium quality Amazon Basics 3-Button USB Wired Mouse - Standard, Black"
B0D9FCG4GN,"Logitech M500s Advanced Corded Mouse with Advanced Hyper-Fast Scrolling & Tilt, Customizable Buttons, High Precision Tracking with DPI Switch, USB Plug & Play",Electronics,Unknown,29.99,29.99,,1851,FALSE,TRUE,FALSE,31,Available,https://images.pexels.com/photos/5931186/pexels-photo-5931186.jpeg,"Premium quality Logitech M500s Advanced Corded Mouse with Advanced Hyper-Fast Scrolling & Tilt, Customizable Buttons, High Precision Tracking with DPI Switch, USB Plug & Play"
B0BJ6NBYJG,"TECKNET Wireless Mouse for Laptop, 2.4G Quiet Computer Mouse with USB Receiver, 4 Buttons Portable Cordless Mice for Chromebook, Laptop, PC, Mac, 800/1200/1600 DPI - Mint Green",Electronics,Unknown,7.99,12.46,,9146,FALSE,TRUE,FALSE,243,Available,https://images.pexels.com/photos/8569471/pexels-photo-8569471.jpeg,"Premium quality TECKNET Wireless Mouse for Laptop, 2.4G Quiet Computer Mouse with USB Receiver, 4 Buttons Portable Cordless Mice for Chromebook, Laptop, PC, Mac, 800/1200/1600 DPI - Mint Green"
B08QZBY6Z2,"TECKNET Computer Wired Mouse, USB Mouse Wired for Laptop with 6-Button, 3600DPI Optical PC Wired Mouse, Home and Office 5FT USB-A Corded Comfortable Mouse, Plug & Play, NO Battery Required-Grey",Electronics,Unknown,9.99,11.99,,4457,FALSE,TRUE,FALSE,291,Available,https://images.pexels.com/photos/5793947/pexels-photo-5793947.jpeg,"Premium quality TECKNET Computer Wired Mouse, USB Mouse Wired for Laptop with 6-Button, 3600DPI Optical PC Wired Mouse, Home and Office 5FT USB-A Corded Comfortable Mouse, Plug & Play, NO Battery Required-Grey"
B06X3W3YQD,"Amazon Basics Square Mouse Pad, Cloth with Rubberized Base, Standard, Black",Electronics,Unknown,8.99,8.99,,61256,FALSE,TRUE,FALSE,175,Available,https://images.pexels.com/photos/20510008/pexels-photo-20510008.jpeg,"Premium quality Amazon Basics Square Mouse Pad, Cloth with Rubberized Base, Standard, Black"
B07FZX4JFV,"SenseAGE Standard Mouse Pad with Wrist Support, Hand-Made Ergonomic Mouse Mat with Non-Slip Base for Home, Office & Travel, Comfortable, Lightweight for Easy Typing and Pain Relief, Grey",Electronics,Unknown,12,12,,494,FALSE,TRUE,FALSE,27,Available,https://images.pexels.com/photos/5931186/pexels-photo-5931186.jpeg,"Premium quality SenseAGE Standard Mouse Pad with Wrist Support, Hand-Made Ergonomic Mouse Mat with Non-Slip Base for Home, Office & Travel, Comfortable, Lightweight for Easy Typing and Pain Relief, Grey"
B08HLVDHHV,"Mouse Pad, PU Mouse Pad?Leather Mouse Pad with Stitched Edge Micro-Fiber Base with Non-Slip Waterproof?Mouse Pad for Computers?Laptop, 8x11Inch (Milky White)",Electronics,Unknown,12.98,12.98,,3494,FALSE,TRUE,FALSE,141,Available,https://images.pexels.com/photos/8569471/pexels-photo-8569471.jpeg,"Premium quality Mouse Pad, PU Mouse Pad?Leather Mouse Pad with Stitched Edge Micro-Fiber Base with Non-Slip Waterproof?Mouse Pad for Computers?Laptop, 8x11Inch (Milky White)"
B07S4CP96V,"Ergonomic Mouse Pad 3 Pack with Wrist Rest Support, Round Gaming Mousepad with Smooth Surface & Non-Slip Rubber Base for Computer, Laptop, Office, Comfortable Memory Foam for Wrist Cushion",Electronics,Unknown,16.99,16.99,,762,FALSE,TRUE,FALSE,183,Available,https://images.pexels.com/photos/1604025/pexels-photo-1604025.jpeg,"Premium quality Ergonomic Mouse Pad 3 Pack with Wrist Rest Support, Round Gaming Mousepad with Smooth Surface & Non-Slip Rubber Base for Computer, Laptop, Office, Comfortable Memory Foam for Wrist Cushion"
B0788LMLZL,"KTRIO Large Gaming Mouse Pad with Superior Micro-Weave Cloth, Extended Desk Mousepad with Stitched Edges, Non-Slip Base, Water Resist Keyboard Pad for Gamer, Office & Home, 31.5 x 11.8 in, Black",Electronics,Unknown,11.11,18.99,,38272,FALSE,TRUE,FALSE,109,Available,https://images.pexels.com/photos/32755764/pexels-photo-32755764.jpeg,"Premium quality KTRIO Large Gaming Mouse Pad with Superior Micro-Weave Cloth, Extended Desk Mousepad with Stitched Edges, Non-Slip Base, Water Resist Keyboard Pad for Gamer, Office & Home, 31.5 x 11.8 in, Black"
B07C3XZMC6,"JIKIOU 3 Pack Mouse Pad with Stitched Edge, Comfortable Mouse Pads with Non-Slip Rubber Base, Washable Mousepads Bulk with Lycra Cloth, Mouse Pads for Computers Laptop Mouse 10.2x8.3x0.12inch Black",Electronics,Unknown,6.39,14.99,,14465,FALSE,TRUE,TRUE,155,Available,https://images.pexels.com/photos/3747070/pexels-photo-3747070.jpeg,"Premium quality JIKIOU 3 Pack Mouse Pad with Stitched Edge, Comfortable Mouse Pads with Non-Slip Rubber Base, Washable Mousepads Bulk with Lycra Cloth, Mouse Pads for Computers Laptop Mouse 10.2x8.3x0.12inch Black"
B0CNDF682X,Excel Shortcut Keys Mouse Pad - Extended Large XL Cheat Sheet Gaming Mousepad | PC Office Spreadsheet Keyboard Mat | Non-Slip Stitched Edge,Electronics,Unknown,22.95,24.95,,1841,FALSE,TRUE,FALSE,205,Available,https://images.pexels.com/photos/7915219/pexels-photo-7915219.jpeg,Premium quality Excel Shortcut Keys Mouse Pad - Extended Large XL Cheat Sheet Gaming Mousepad | PC Office Spreadsheet Keyboard Mat | Non-Slip Stitched Edge
B078CQ311V,"MROCO Mouse Pad [30% Larger] with Stitched Edges, 3 Pack Premium-Textured & Waterproof Mousepad Bulk with Non-Slip Rubber Base for Computers, Laptop, PC, Office & Home, 8.5 x 11 x 0.12 in, Black",Electronics,Unknown,5.66,15.49,,9371,FALSE,TRUE,FALSE,197,Available,https://images.pexels.com/photos/11129922/pexels-photo-11129922.jpeg,"Premium quality MROCO Mouse Pad [30% Larger] with Stitched Edges, 3 Pack Premium-Textured & Waterproof Mousepad Bulk with Non-Slip Rubber Base for Computers, Laptop, PC, Office & Home, 8.5 x 11 x 0.12 in, Black"
B081DHV2PW,"JIKIOU Mouse Pad, 2 Pack Ergonomic Mouse Pads with Comfortable Gel Wrist Rest Support and Lycra Cloth, Non-Slip PU Base for Easy Typing Pain Relief Durable and Easy to Clean Small Black",Electronics,Unknown,9.48,12.48,,4252,FALSE,TRUE,FALSE,47,Available,https://images.pexels.com/photos/20510001/pexels-photo-20510001.jpeg,"Premium quality JIKIOU Mouse Pad, 2 Pack Ergonomic Mouse Pads with Comfortable Gel Wrist Rest Support and Lycra Cloth, Non-Slip PU Base for Easy Typing Pain Relief Durable and Easy to Clean Small Black"
B0BB3B8G45,"Japanese Sea Wave Large Mouse Pad, Anime Black Gaming, Extended Kanagawa Mat Desk Pad, 3mm Thick Long Non-Slip Rubber Base Mice Pad, 31.5 X 11.8 Inch",Electronics,Unknown,15.99,16.99,,1186,FALSE,TRUE,FALSE,239,Available,https://images.pexels.com/photos/12029640/pexels-photo-12029640.jpeg,"Premium quality Japanese Sea Wave Large Mouse Pad, Anime Black Gaming, Extended Kanagawa Mat Desk Pad, 3mm Thick Long Non-Slip Rubber Base Mice Pad, 31.5 X 11.8 Inch"
B06X3W3TM4,"Amazon Basics Rectangular Gel Computer Mouse Pad with Wrist Support Rest, Small, Black",Electronics,Unknown,9.47,9.47,,32091,FALSE,TRUE,FALSE,60,Available,https://images.pexels.com/photos/7240351/pexels-photo-7240351.jpeg,"Premium quality Amazon Basics Rectangular Gel Computer Mouse Pad with Wrist Support Rest, Small, Black"
B0C1BXJ51D,"Ergonomic Mouse Pad Wrist Support, Comfortable Mouse Pad Wrist Rest, Relieve Wrist Pain Gel Mouse pad, Non-Slip Rubber Base Mousepad for Laptop, Computer, Prefect for Office & Home?Black?",Electronics,Unknown,9.99,9.99,,392,FALSE,TRUE,FALSE,247,Available,https://images.pexels.com/photos/19935029/pexels-photo-19935029.jpeg,"Premium quality Ergonomic Mouse Pad Wrist Support, Comfortable Mouse Pad Wrist Rest, Relieve Wrist Pain Gel Mouse pad, Non-Slip Rubber Base Mousepad for Laptop, Computer, Prefect for Office & Home?Black?"
B0C6QP1Z4B,Large Topographic Map Gaming Mouse Pad for Desk Black Desk Pad with Non-Slip Rubber Base Stitched Edge Desk Organizers and Accessories Desk Decor,Electronics,Unknown,14.69,14.69,,201,FALSE,TRUE,FALSE,211,Available,https://images.pexels.com/photos/6932748/pexels-photo-6932748.jpeg,Premium quality Large Topographic Map Gaming Mouse Pad for Desk Black Desk Pad with Non-Slip Rubber Base Stitched Edge Desk Organizers and Accessories Desk Decor
B0BQ3C9YJZ,"Gaming Mouse Pad, Large Non-Slip Rubber Base Mousepad, Keyboard Mouse Mat, Desk Pad with Stitched Edges, 31.5x11.8inch, Dazzling Galaxy",Electronics,Unknown,19.99,19.99,,670,FALSE,TRUE,FALSE,164,Available,https://images.pexels.com/photos/35504606/pexels-photo-35504606.jpeg,"Premium quality Gaming Mouse Pad, Large Non-Slip Rubber Base Mousepad, Keyboard Mouse Mat, Desk Pad with Stitched Edges, 31.5x11.8inch, Dazzling Galaxy"
B0BMTPC44X,"YSAGi Leather Desk Pad Protector, Office Desk Mat, Large Mouse Pad, Non-Slip PU Leather Desk Blotter, Laptop Desk Pad, Waterproof Desk Writing Pad for Office and Home (Black, 23.6"" x 13.8"")",Electronics,Unknown,7.99,9.99,,10069,TRUE,TRUE,FALSE,220,Available,https://images.pexels.com/photos/5474290/pexels-photo-5474290.jpeg,"Premium quality YSAGi Leather Desk Pad Protector, Office Desk Mat, Large Mouse Pad, Non-Slip PU Leather Desk Blotter, Laptop Desk Pad, Waterproof Desk Writing Pad for Office and Home (Black, 23.6"" x 13.8"")"
B00L2AN9PK,"3M Precise Mouse Pad Enhances the Precision of Optical Mice at Fast Speed, 9 in x 8 in (MP114-BSD1)",Electronics,Unknown,6.95,8.99,,17761,FALSE,TRUE,FALSE,231,Available,https://images.pexels.com/photos/5185149/pexels-photo-5185149.jpeg,"Premium quality 3M Precise Mouse Pad Enhances the Precision of Optical Mice at Fast Speed, 9 in x 8 in (MP114-BSD1)"
B0CW1KJ6BF,"TECKNET Mouse Pad with Anti-fray Stitching, Waterproof Surface & Non-Slip Rubber Base with Stitched Edges Gaming Mouse Mat for Laptop?Compatible with Laser and Optical Mice - Black",Electronics,Unknown,5.98,7.99,,10002,FALSE,TRUE,FALSE,239,Available,https://images.pexels.com/photos/19935029/pexels-photo-19935029.jpeg,"Premium quality TECKNET Mouse Pad with Anti-fray Stitching, Waterproof Surface & Non-Slip Rubber Base with Stitched Edges Gaming Mouse Mat for Laptop?Compatible with Laser and Optical Mice - Black"
B07ZSYNSSG,"ITNRSIIET Marble Round Mouse Pad, Pink Marble Customized Premium-Textured Mouse Mat,Washable Mousepads with Cloth, Non-Slip Rubber Base Small Mousepad, 7.87×7.87×0.12 inches (Pink Marble)",Electronics,Unknown,4.99,4.99,,19670,FALSE,TRUE,FALSE,259,Available,https://images.pexels.com/photos/7172697/pexels-photo-7172697.jpeg,"Premium quality ITNRSIIET Marble Round Mouse Pad, Pink Marble Customized Premium-Textured Mouse Mat,Washable Mousepads with Cloth, Non-Slip Rubber Base Small Mousepad, 7.87×7.87×0.12 inches (Pink Marble)"
B0CP6CDVQV,"Pastel Purple Checkered Mouse Pad, Cute Boho Mousepad for Home Office, Anti-Slip Rubber Mice pad for Computer & Laptop, 9.5x7.9 inch, Pink Pattern Aesthetic",Electronics,Unknown,8.99,8.99,,371,FALSE,TRUE,FALSE,65,Available,https://images.pexels.com/photos/11129922/pexels-photo-11129922.jpeg,"Premium quality Pastel Purple Checkered Mouse Pad, Cute Boho Mousepad for Home Office, Anti-Slip Rubber Mice pad for Computer & Laptop, 9.5x7.9 inch, Pink Pattern Aesthetic"
B0D1BNS1H2,"Ergonomic Mouse Pad with Wrist Rest Support, Mousepad with Comfortable Memory Foam Wrist Rest and Non-Slip PU Base for Pain Relief, Computer, Laptop, Office, Home (Black)",Electronics,Unknown,22.99,22.99,,96,FALSE,TRUE,FALSE,54,Available,https://images.pexels.com/photos/8532766/pexels-photo-8532766.jpeg,"Premium quality Ergonomic Mouse Pad with Wrist Rest Support, Mousepad with Comfortable Memory Foam Wrist Rest and Non-Slip PU Base for Pain Relief, Computer, Laptop, Office, Home (Black)"
B0D8VJ7SFP,"Ergonomic Mouse Pad with Wrist Support 8 Pack Mouse Pad with Wrist Rest Small Gel Padded Mouse Pad for Computer, Gaming (Classic Black)",Electronics,Unknown,28.99,28.99,,3,FALSE,TRUE,FALSE,272,Available,https://images.pexels.com/photos/17484878/pexels-photo-17484878.jpeg,"Premium quality Ergonomic Mouse Pad with Wrist Support 8 Pack Mouse Pad with Wrist Rest Small Gel Padded Mouse Pad for Computer, Gaming (Classic Black)"
B09VBM33W5,"Mouse Pad with Wrist Rest Support,Cute Custom Gaming Made Non Slip Rubber Base Mousepad, Ergonomic Mouse Wrist Rest Pad Computer Laptop Mousepad (Pink Rose Gold)",Electronics,Unknown,12.99,12.99,,494,FALSE,TRUE,FALSE,101,Available,https://images.pexels.com/photos/19935029/pexels-photo-19935029.jpeg,"Premium quality Mouse Pad with Wrist Rest Support,Cute Custom Gaming Made Non Slip Rubber Base Mousepad, Ergonomic Mouse Wrist Rest Pad Computer Laptop Mousepad (Pink Rose Gold)"
B0868Q5MJK,"GIM Wireless Charging RGB Gaming Mouse Pad 15W, LED Mouse Mat 800x300x4MM, 10 Light Modes Extra Large Mousepad Non-Slip Rubber Base Computer Keyboard Mat for Gaming, MacBook, PC, Laptop, Desk",Electronics,Unknown,36.99,36.99,,3825,FALSE,TRUE,FALSE,275,Available,https://images.pexels.com/photos/15399855/pexels-photo-15399855.jpeg,"Premium quality GIM Wireless Charging RGB Gaming Mouse Pad 15W, LED Mouse Mat 800x300x4MM, 10 Light Modes Extra Large Mousepad Non-Slip Rubber Base Computer Keyboard Mat for Gaming, MacBook, PC, Laptop, Desk"
B08L92MJSZ,"JIKIOU Mouse Pad with Non-Slip Rubber Base, Premium-Textured & Washable Computer Mousepad with Stitched Edges, Mouse Pads for Computers, Laptop, Gaming, Office & Home, 8.3 x 10.2 in, Black",Electronics,Unknown,3.28,4.99,,977,FALSE,TRUE,FALSE,216,Available,https://images.pexels.com/photos/5474290/pexels-photo-5474290.jpeg,"Premium quality JIKIOU Mouse Pad with Non-Slip Rubber Base, Premium-Textured & Washable Computer Mousepad with Stitched Edges, Mouse Pads for Computers, Laptop, Gaming, Office & Home, 8.3 x 10.2 in, Black"
B075ZDRLGN,Office Mousepad with Gel Wrist Support - Ergonomic Gaming Desktop Mouse Pad Wrist Rest - Design Gamepad Mat Rubber Base for Laptop Computer -Silicone Non-Slip Special-Textured Surface (01Pink),Electronics,Unknown,6.99,6.99,,15157,FALSE,TRUE,FALSE,29,Available,https://images.pexels.com/photos/15940010/pexels-photo-15940010.jpeg,Premium quality Office Mousepad with Gel Wrist Support - Ergonomic Gaming Desktop Mouse Pad Wrist Rest - Design Gamepad Mat Rubber Base for Laptop Computer -Silicone Non-Slip Special-Textured Surface (01Pink)
B0BPD3MMQ4,"Hokafenle Ergonomic Mouse Pad Wrist Support with Massage Design, Wrist Rest Pain Relief Mousepad with Memory Foam&Non-Slip PU Base, Mouse Pads for Wireless Mouse & Desk (12x8 inch,Black)",Electronics,Unknown,24.99,24.99,,972,FALSE,TRUE,FALSE,261,Available,https://images.pexels.com/photos/7151698/pexels-photo-7151698.jpeg,"Premium quality Hokafenle Ergonomic Mouse Pad Wrist Support with Massage Design, Wrist Rest Pain Relief Mousepad with Memory Foam&Non-Slip PU Base, Mouse Pads for Wireless Mouse & Desk (12x8 inch,Black)"
B08FHPPZBJ,"Mr. Pen- Mouse Pad with Wrist Support, Ergonomic Pad, Gel Gaming Support",Electronics,Unknown,6.99,8.99,,2975,FALSE,TRUE,FALSE,270,Available,https://images.pexels.com/photos/13870513/pexels-photo-13870513.jpeg,"Premium quality Mr. Pen- Mouse Pad with Wrist Support, Ergonomic Pad, Gel Gaming Support"
B08JH8C5T5,Corsair MM350 PRO Premium Spill-Proof Cloth Gaming Mouse Pad – Extended XL - Black,Electronics,Unknown,39.99,39.99,,2922,FALSE,TRUE,FALSE,24,Available,https://images.pexels.com/photos/5185149/pexels-photo-5185149.jpeg,Premium quality Corsair MM350 PRO Premium Spill-Proof Cloth Gaming Mouse Pad – Extended XL - Black
B0BL79GS4Q,"Dumpster on Fire Round Mouse Pad 8.6 x 8.6 Inch, Cute Funny Mousepad for Laptop Gaming, Stitched Edge Non-Slip Rubber Base, Home Office Decor Desk Accessories, It's Fine I`m Fine Everything is Fine",Electronics,Unknown,4.89,4.89,,1339,FALSE,TRUE,FALSE,138,Available,https://images.pexels.com/photos/5942722/pexels-photo-5942722.jpeg,"Premium quality Dumpster on Fire Round Mouse Pad 8.6 x 8.6 Inch, Cute Funny Mousepad for Laptop Gaming, Stitched Edge Non-Slip Rubber Base, Home Office Decor Desk Accessories, It's Fine I`m Fine Everything is Fine"
B000UVRU6G,SteelSeries QcK Gaming Mouse Pad - Large Cloth - Optimized For Gaming Sensors,Electronics,Unknown,14.99,14.99,,96830,FALSE,TRUE,FALSE,84,Available,https://images.pexels.com/photos/5185149/pexels-photo-5185149.jpeg,Premium quality SteelSeries QcK Gaming Mouse Pad - Large Cloth - Optimized For Gaming Sensors
B09R1LB1B6,"Mouse pad, Non-Slip Washable Waterproof Computer Mouse pad (Vanilla Cream)",Electronics,Unknown,8.99,9.99,,1016,FALSE,TRUE,FALSE,165,Available,https://images.pexels.com/photos/7151696/pexels-photo-7151696.jpeg,"Premium quality Mouse pad, Non-Slip Washable Waterproof Computer Mouse pad (Vanilla Cream)"
B09YTY8Q7N,"Square Mouse Pad Beautiful Flowers Plants, Personalized Premium-Textured Custom Mouse Mat Design, Washable Mousepad Lycra Cloth, Non-Slip Rubber Base Computer Mouse Pads for Wireless Mouse",Electronics,Unknown,8.99,8.99,,1357,FALSE,TRUE,FALSE,243,Available,https://images.pexels.com/photos/20510003/pexels-photo-20510003.jpeg,"Premium quality Square Mouse Pad Beautiful Flowers Plants, Personalized Premium-Textured Custom Mouse Mat Design, Washable Mousepad Lycra Cloth, Non-Slip Rubber Base Computer Mouse Pads for Wireless Mouse"
B0CDG6JH7Q,"Square Mouse Pad with Coaster, Soft Cute Computer Mouse Mat with Non-Slip Rubber Base, Easy to Slide, Splash Resistant Surface, Personalized Design, Portable, Garden Flowers",Electronics,Unknown,4.99,4.99,,391,FALSE,TRUE,FALSE,258,Available,https://images.pexels.com/photos/12029640/pexels-photo-12029640.jpeg,"Premium quality Square Mouse Pad with Coaster, Soft Cute Computer Mouse Mat with Non-Slip Rubber Base, Easy to Slide, Splash Resistant Surface, Personalized Design, Portable, Garden Flowers"
B018GFBCO8,"Kensington Duo Gel Mouse Pad with Wrist Rest, Ergonomic Mouse Pad with Wrist Support for Pain Relief, Comfortable Non-Skid Gel Mouse Pad for Computer, Laptop, Office & Home 9.6"" x 7.6"", Blue K62401AM",Electronics,Unknown,14.44,17.99,,10444,FALSE,TRUE,FALSE,196,Available,https://images.pexels.com/photos/6611936/pexels-photo-6611936.jpeg,"Premium quality Kensington Duo Gel Mouse Pad with Wrist Rest, Ergonomic Mouse Pad with Wrist Support for Pain Relief, Comfortable Non-Skid Gel Mouse Pad for Computer, Laptop, Office & Home 9.6"" x 7.6"", Blue K62401AM"
B0885FJ8CB,"Razer Gigantus v2 Cloth Gaming Mouse Pad (XXL): Thick, High-Density Foam - Non-Slip Base - Classic Black",Electronics,Unknown,26.98,29.99,,9156,FALSE,TRUE,FALSE,286,Available,https://images.pexels.com/photos/20510008/pexels-photo-20510008.jpeg,"Premium quality Razer Gigantus v2 Cloth Gaming Mouse Pad (XXL): Thick, High-Density Foam - Non-Slip Base - Classic Black"
B07D99QJRS,"MROCO Large Gaming Mouse Pad [50% Larger] with Non-Slip Rubber Base, Premium-Textured & Waterproof Mousepad with Stitched Edges, Mouse Pads for Computers, Gamer, Office & Home, 14 x 11in, Black",Electronics,Unknown,8.99,8.99,,26999,FALSE,TRUE,FALSE,82,Available,https://images.pexels.com/photos/3946013/pexels-photo-3946013.jpeg,"Premium quality MROCO Large Gaming Mouse Pad [50% Larger] with Non-Slip Rubber Base, Premium-Textured & Waterproof Mousepad with Stitched Edges, Mouse Pads for Computers, Gamer, Office & Home, 14 x 11in, Black"
B01F0XHA5E,"XXL Professional Large Mouse Pad & Computer Game Mouse Mat (35.4x15.7x0.1IN, Map) (90 * 40 Map)",Electronics,Unknown,12.98,17.99,,14755,FALSE,TRUE,FALSE,236,Available,https://images.pexels.com/photos/20510001/pexels-photo-20510001.jpeg,"Premium quality XXL Professional Large Mouse Pad & Computer Game Mouse Mat (35.4x15.7x0.1IN, Map) (90 * 40 Map)"
B0188WO9LC,"3M Precise Mouse Pad with Gel Wrist Rest, Soothing 3M Gel Technology and Satin Smooth Cover for All Day Comfort, Optical Mouse Performance and Battery Saving Design (MW85B), Extended, Black",Electronics,Unknown,28.93,30.99,,1384,FALSE,FALSE,FALSE,196,Available,https://images.pexels.com/photos/18295023/pexels-photo-18295023.jpeg,"Premium quality 3M Precise Mouse Pad with Gel Wrist Rest, Soothing 3M Gel Technology and Satin Smooth Cover for All Day Comfort, Optical Mouse Performance and Battery Saving Design (MW85B), Extended, Black"
B09DV56338,"Logitech Mouse Pad - Studio Series, Computer Mouse Mat with Anti-Slip Rubber Base, Easy Gliding, Spill-Resistant Surface, Durable Materials, Portable, in a Fresh Modern Design, Graphite",Electronics,Unknown,9.99,9.99,,11388,FALSE,FALSE,FALSE,117,Available,https://images.pexels.com/photos/7151696/pexels-photo-7151696.jpeg,"Premium quality Logitech Mouse Pad - Studio Series, Computer Mouse Mat with Anti-Slip Rubber Base, Easy Gliding, Spill-Resistant Surface, Durable Materials, Portable, in a Fresh Modern Design, Graphite"
B013WW0B5G,"Mouse Pad with Wrist Support, TECKNET Ergonomic Gaming Mouse Pad Pain Relief, Portable Comfortable Mousepad for Computer, Laptop, Office, Home and Travel, Non-Slip Base, Waterproof Surface, Black",Electronics,Unknown,7.99,10.99,,12165,FALSE,TRUE,FALSE,124,Available,https://images.pexels.com/photos/15399855/pexels-photo-15399855.jpeg,"Premium quality Mouse Pad with Wrist Support, TECKNET Ergonomic Gaming Mouse Pad Pain Relief, Portable Comfortable Mousepad for Computer, Laptop, Office, Home and Travel, Non-Slip Base, Waterproof Surface, Black"
B0BPD2Q2CH,"Mouse Pad with Wrist Support, Ergonomic Mouse Pad with Memory Foam Wrist Rest Cushion, Non-Slip Rubber Base Gaming Mice Pad for Home Office Computer Laptop, Flower Black",Electronics,Unknown,6.99,6.99,,939,FALSE,TRUE,FALSE,118,Available,https://images.pexels.com/photos/8532766/pexels-photo-8532766.jpeg,"Premium quality Mouse Pad with Wrist Support, Ergonomic Mouse Pad with Memory Foam Wrist Rest Cushion, Non-Slip Rubber Base Gaming Mice Pad for Home Office Computer Laptop, Flower Black"
B0000365QL,Fellowes Mouse Pad - Black,Electronics,Unknown,3.39,8.79,,13656,FALSE,TRUE,FALSE,25,Available,https://images.pexels.com/photos/18295023/pexels-photo-18295023.jpeg,Premium quality Fellowes Mouse Pad - Black
B01798VS4C,"Corsair MM300 - Anti-Fray Cloth Gaming - High-Performance Mouse Pad Optimized for Gaming Sensors - Designed for Maximum Control - Extended, Multi Color",Electronics,Unknown,16.99,29.99,,22200,FALSE,TRUE,FALSE,216,Available,https://images.pexels.com/photos/38006271/pexels-photo-38006271.jpeg,"Premium quality Corsair MM300 - Anti-Fray Cloth Gaming - High-Performance Mouse Pad Optimized for Gaming Sensors - Designed for Maximum Control - Extended, Multi Color"
B0CHQFBZ1M,"Pacific Sunrise at Lanikai Beach Mouse pad Customized Mousepad Non-Slip Rubber Base Mouse Pads for Computers Laptop Office Desk Accessories Mouse pad,",Electronics,Unknown,4.49,8.99,,721,FALSE,TRUE,FALSE,152,Available,https://images.pexels.com/photos/19935029/pexels-photo-19935029.jpeg,"Premium quality Pacific Sunrise at Lanikai Beach Mouse pad Customized Mousepad Non-Slip Rubber Base Mouse Pads for Computers Laptop Office Desk Accessories Mouse pad,"
B08QFB5KVS,"RGB Mousepad Led Mouse Pad, Large Mouse Pad,Led and Big Mouse mat",Electronics,Unknown,9.49,19.99,,6296,FALSE,TRUE,FALSE,278,Available,https://images.pexels.com/photos/7172697/pexels-photo-7172697.jpeg,"Premium quality RGB Mousepad Led Mouse Pad, Large Mouse Pad,Led and Big Mouse mat"
B089611QVL,"iCasso Desk Mat, Big Desk Pad, XXL Extended Gaming Mouse Pad, Large Mouse Pad for Desk Rubber Base Mousepad with Stitched Edges, Keyboard Mouse Mat for Work, Game, Office, Home - Weeds",Electronics,Unknown,18.99,20.99,,8710,FALSE,TRUE,FALSE,42,Available,https://images.pexels.com/photos/32755762/pexels-photo-32755762.jpeg,"Premium quality iCasso Desk Mat, Big Desk Pad, XXL Extended Gaming Mouse Pad, Large Mouse Pad for Desk Rubber Base Mousepad with Stitched Edges, Keyboard Mouse Mat for Work, Game, Office, Home - Weeds"
B00O1VJV9U,"3M Precise Mouse Pad with Repositionable Adhesive Backing, Battery Saving Design, 8.5 in x 7 in",Electronics,Unknown,13.69,13.69,,30,FALSE,TRUE,FALSE,72,Available,https://images.pexels.com/photos/6932748/pexels-photo-6932748.jpeg,"Premium quality 3M Precise Mouse Pad with Repositionable Adhesive Backing, Battery Saving Design, 8.5 in x 7 in"
B08JH89SVJ,Corsair MM300 PRO Premium Spill-Proof Cloth Gaming Mouse Pad – Medium - Multicolor,Electronics,Unknown,22.99,22.99,,2892,FALSE,TRUE,FALSE,184,Available,https://images.pexels.com/photos/20510001/pexels-photo-20510001.jpeg,Premium quality Corsair MM300 PRO Premium Spill-Proof Cloth Gaming Mouse Pad – Medium - Multicolor
B08JLW4KWN,"QIYI Large Mouse Pad, Cute Pink Desk Mat for Desktop, Women Girls PU Leather Waterproof Gaming, Rose Gold Marble Computer PC Laptop Protector Writing Pads for School Office Home 31.5"" x 15.7""",Electronics,Unknown,15.99,23.99,,2915,FALSE,TRUE,FALSE,221,Available,https://images.pexels.com/photos/7241679/pexels-photo-7241679.jpeg,"Premium quality QIYI Large Mouse Pad, Cute Pink Desk Mat for Desktop, Women Girls PU Leather Waterproof Gaming, Rose Gold Marble Computer PC Laptop Protector Writing Pads for School Office Home 31.5"" x 15.7"""
B00004Z5DW,Belkin Premium Mouse Pad - Desk Mat - Computer Mouse Pad - Hard Mouse Pad Surface For Control & Accuracy - Ideal Gaming Mouse Pad - For Apple & PC Mouse - Desk Pad For Regular & Home Office - Blue,Electronics,Unknown,59.99,59.99,,28363,FALSE,FALSE,FALSE,102,Available,https://images.pexels.com/photos/7151696/pexels-photo-7151696.jpeg,Premium quality Belkin Premium Mouse Pad - Desk Mat - Computer Mouse Pad - Hard Mouse Pad Surface For Control & Accuracy - Ideal Gaming Mouse Pad - For Apple & PC Mouse - Desk Pad For Regular & Home Office - Blue
B000UH9M3E,Fellowes Memory Foam Mouse Pad/Wrist Rest- Black (9176501),Electronics,Unknown,11.99,20.82,,1218,FALSE,TRUE,FALSE,164,Available,https://images.pexels.com/photos/5931186/pexels-photo-5931186.jpeg,Premium quality Fellowes Memory Foam Mouse Pad/Wrist Rest- Black (9176501)
B091FD7SSY,"YXLILI Mouse Pad, Dual-Sided PU Leather Mouse Mat, Waterproof Ultra Smooth Mousepads with Stitched Edge Computer Mouse Pads for Gaming Office Work Home",Electronics,Unknown,2.49,4.99,,2037,FALSE,TRUE,FALSE,104,Available,https://images.pexels.com/photos/6932748/pexels-photo-6932748.jpeg,"Premium quality YXLILI Mouse Pad, Dual-Sided PU Leather Mouse Mat, Waterproof Ultra Smooth Mousepads with Stitched Edge Computer Mouse Pads for Gaming Office Work Home"
B08GHX29XM,"Razer Pro Glide Soft Mouse Mat: Thick, High-Density Rubber Foam - Textured Micro-Weave Cloth Surface - Anti-Slip Base - Medium Size",Electronics,Unknown,11.99,11.99,,1231,FALSE,TRUE,FALSE,97,Available,https://images.pexels.com/photos/20510001/pexels-photo-20510001.jpeg,"Premium quality Razer Pro Glide Soft Mouse Mat: Thick, High-Density Rubber Foam - Textured Micro-Weave Cloth Surface - Anti-Slip Base - Medium Size"
B08FRPWMMQ,"Mr. Pen- Mouse Pad, 12.5""x10.5"", 2 Pack, Mouse Pads for Wireless Mouse, Mouse Pad Gaming, Computer Mouse Pad, Mouse Pad for Laptop, Gamer Mouse Pad, Pad Mouse, Mouse Pad for Gaming, Laptop Mouse Pad",Electronics,Unknown,3.99,4.95,,2936,FALSE,TRUE,FALSE,20,Available,https://images.pexels.com/photos/265144/pexels-photo-265144.jpeg,"Premium quality Mr. Pen- Mouse Pad, 12.5""x10.5"", 2 Pack, Mouse Pads for Wireless Mouse, Mouse Pad Gaming, Computer Mouse Pad, Mouse Pad for Laptop, Gamer Mouse Pad, Pad Mouse, Mouse Pad for Gaming, Laptop Mouse Pad"
B09CT5T8J2,"Ergonomic Mouse Pad with Wrist Support Rest,[ 20% Larger] Mousepad Gel Wrist Rest, with Coaster Non-Slip & Pain Relief for Computer, Desk, Home&Office-Beach",Electronics,Unknown,8.99,12.99,,3724,FALSE,TRUE,FALSE,70,Available,https://images.pexels.com/photos/5931186/pexels-photo-5931186.jpeg,"Premium quality Ergonomic Mouse Pad with Wrist Support Rest,[ 20% Larger] Mousepad Gel Wrist Rest, with Coaster Non-Slip & Pain Relief for Computer, Desk, Home&Office-Beach"
B0993F2BTB,"Inspirational Quote Mouse Pad, Stay Positive Work Hard and Make It Happen Motivational Pad for Women, Square Waterproof Non-Slip Rubber Base MousePads Office Laptop",Electronics,Unknown,8.89,12.99,,3109,FALSE,TRUE,FALSE,192,Available,https://images.pexels.com/photos/19935029/pexels-photo-19935029.jpeg,"Premium quality Inspirational Quote Mouse Pad, Stay Positive Work Hard and Make It Happen Motivational Pad for Women, Square Waterproof Non-Slip Rubber Base MousePads Office Laptop"
B01G5ATZAE,ASUS ROG Sheath Extended Gaming Mouse Pad - Ultra-Smooth Surface for Pixel-Precise Mouse Control | Durable Anti-Fray Stitching | Non-Slip Rubber Base | Light & Portable,Electronics,Unknown,29.99,29.99,,2180,FALSE,TRUE,FALSE,224,Available,https://images.pexels.com/photos/3946013/pexels-photo-3946013.jpeg,Premium quality ASUS ROG Sheath Extended Gaming Mouse Pad - Ultra-Smooth Surface for Pixel-Precise Mouse Control | Durable Anti-Fray Stitching | Non-Slip Rubber Base | Light & Portable
B09Q81J77H,"Gimars RGB Gaming Mouse Pad,15W Wireless Charging Mousepad with 10 Light Modes, Large Mousepad with Premium Smooth Surface, Non-Slip Mouse Mat for Gaming, Desk, PC,Office, 31.5x11.8x0.16inch",Electronics,Unknown,28.99,32.99,,1334,FALSE,TRUE,FALSE,279,Available,https://images.pexels.com/photos/5931186/pexels-photo-5931186.jpeg,"Premium quality Gimars RGB Gaming Mouse Pad,15W Wireless Charging Mousepad with 10 Light Modes, Large Mousepad with Premium Smooth Surface, Non-Slip Mouse Mat for Gaming, Desk, PC,Office, 31.5x11.8x0.16inch"
B0BPY4ZQXG,"MX Anywhere 3S Compact Wireless Mouse, Fast Scrolling, 8K DPI Any-Surface Tracking, Quiet Clicks, Programmable Buttons, USB C, Bluetooth, Windows PC, Linux, Chrome, Mac - Graphite",Electronics,Logitech,79.99,79.99,,1108,FALSE,TRUE,FALSE,53,Available,https://images.pexels.com/photos/18295023/pexels-photo-18295023.jpeg,"Premium quality MX Anywhere 3S Compact Wireless Mouse, Fast Scrolling, 8K DPI Any-Surface Tracking, Quiet Clicks, Programmable Buttons, USB C, Bluetooth, Windows PC, Linux, Chrome, Mac - Graphite"
B0CPSPN896,"Signature M550 Wireless Mouse - For Small to Medium Sized Hands, 2-Year Battery, Silent Clicks, Bluetooth, Multi-Device Compatibility - Rose",Electronics,Logitech,24.85,29.99,,1167,FALSE,TRUE,FALSE,114,Available,https://images.pexels.com/photos/13870513/pexels-photo-13870513.jpeg,"Premium quality Signature M550 Wireless Mouse - For Small to Medium Sized Hands, 2-Year Battery, Silent Clicks, Bluetooth, Multi-Device Compatibility - Rose"
B09HMV6K1W,"MX Master 3S for Mac - Wireless Bluetooth Mouse with Ultra-Fast Scrolling, Ergo, 8K DPI, Quiet Clicks, Track on Glass, Customization, USB-C, Apple, iPad - Space Grey",Electronics,Logitech,99.99,99.99,,5930,FALSE,TRUE,FALSE,91,Available,https://images.pexels.com/photos/346765/pexels-photo-346765.jpeg,"Premium quality MX Master 3S for Mac - Wireless Bluetooth Mouse with Ultra-Fast Scrolling, Ergo, 8K DPI, Quiet Clicks, Track on Glass, Customization, USB-C, Apple, iPad - Space Grey"
B0BXBC26X8,Basilisk V3 X HyperSpeed Wireless Gaming Mouse: Up to 285 Hr Battery - 18K Optical Sensor - Mechanical Switches - Chroma RGB - 9 Programmable Controls - Black,Electronics,Razer,49,69.99,,539,FALSE,TRUE,FALSE,58,Available,https://images.pexels.com/photos/9161032/pexels-photo-9161032.jpeg,Premium quality Basilisk V3 X HyperSpeed Wireless Gaming Mouse: Up to 285 Hr Battery - 18K Optical Sensor - Mechanical Switches - Chroma RGB - 9 Programmable Controls - Black
B0CW25XR5R,"Viper V3 Pro Wireless Gaming Mouse: 54g Lightweight - 8K Polling - 35,000 DPI Optical Sensor with Advanced Features - Gen-3 Optical Switches - 8 Programmable Controls - USB C Charging - Black",Electronics,Razer,159.59,159.59,,425,FALSE,TRUE,FALSE,173,Available,https://images.pexels.com/photos/20510001/pexels-photo-20510001.jpeg,"Premium quality Viper V3 Pro Wireless Gaming Mouse: 54g Lightweight - 8K Polling - 35,000 DPI Optical Sensor with Advanced Features - Gen-3 Optical Switches - 8 Programmable Controls - USB C Charging - Black"
B0BGJTLFN5,"Naga V2 Pro Wireless Gaming Mouse: Interchangeable Side Plate w/ 2, 6, 12 Button Configurations - Focus+ 20K DPI Optical Sensor - Fastest Gaming Mouse Switch - Chroma RGB Lighting",Electronics,Razer,175.59,175.59,,862,FALSE,TRUE,FALSE,269,Available,https://images.pexels.com/photos/7172697/pexels-photo-7172697.jpeg,"Premium quality Naga V2 Pro Wireless Gaming Mouse: Interchangeable Side Plate w/ 2, 6, 12 Button Configurations - Focus+ 20K DPI Optical Sensor - Fastest Gaming Mouse Switch - Chroma RGB Lighting"
B0B6Y3XYFG,Basilisk V3 Pro Wireless Gaming Mouse: HyperScroll Tilt Wheel - 30K DPI Optical Sensor - Gen-3 Optical Switches - 13-Zone Chroma RGB - 13 Programmable Controls - 3 Connection Modes - Black,Electronics,Razer,115,159.99,,1017,FALSE,TRUE,FALSE,181,Available,https://images.pexels.com/photos/3946013/pexels-photo-3946013.jpeg,Premium quality Basilisk V3 Pro Wireless Gaming Mouse: HyperScroll Tilt Wheel - 30K DPI Optical Sensor - Gen-3 Optical Switches - 13-Zone Chroma RGB - 13 Programmable Controls - 3 Connection Modes - Black
B07F816PH9,"Mamba Elite Wired Gaming Mouse: 16,000 DPI Optical Sensor - Chroma RGB Lighting - 9 Programmable Buttons - Mechanical Switches",Electronics,Razer,57,89.99,,20723,FALSE,TRUE,FALSE,137,Available,https://images.pexels.com/photos/7240351/pexels-photo-7240351.jpeg,"Premium quality Mamba Elite Wired Gaming Mouse: 16,000 DPI Optical Sensor - Chroma RGB Lighting - 9 Programmable Buttons - Mechanical Switches"
B09TG6KG2T,Viper Ultimate Lightweight Wireless Gaming Mouse & RGB Charging Dock: Hyperspeed Wireless Technology - 20K DPI Optical Sensor - 74g Lightweight - 70 Hr Battery - Mercury White,Electronics,Razer,99.99,149.99,,16524,FALSE,TRUE,FALSE,278,Available,https://images.pexels.com/photos/16645416/pexels-photo-16645416.jpeg,Premium quality Viper Ultimate Lightweight Wireless Gaming Mouse & RGB Charging Dock: Hyperspeed Wireless Technology - 20K DPI Optical Sensor - 74g Lightweight - 70 Hr Battery - Mercury White
B0DG837JYP,Basilisk V3 Pro 35K Wireless Gaming Mouse: HyperScroll Tilt Wheel - 35K DPI Optical Sensor Gen 2-13 Customizable Controls - Chroma RGB - Optical Switches Gen 3 - Up to 140 Hr Battery - Black,Electronics,Razer,159.99,159.99,,24,FALSE,TRUE,TRUE,287,Available,https://images.pexels.com/photos/18295023/pexels-photo-18295023.jpeg,Premium quality Basilisk V3 Pro 35K Wireless Gaming Mouse: HyperScroll Tilt Wheel - 35K DPI Optical Sensor Gen 2-13 Customizable Controls - Chroma RGB - Optical Switches Gen 3 - Up to 140 Hr Battery - Black
B09GK3LTVC,DeathAdder V2 X HyperSpeed: Award-Winning Ergonomic Design - Ultra-Fast Wireless - 235hr Battery Life - 7 Programmable Buttons - Gen 2 Mechanical Switches - 5G 14K DPI Optical Sensor,Other,Razer,59.99,59.99,,18334,FALSE,TRUE,FALSE,73,Available,https://images.pexels.com/photos/3946013/pexels-photo-3946013.jpeg,Premium quality DeathAdder V2 X HyperSpeed: Award-Winning Ergonomic Design - Ultra-Fast Wireless - 235hr Battery Life - 7 Programmable Buttons - Gen 2 Mechanical Switches - 5G 14K DPI Optical Sensor
B0CF4DJM7F,Viper V3 HyperSpeed Wireless Esports Gaming Mouse: 82g Lightweight - Up to 280 Hr Battery - 30K DPI Optical Sensor - Gen-2 Mechanical Switches - 8 Programmable Controls - Classic Black,Electronics,Razer,62.63,69.99,,271,FALSE,TRUE,FALSE,255,Available,https://images.pexels.com/photos/13870516/pexels-photo-13870516.jpeg,Premium quality Viper V3 HyperSpeed Wireless Esports Gaming Mouse: 82g Lightweight - Up to 280 Hr Battery - 30K DPI Optical Sensor - Gen-2 Mechanical Switches - 8 Programmable Controls - Classic Black
B0B6XTDJS1,DeathAdder V3 Wired Gaming Mouse: 59g Ultra Lightweight - Focus Pro 30K Optical Sensor - Fast Optical Switches Gen-3-8K Hz HyperPolling-6 Programmable Buttons -Ergonomic -Speedflex Cable- Black,Electronics,Razer,59.99,69.99,,978,FALSE,TRUE,FALSE,241,Available,https://images.pexels.com/photos/20510001/pexels-photo-20510001.jpeg,Premium quality DeathAdder V3 Wired Gaming Mouse: 59g Ultra Lightweight - Focus Pro 30K Optical Sensor - Fast Optical Switches Gen-3-8K Hz HyperPolling-6 Programmable Buttons -Ergonomic -Speedflex Cable- Black
B097F8H1MC,Basilisk V3 - Ergonomic Wired Gaming Mouse,Electronics,Razer,43.99,43.99,,9225,FALSE,TRUE,FALSE,270,Available,https://images.pexels.com/photos/20510008/pexels-photo-20510008.jpeg,Premium quality Basilisk V3 - Ergonomic Wired Gaming Mouse
B0C51J2ZXN,"Cobra Gaming Mouse: 58g, Gen-3 Optical Switches, Chroma RGB Lighting, 8500 DPI Sensor, PTFE Feet, Speedflex Cable - Black",Electronics,Razer,39.99,39.99,,1014,FALSE,TRUE,FALSE,131,Available,https://images.pexels.com/photos/6932748/pexels-photo-6932748.jpeg,"Premium quality Cobra Gaming Mouse: 58g, Gen-3 Optical Switches, Chroma RGB Lighting, 8500 DPI Sensor, PTFE Feet, Speedflex Cable - Black"
B08D27XXRY,"Naga Pro Wireless Gaming Mouse: Interchangeable Side Plate w/ 2, 6, 12 Button Configurations - Focus+ 20K DPI Optical Sensor - Fastest Gaming Mouse Switch - Chroma RGB Lighting",Electronics,Razer,167.28,167.28,,3936,FALSE,TRUE,FALSE,274,Available,https://images.pexels.com/photos/12029640/pexels-photo-12029640.jpeg,"Premium quality Naga Pro Wireless Gaming Mouse: Interchangeable Side Plate w/ 2, 6, 12 Button Configurations - Focus+ 20K DPI Optical Sensor - Fastest Gaming Mouse Switch - Chroma RGB Lighting"
B0B6Y52YXB,DeathAdder V3 Pro Wireless Gaming Mouse: 64g Lightweight Ergonomic - 30K DPI Optical Sensor - Gen-3 Optical Switches - 8 Programmable Controls - Up to 90 Hr Battery - White,Electronics,Razer,120,149.99,,1594,FALSE,TRUE,FALSE,226,Available,https://images.pexels.com/photos/15601241/pexels-photo-15601241.jpeg,Premium quality DeathAdder V3 Pro Wireless Gaming Mouse: 64g Lightweight Ergonomic - 30K DPI Optical Sensor - Gen-3 Optical Switches - 8 Programmable Controls - Up to 90 Hr Battery - White
B082LRMY53,"SCIMITAR RGB ELITE Gaming Mouse For MOBA, MMO - 18,000 DPI - 17 Progammable Buttons - iCUE Compatible - Black",Electronics,Corsair,58.99,79.99,,3564,FALSE,TRUE,TRUE,248,Available,https://images.pexels.com/photos/13870513/pexels-photo-13870513.jpeg,"Premium quality SCIMITAR RGB ELITE Gaming Mouse For MOBA, MMO - 18,000 DPI - 17 Progammable Buttons - iCUE Compatible - Black"
B09CXQZMHG,"M65 RGB Ultra Tunable FPS Gaming Mouse Marksman 26,000 DPI Optical Sensor, Optical Switches, AXON Hyper-Processing Technology, Sensor Fusion Control, Tunable Weight System - Black",Electronics,Corsair,69.99,79.99,,721,FALSE,TRUE,FALSE,85,Available,https://images.pexels.com/photos/20510003/pexels-photo-20510003.jpeg,"Premium quality M65 RGB Ultra Tunable FPS Gaming Mouse Marksman 26,000 DPI Optical Sensor, Optical Switches, AXON Hyper-Processing Technology, Sensor Fusion Control, Tunable Weight System - Black"
B07QX9C9WH,"NIGHTSWORD RGB Gaming Mouse For FPS, MOBA - 18,000 DPI - 10 Programmable Buttons - Weight System - iCUE Compatible - Black",Electronics,Corsair,78.12,89.99,,5860,FALSE,TRUE,FALSE,94,Available,https://images.pexels.com/photos/18295023/pexels-photo-18295023.jpeg,"Premium quality NIGHTSWORD RGB Gaming Mouse For FPS, MOBA - 18,000 DPI - 10 Programmable Buttons - Weight System - iCUE Compatible - Black"
B082LVNHW9,"Dark Core RGB Pro, Wireless FPS/MOBA Gaming optical Mouse with SLIPSTREAM Technology, Black, Backlit RGB LED, 18000 DPI, Optical,CH-9315411-NA",Electronics,Corsair,75.12,89.99,,2459,FALSE,TRUE,FALSE,122,Available,https://images.pexels.com/photos/5185149/pexels-photo-5185149.jpeg,"Premium quality Dark Core RGB Pro, Wireless FPS/MOBA Gaming optical Mouse with SLIPSTREAM Technology, Black, Backlit RGB LED, 18000 DPI, Optical,CH-9315411-NA"
B07KQWR72Z,"HARPOON WIRELESS RGB Gaming Mouse - 10,000 DPI - 6 Programmable Buttons - Lightweight - Bluetooth - USB - Black",Electronics,Corsair,59.99,59.99,,4688,FALSE,TRUE,FALSE,211,Available,https://images.pexels.com/photos/7172697/pexels-photo-7172697.jpeg,"Premium quality HARPOON WIRELESS RGB Gaming Mouse - 10,000 DPI - 6 Programmable Buttons - Lightweight - Bluetooth - USB - Black"
B07Q424WFW,"IRONCLAW WIRELESS RGB Rechargeable Gaming Mouse with Slipstream Technology - 18,000 DPI - 3-Zone RGB Multi-Color Backlighting - Black",Electronics,Corsair,68.11,79.99,,4322,FALSE,TRUE,FALSE,271,Available,https://images.pexels.com/photos/12029640/pexels-photo-12029640.jpeg,"Premium quality IRONCLAW WIRELESS RGB Rechargeable Gaming Mouse with Slipstream Technology - 18,000 DPI - 3-Zone RGB Multi-Color Backlighting - Black"
B08W2J9JZ9,"SABRE RGB PRO CHAMPION SERIES FPS/MOBA Gaming Mouse - Ergonomic Shape for Esports and Competitive Play - Ultra-Lightweight 74g - Flexible Paracord Cable,Black",Electronics,Corsair,50.18,59.99,,1150,FALSE,TRUE,FALSE,245,Available,https://images.pexels.com/photos/7151696/pexels-photo-7151696.jpeg,"Premium quality SABRE RGB PRO CHAMPION SERIES FPS/MOBA Gaming Mouse - Ergonomic Shape for Esports and Competitive Play - Ultra-Lightweight 74g - Flexible Paracord Cable,Black"
B08SHCKVTG,"Katar Pro XT Ultra-Light Gaming Mouse- 18k DPI PixArt Optical Sensor- RGB Scroll Wheel Lighting- 6 Programmable Buttons- Lightweight Paracord Cable,Black",Electronics,Corsair,34.99,34.99,,959,FALSE,TRUE,FALSE,117,Available,https://images.pexels.com/photos/20510001/pexels-photo-20510001.jpeg,"Premium quality Katar Pro XT Ultra-Light Gaming Mouse- 18k DPI PixArt Optical Sensor- RGB Scroll Wheel Lighting- 6 Programmable Buttons- Lightweight Paracord Cable,Black"
B07VFSP226,M55 RGB PRO Multi-Grip Gamer Mouse with Ambidextrous Design Black - CH-9308011-NA,Electronics,Corsair,39.99,39.99,,603,FALSE,TRUE,FALSE,268,Available,https://images.pexels.com/photos/9161032/pexels-photo-9161032.jpeg,Premium quality M55 RGB PRO Multi-Grip Gamer Mouse with Ambidextrous Design Black - CH-9308011-NA
B0CTN2SRTH,"M75 Wireless RGB Lightweight FPS Gaming Mouse – 26,000 DPI – Swappable Side Buttons – iCUE Compatible – PC – White",Electronics,Corsair,129.99,129.99,,76,FALSE,TRUE,FALSE,185,Available,https://images.pexels.com/photos/6932748/pexels-photo-6932748.jpeg,"Premium quality M75 Wireless RGB Lightweight FPS Gaming Mouse – 26,000 DPI – Swappable Side Buttons – iCUE Compatible – PC – White"
B082LVNJ4W,"Dark Core RGB Pro SE, FPS/MOBA Gaming Mouse with SLIPSTREAM Technology, Black, Backlit RGB LED, 18000 DPI, Optical, Qi wireless charging certified",Electronics,Corsair,99.99,99.99,,2258,FALSE,TRUE,FALSE,49,Available,https://images.pexels.com/photos/20510003/pexels-photo-20510003.jpeg,"Premium quality Dark Core RGB Pro SE, FPS/MOBA Gaming Mouse with SLIPSTREAM Technology, Black, Backlit RGB LED, 18000 DPI, Optical, Qi wireless charging certified"
B01MU3DZYN,"Scimitar Pro RGB - MMO Gaming Mouse - 16,000 DPI Optical Sensor - 12 Programmable Side Buttons - Black",Electronics,Corsair,59.99,59.99,,4607,FALSE,FALSE,FALSE,266,Available,https://images.pexels.com/photos/6932748/pexels-photo-6932748.jpeg,"Premium quality Scimitar Pro RGB - MMO Gaming Mouse - 16,000 DPI Optical Sensor - 12 Programmable Side Buttons - Black"
B0BGSGBB9F,"KATAR Elite Wireless Gaming Mouse - Ultra Lightweight, Marksman 26,000 DPI Optical Sensor, Sub-1ms Slipstream Wireless Connection, Up to 110 Hours of Rechargeable Battery Life - Black",Electronics,Corsair,42.9,79.99,,151,FALSE,TRUE,FALSE,125,Available,https://images.pexels.com/photos/12029640/pexels-photo-12029640.jpeg,"Premium quality KATAR Elite Wireless Gaming Mouse - Ultra Lightweight, Marksman 26,000 DPI Optical Sensor, Sub-1ms Slipstream Wireless Connection, Up to 110 Hours of Rechargeable Battery Life - Black"
B0D9M58Y1T,"M55 Wireless Lightweight FPS Gaming Mouse – 2.4GHz & Bluetooth – 24,000 DPI – Long-Lasting Battery Life – Six Programmable Buttons – Textured Side Grips – Black",Electronics,Corsair,49.99,49.99,,1767,FALSE,TRUE,TRUE,70,Available,https://images.pexels.com/photos/20510001/pexels-photo-20510001.jpeg,"Premium quality M55 Wireless Lightweight FPS Gaming Mouse – 2.4GHz & Bluetooth – 24,000 DPI – Long-Lasting Battery Life – Six Programmable Buttons – Textured Side Grips – Black"
B08176SM7C,"Rival 3 Gaming Mouse - 8,500 CPI TrueMove Core Optical Sensor - 6 Programmable Buttons - Split Trigger Buttons - Brilliant Prism RGB Lighting, Ergonomic, Black",Electronics,SteelSeries,20.99,29.99,,9350,FALSE,TRUE,TRUE,100,Available,https://images.pexels.com/photos/20510001/pexels-photo-20510001.jpeg,"Premium quality Rival 3 Gaming Mouse - 8,500 CPI TrueMove Core Optical Sensor - 6 Programmable Buttons - Split Trigger Buttons - Brilliant Prism RGB Lighting, Ergonomic, Black"
B09VNTCZZN,Aerox 5 - Holey RGB Gaming Mouse - Ultra-lightweight Water Resistant Design - 18K DPI TrueMove Air Optical Sensor,Electronics,SteelSeries,72.51,79.99,,1131,FALSE,TRUE,FALSE,152,Available,https://images.pexels.com/photos/20510008/pexels-photo-20510008.jpeg,Premium quality Aerox 5 - Holey RGB Gaming Mouse - Ultra-lightweight Water Resistant Design - 18K DPI TrueMove Air Optical Sensor
B07HCXFQ8P,"Rival 650 Quantum Wireless Gaming Mouse - Rapid Charging, 12,000 Cpi Dual Sensor, 256 Weight Configs, 8 Zone RGB Lighting",Electronics,SteelSeries,63.99,89.99,,2168,FALSE,TRUE,FALSE,157,Available,https://images.pexels.com/photos/7240351/pexels-photo-7240351.jpeg,"Premium quality Rival 650 Quantum Wireless Gaming Mouse - Rapid Charging, 12,000 Cpi Dual Sensor, 256 Weight Configs, 8 Zone RGB Lighting"
B09VNPB6Q1,Aerox 9 Wireless - Holey RGB Gaming Mouse - Ultra-lightweight Water Resistant Design - 18 Buttons – Bluetooth/2.4 GHz - 18K DPI TrueMove Air Optical Sensor,Electronics,SteelSeries,109.99,149.99,,946,FALSE,TRUE,FALSE,203,Available,https://images.pexels.com/photos/12029640/pexels-photo-12029640.jpeg,Premium quality Aerox 9 Wireless - Holey RGB Gaming Mouse - Ultra-lightweight Water Resistant Design - 18 Buttons – Bluetooth/2.4 GHz - 18K DPI TrueMove Air Optical Sensor
B0966V1GPG,Aerox 3 Wireless - Holey RGB Gaming Mouse - Ultra-lightweight Water Resistant Design - 18K DPI TrueMove Air Optical Sensor -Snow,Electronics,SteelSeries,72,99.99,,1911,FALSE,TRUE,FALSE,292,Available,https://images.pexels.com/photos/13870516/pexels-photo-13870516.jpeg,Premium quality Aerox 3 Wireless - Holey RGB Gaming Mouse - Ultra-lightweight Water Resistant Design - 18K DPI TrueMove Air Optical Sensor -Snow
B08GDDZML8,"Rival 3 62521 Wireless Gaming Optical Mouse, Matte Black",Electronics,SteelSeries,27.62,49.99,,27,FALSE,TRUE,FALSE,88,Available,https://images.pexels.com/photos/20510003/pexels-photo-20510003.jpeg,"Premium quality Rival 3 62521 Wireless Gaming Optical Mouse, Matte Black"
B078W926JQ,"Rival 600 - Gaming Mouse - 12,000 CPI TrueMove3+ Dual Optical Sensor - 0.05 Lift-Off Distance - Weight System,Black",Electronics,SteelSeries,39.99,45.77,,4033,FALSE,TRUE,FALSE,53,Available,https://images.pexels.com/photos/7151696/pexels-photo-7151696.jpeg,"Premium quality Rival 600 - Gaming Mouse - 12,000 CPI TrueMove3+ Dual Optical Sensor - 0.05 Lift-Off Distance - Weight System,Black"
B09CHD9TPX,Aerox 3 Wireless - Holey RGB Gaming Mouse - 18K DPI TrueMove Air Optical Sensor - Ultra-Lightweight Water Resistant Design - Ghost,Electronics,SteelSeries,71.99,99.99,,344,FALSE,TRUE,FALSE,281,Available,https://images.pexels.com/photos/6932748/pexels-photo-6932748.jpeg,Premium quality Aerox 3 Wireless - Holey RGB Gaming Mouse - 18K DPI TrueMove Air Optical Sensor - Ultra-Lightweight Water Resistant Design - Ghost
B093LSC9KY,Esports FPS Gaming Mouse – Ultra Lightweight 69g – Prime Edition – 5 Programmable Buttons – 18K CPI TrueMove Pro Sensor – Magnetic Optical Switches – Customization - RGB Lighting – PC/Mac,Electronics,SteelSeries,16.95,17.95,,1090,FALSE,TRUE,FALSE,72,Available,https://images.pexels.com/photos/17484878/pexels-photo-17484878.jpeg,Premium quality Esports FPS Gaming Mouse – Ultra Lightweight 69g – Prime Edition – 5 Programmable Buttons – 18K CPI TrueMove Pro Sensor – Magnetic Optical Switches – Customization - RGB Lighting – PC/Mac
B078LJ6RPK,"Rival 600 Gaming Mouse - 12,000 CPI TrueMove3Plus Dual Optical Sensor - 0.5 Lift-off Distance - Weight System - RGB Lighting,black",Electronics,SteelSeries,41.99,59.99,,4887,FALSE,TRUE,FALSE,224,Available,https://images.pexels.com/photos/20510008/pexels-photo-20510008.jpeg,"Premium quality Rival 600 Gaming Mouse - 12,000 CPI TrueMove3Plus Dual Optical Sensor - 0.5 Lift-off Distance - Weight System - RGB Lighting,black"
B07G1WSLYR,"Rival 710 Gaming Mouse - 16,000 CPI TrueMove3 Optical Sensor - OLED Display - Tactile Alerts - RGB Lighting, Black",Electronics,SteelSeries,92.89,99.99,,883,FALSE,TRUE,FALSE,145,Available,https://images.pexels.com/photos/7240351/pexels-photo-7240351.jpeg,"Premium quality Rival 710 Gaming Mouse - 16,000 CPI TrueMove3 Optical Sensor - OLED Display - Tactile Alerts - RGB Lighting, Black"
B0DCXGFGH2,Aerox 9 Wireless: World of Warcraft Edition — Free in-Game Item — MMO Gaming Mouse — 18 Programmable Buttons — Lightweight — Bluetooth/2.4GHz — 18K DPI TrueMove Air Sensor,Electronics,SteelSeries,159.99,159.99,,24,FALSE,TRUE,FALSE,254,Available,https://images.pexels.com/photos/3946013/pexels-photo-3946013.jpeg,Premium quality Aerox 9 Wireless: World of Warcraft Edition — Free in-Game Item — MMO Gaming Mouse — 18 Programmable Buttons — Lightweight — Bluetooth/2.4GHz — 18K DPI TrueMove Air Sensor
B073WGB8G6,"Sensei 310 Gaming Mouse - 12,000 CPI TrueMove3 Optical Sensor - Ambidextrous Design - Split-Trigger Buttons - RGB Lighting, Black",Electronics,SteelSeries,69.89,69.89,,5936,FALSE,TRUE,FALSE,62,Available,https://images.pexels.com/photos/15601241/pexels-photo-15601241.jpeg,"Premium quality Sensei 310 Gaming Mouse - 12,000 CPI TrueMove3 Optical Sensor - Ambidextrous Design - Split-Trigger Buttons - RGB Lighting, Black"
B0966VYKG3,"Aerox 3 - Holey RGB Gaming Mouse - Ultra-lightweight Water Resistant Design - 8,500 DPI TrueMove Core Optical Sensor - Snow",Electronics,SteelSeries,47.8,59.99,,745,FALSE,TRUE,FALSE,259,Available,https://images.pexels.com/photos/7151696/pexels-photo-7151696.jpeg,"Premium quality Aerox 3 - Holey RGB Gaming Mouse - Ultra-lightweight Water Resistant Design - 8,500 DPI TrueMove Core Optical Sensor - Snow"
B00BALXTGA,Sensei Laser Gaming Mouse [RAW] Frost Blue Edition,Electronics,SteelSeries,64.95,64.95,,2011,FALSE,TRUE,FALSE,130,Available,https://images.pexels.com/photos/6932748/pexels-photo-6932748.jpeg,Premium quality Sensei Laser Gaming Mouse [RAW] Frost Blue Edition
B0DG5SW7F4,"TECKNET Ergonomic Mouse, Wireless Bluetooth Vertical Mouse, 4800 DPI Silent Mouse with 6 Adjustable DPI Levels, 2.4GHz Optical Mouse, 6 Buttons Wireless Mouse for Laptop, Desktop, PC, MacBook",Electronics,Unknown,26.99,26.99,,10356,FALSE,TRUE,FALSE,268,Available,https://images.pexels.com/photos/6893890/pexels-photo-6893890.jpeg,"Premium quality TECKNET Ergonomic Mouse, Wireless Bluetooth Vertical Mouse, 4800 DPI Silent Mouse with 6 Adjustable DPI Levels, 2.4GHz Optical Mouse, 6 Buttons Wireless Mouse for Laptop, Desktop, PC, MacBook"
B0DC6JYJ9J,"Nulea MD280 Ergonomic Vertical Wireless Mouse - Bluetooth & 2.4G Dual Mode, 4 Adjustable DPI 800/1200/1600/2400, Rechargeable, Silent Clicks, No Lag, 6 Buttons - Perfect for Laptop, Desktop Black",Electronics,Unknown,19.99,21.99,,295,FALSE,TRUE,TRUE,170,Available,https://images.pexels.com/photos/7241679/pexels-photo-7241679.jpeg,"Premium quality Nulea MD280 Ergonomic Vertical Wireless Mouse - Bluetooth & 2.4G Dual Mode, 4 Adjustable DPI 800/1200/1600/2400, Rechargeable, Silent Clicks, No Lag, 6 Buttons - Perfect for Laptop, Desktop Black"
B09DY2T2NZ,"ECHTPower Wireless Bluetooth Mouse, Ergonomic Mouse with LED Light, Tri-Mode BT5.0+BT5.0+2.4GHz, Vertical Mouse Adjustable DPI 2400/1600/1000, Rechargeable Mice for PC, Laptop, Mac, Windows",Electronics,Unknown,25.99,29.99,,7515,FALSE,TRUE,FALSE,202,Available,https://images.pexels.com/photos/3747070/pexels-photo-3747070.jpeg,"Premium quality ECHTPower Wireless Bluetooth Mouse, Ergonomic Mouse with LED Light, Tri-Mode BT5.0+BT5.0+2.4GHz, Vertical Mouse Adjustable DPI 2400/1600/1000, Rechargeable Mice for PC, Laptop, Mac, Windows"
B0D3G42HMX,"55° Wireless Ergonomic Mouse, Rechargeable Ergo Vertical Mouse, OLED Screen, Quiet Click, Wired/Bluetooth / 2.4GHz, 5 Adijustable DPI 800-6400 for Laptop, PC, Desktop, Computer - White",Electronics,Unknown,24.99,24.99,,56,FALSE,TRUE,FALSE,114,Available,https://images.pexels.com/photos/1604025/pexels-photo-1604025.jpeg,"Premium quality 55° Wireless Ergonomic Mouse, Rechargeable Ergo Vertical Mouse, OLED Screen, Quiet Click, Wired/Bluetooth / 2.4GHz, 5 Adijustable DPI 800-6400 for Laptop, PC, Desktop, Computer - White"
B0D1J9B7PV,"TECKNET Ergonomic Mouse, Rechargeable Vertical Ergo Mouse Wireless, Silent 2.4GHz 6 Buttons Optical Carpal Tunnel Mouse, 5 Adjustment Levels, Up to 4800DPI Wireless Mouse for Laptop, Desktop, PC",Electronics,Unknown,24.99,29.99,,1621,FALSE,TRUE,FALSE,27,Available,https://images.pexels.com/photos/15940010/pexels-photo-15940010.jpeg,"Premium quality TECKNET Ergonomic Mouse, Rechargeable Vertical Ergo Mouse Wireless, Silent 2.4GHz 6 Buttons Optical Carpal Tunnel Mouse, 5 Adjustment Levels, Up to 4800DPI Wireless Mouse for Laptop, Desktop, PC"
B0B1WR5K89,"Nulea M504 Wired Vertical Mouse, USB Ergonomic Optical Mouse with 4 Adjustable DPI, 11 RGB Backlight Modes, Compatible for Laptop, PC, Desktop, Mac, Grey",Electronics,Unknown,16.99,19.99,,1405,FALSE,TRUE,FALSE,203,Available,https://images.pexels.com/photos/29249664/pexels-photo-29249664.jpeg,"Premium quality Nulea M504 Wired Vertical Mouse, USB Ergonomic Optical Mouse with 4 Adjustable DPI, 11 RGB Backlight Modes, Compatible for Laptop, PC, Desktop, Mac, Grey"
B07K1JK4VB,"logitech MX Vertical Advanced Ergonomic Mouse, Wireless via Bluetooth or Included USB Receiver (Renewed)",Electronics,Unknown,69.99,76.1,,1021,FALSE,TRUE,FALSE,214,Available,https://images.pexels.com/photos/3946013/pexels-photo-3946013.jpeg,"Premium quality logitech MX Vertical Advanced Ergonomic Mouse, Wireless via Bluetooth or Included USB Receiver (Renewed)"
B00GSL4SMQ,"Contour Design Palm Support - Wrist Rest Designed for RollerMouse Red Plus - 2.25"" Extra Hand and Wrist Support for Mouse Use - Ergonomic Support to Help Reduce Strain and Fatigue",Electronics,Unknown,49,49,,12,FALSE,FALSE,FALSE,214,Available,https://images.pexels.com/photos/38006271/pexels-photo-38006271.jpeg,"Premium quality Contour Design Palm Support - Wrist Rest Designed for RollerMouse Red Plus - 2.25"" Extra Hand and Wrist Support for Mouse Use - Ergonomic Support to Help Reduce Strain and Fatigue"
B0D4CCDLTW,"G JGOO Ergonomic Mouse Pad with Wrist Rest, Gel Keyboard Wrist Rest and Coaster, Non-Slip PU Base Easy Typing and Relief Wrist Pain, Mouse Pad with Wrist Support for Home, Office, Game - Green",Electronics,Unknown,18.99,18.99,,43,FALSE,FALSE,FALSE,174,Available,https://images.pexels.com/photos/34877295/pexels-photo-34877295.jpeg,"Premium quality G JGOO Ergonomic Mouse Pad with Wrist Rest, Gel Keyboard Wrist Rest and Coaster, Non-Slip PU Base Easy Typing and Relief Wrist Pain, Mouse Pad with Wrist Support for Home, Office, Game - Green"
B0CHRSGYQ1,"Mouse Pad Wrist Support, Laokiiy 2 in1 Keyboard Wrist Rest+ Ergonomic Mouse Pad, Non-Slip Wrist Rest for Computer Keyboard, Made Easy Typing & Relieve Wrist Pain(Flower)",Electronics,Unknown,32.99,35.99,,801,FALSE,FALSE,FALSE,112,Available,https://images.pexels.com/photos/15372897/pexels-photo-15372897.jpeg,"Premium quality Mouse Pad Wrist Support, Laokiiy 2 in1 Keyboard Wrist Rest+ Ergonomic Mouse Pad, Non-Slip Wrist Rest for Computer Keyboard, Made Easy Typing & Relieve Wrist Pain(Flower)"
B0CNLVSW5R,"Blue Mouse Pad Wrist Support,Ergonomic Mouse Pad with Wrist Rest,Comfortable Mousepad with Smooth Wrist Rest,Pain Relief Mouse Pads for Non-Slip Base,Computer,Laptop,Office?Home(Vintage Groovy Flower)",Electronics,Unknown,7.99,11.99,,137,FALSE,FALSE,FALSE,179,Available,https://images.pexels.com/photos/1604025/pexels-photo-1604025.jpeg,"Premium quality Blue Mouse Pad Wrist Support,Ergonomic Mouse Pad with Wrist Rest,Comfortable Mousepad with Smooth Wrist Rest,Pain Relief Mouse Pads for Non-Slip Base,Computer,Laptop,Office?Home(Vintage Groovy Flower)"
B07DVCGX7G,"MROCO Ergonomic Mouse Pad with Gel Wrist Rest, Comfortable Mousepad with Smooth Wrist Support Surface and Non-Slip PU Base for Pain Relief, Computer, Laptop, Office & Home, 9.4 x 8.1 in, Black Color",Electronics,Unknown,8.96,15.49,,26464,FALSE,FALSE,TRUE,80,Available,https://images.pexels.com/photos/6372819/pexels-photo-6372819.jpeg,"Premium quality MROCO Ergonomic Mouse Pad with Gel Wrist Rest, Comfortable Mousepad with Smooth Wrist Support Surface and Non-Slip PU Base for Pain Relief, Computer, Laptop, Office & Home, 9.4 x 8.1 in, Black Color"
B08W9N38PC,"Gorilla Grip Silky Gel Memory Foam Wrist Rest for Computer Keyboard, Mouse, Ergonomic Design for Typing Pain Relief, Desk Pads Support Hand and Arm, Mousepad Rests, Stain Resistant, 2 Piece Pad, Black",Electronics,Unknown,9.99,10.99,,4791,TRUE,FALSE,FALSE,141,Available,https://images.pexels.com/photos/5805490/pexels-photo-5805490.jpeg,"Premium quality Gorilla Grip Silky Gel Memory Foam Wrist Rest for Computer Keyboard, Mouse, Ergonomic Design for Typing Pain Relief, Desk Pads Support Hand and Arm, Mousepad Rests, Stain Resistant, 2 Piece Pad, Black"
B09SGTWKWV,"HyperX Wrist Rest – Mouse – Cooling Gel – Memory Foam – Anti-Slip,Black",Electronics,Unknown,59.99,59.99,,13879,FALSE,FALSE,FALSE,70,Available,https://images.pexels.com/photos/20510008/pexels-photo-20510008.jpeg,"Premium quality HyperX Wrist Rest – Mouse – Cooling Gel – Memory Foam – Anti-Slip,Black"
B098P8C3BT,"DELTAHUB Carpio 2.0 - Right-Handed Truly Ergonomic Wrist Rest for Mouse, Carpal Tunnel Support, Pain Relief, Anti-Fatigue, Easy Glide, Sleek, Office, Computer, Laptop, Gaming - Large, Black",Electronics,Unknown,39.9,39.9,,1662,FALSE,FALSE,FALSE,296,Available,https://images.pexels.com/photos/6893890/pexels-photo-6893890.jpeg,"Premium quality DELTAHUB Carpio 2.0 - Right-Handed Truly Ergonomic Wrist Rest for Mouse, Carpal Tunnel Support, Pain Relief, Anti-Fatigue, Easy Glide, Sleek, Office, Computer, Laptop, Gaming - Large, Black"
B0CX91L1C4,"Large Mouse Pad with Wrist Rest, Keyboard Wrist Rest, Desk Matt, 4PCS Ergonomic Desk Pad Mat with Coaster Set, Computer Mousepad Wrist Support for Office Desktop Laptop, Green Palm Leaves",Electronics,Unknown,27.99,27.99,,4168,FALSE,FALSE,FALSE,24,Available,https://images.pexels.com/photos/5793947/pexels-photo-5793947.jpeg,"Premium quality Large Mouse Pad with Wrist Rest, Keyboard Wrist Rest, Desk Matt, 4PCS Ergonomic Desk Pad Mat with Coaster Set, Computer Mousepad Wrist Support for Office Desktop Laptop, Green Palm Leaves"
B0CN2LKQYX,"HornsX1 Right-Handed RGB Ergonomic Gliding Palm Rest for Mouse, Wrist Rest Pad, 3 RGB Lighting Modes, Reduce Wrist Pain, Anti-Fatigue, for Gaming/Office Work Casual Use - White, 1 PCS",Electronics,Unknown,19.99,19.99,,23,FALSE,FALSE,FALSE,111,Available,https://images.pexels.com/photos/20510001/pexels-photo-20510001.jpeg,"Premium quality HornsX1 Right-Handed RGB Ergonomic Gliding Palm Rest for Mouse, Wrist Rest Pad, 3 RGB Lighting Modes, Reduce Wrist Pain, Anti-Fatigue, for Gaming/Office Work Casual Use - White, 1 PCS"
B08XX7R1XD,"Ergonomic Mouse Pad with Wrist Rest Support Gel [30% Larger], Cute Soft Wrist Rest Pad with Non-Slip Rubber Base, Easy Typing & Pain Relief - Green Plants",Electronics,Unknown,9.99,9.99,,1375,FALSE,FALSE,FALSE,189,Available,https://images.pexels.com/photos/20510008/pexels-photo-20510008.jpeg,"Premium quality Ergonomic Mouse Pad with Wrist Rest Support Gel [30% Larger], Cute Soft Wrist Rest Pad with Non-Slip Rubber Base, Easy Typing & Pain Relief - Green Plants"
B09YGKNN7W,"Keyboard Wrist Rest and Mouse Wrist Rest Pad with Coffee Coaster, Non Slip PU Base Wrist Support with Ergonomic Raised Memory Foam for Easy Typing & Pain Relief,Flowers and Plants",Electronics,Unknown,21.95,21.95,,77,FALSE,FALSE,FALSE,41,Available,https://images.pexels.com/photos/4145372/pexels-photo-4145372.jpeg,"Premium quality Keyboard Wrist Rest and Mouse Wrist Rest Pad with Coffee Coaster, Non Slip PU Base Wrist Support with Ergonomic Raised Memory Foam for Easy Typing & Pain Relief,Flowers and Plants"
B0C4TQV23Q,Cloud Wrist Rest Cushion for Mouse Ergonomic Soft PU Leather Memory Foam Wrist Pain Relief Mouse Wrist Support Pad with Anti-Skid Base for Office School Home Laptop & Computer Mouse (White),Electronics,Unknown,7.99,7.99,,153,FALSE,FALSE,FALSE,20,Available,https://images.pexels.com/photos/1181449/pexels-photo-1181449.jpeg,Premium quality Cloud Wrist Rest Cushion for Mouse Ergonomic Soft PU Leather Memory Foam Wrist Pain Relief Mouse Wrist Support Pad with Anti-Skid Base for Office School Home Laptop & Computer Mouse (White)
B08ZY2WFHX,"Mouse Wrist Rest, Canjoy 2 Pack Memory Foam Soft Fabric Mouse Wrist Rest Pad Support Cushion with Anti-Skid Rubber Base,Ergonomic Pain Relief Mouse Hand Rest (Black)",Electronics,Unknown,59.99,59.99,,1256,FALSE,FALSE,FALSE,152,Available,https://images.pexels.com/photos/18295023/pexels-photo-18295023.jpeg,"Premium quality Mouse Wrist Rest, Canjoy 2 Pack Memory Foam Soft Fabric Mouse Wrist Rest Pad Support Cushion with Anti-Skid Rubber Base,Ergonomic Pain Relief Mouse Hand Rest (Black)"
B01MS8PIX9,"Kensington ErgoSoft Wrist Rest for Standard Mouse, Black (K52802WW), 2.9 x 0.7 x 6 inches",Electronics,Unknown,9.49,9.99,,3721,FALSE,FALSE,FALSE,252,Available,https://images.pexels.com/photos/13870513/pexels-photo-13870513.jpeg,"Premium quality Kensington ErgoSoft Wrist Rest for Standard Mouse, Black (K52802WW), 2.9 x 0.7 x 6 inches"
B0CGRKB1WX,"Wrist Rest for Mouse, Ergonomic Memory Foam Wrist Cushion Support Pad, Mouse Wrist Pad with Non-Slip Base for Typing Pain Relief, Office, Home, Gaming, Computer, Black",Electronics,Unknown,5.99,5.99,,113,FALSE,FALSE,FALSE,31,Available,https://images.pexels.com/photos/9161032/pexels-photo-9161032.jpeg,"Premium quality Wrist Rest for Mouse, Ergonomic Memory Foam Wrist Cushion Support Pad, Mouse Wrist Pad with Non-Slip Base for Typing Pain Relief, Office, Home, Gaming, Computer, Black"
B0854FW5GM,"Ergonomic Keyboard Wrist Rest and Mouse Pad with Wrist Support, SAMIT Memory Foam Mouse Cushion Anti-Slip Computer Wrist Rest Pad for Comfortable Typing Wrist Pain Relief (Keyboard Wrist Rest)",Electronics,Unknown,13.99,19.99,,805,FALSE,FALSE,FALSE,65,Available,https://images.pexels.com/photos/32532386/pexels-photo-32532386.jpeg,"Premium quality Ergonomic Keyboard Wrist Rest and Mouse Pad with Wrist Support, SAMIT Memory Foam Mouse Cushion Anti-Slip Computer Wrist Rest Pad for Comfortable Typing Wrist Pain Relief (Keyboard Wrist Rest)"
B0D7PRL1Q8,"Ergonomic Mouse Pad with Wrist Rest and Keyboard Wrist Rest, Memory Foam Wrist Rest for Computer Keyboard, Easy Typing, Pain Relief, Black Mouse Pad Wrist Support for Gaming,Office, Laptop, Floral",Electronics,Unknown,16.86,16.86,,682,FALSE,FALSE,FALSE,53,Available,https://images.pexels.com/photos/10655906/pexels-photo-10655906.jpeg,"Premium quality Ergonomic Mouse Pad with Wrist Rest and Keyboard Wrist Rest, Memory Foam Wrist Rest for Computer Keyboard, Easy Typing, Pain Relief, Black Mouse Pad Wrist Support for Gaming,Office, Laptop, Floral"
B0BKQC3KD6,"TOROKOM 2Pcs Wrist Rest Support for Mouse, Ergonomic Memory Foam Mouse Wrist Rest Leather Hand Rest Pad Cushion for Office, Computer, Laptop, Acrylic Nails Tech(Black)",Electronics,Unknown,14.99,14.99,,26,FALSE,FALSE,FALSE,97,Available,https://images.pexels.com/photos/5793947/pexels-photo-5793947.jpeg,"Premium quality TOROKOM 2Pcs Wrist Rest Support for Mouse, Ergonomic Memory Foam Mouse Wrist Rest Leather Hand Rest Pad Cushion for Office, Computer, Laptop, Acrylic Nails Tech(Black)"
B0D9823VBN,"Padded Mouse Pad Ergonomic Wrist Support, Ergo Gel Mousepad with Wrist Rest for Carpal Tunnel Pain, 2 in 1 Mouse Pads & Wrist Rests for Computer Keyboard Set (Black)",Electronics,Unknown,26.99,26.99,,10,FALSE,FALSE,FALSE,237,Available,https://images.pexels.com/photos/4792720/pexels-photo-4792720.jpeg,"Premium quality Padded Mouse Pad Ergonomic Wrist Support, Ergo Gel Mousepad with Wrist Rest for Carpal Tunnel Pain, 2 in 1 Mouse Pads & Wrist Rests for Computer Keyboard Set (Black)"
B07QXYY32Z,"VANKEY Mouse Wrist Rest, Desk Wrist Pad for Mouse, Comfortable Computer Mouse Wrist Support, Ergonomic Wrist Rest with Memory Foam Fillings, Non-Slip Base (Black)",Electronics,Unknown,7.99,9.99,,2948,FALSE,FALSE,FALSE,92,Available,https://images.pexels.com/photos/38006271/pexels-photo-38006271.jpeg,"Premium quality VANKEY Mouse Wrist Rest, Desk Wrist Pad for Mouse, Comfortable Computer Mouse Wrist Support, Ergonomic Wrist Rest with Memory Foam Fillings, Non-Slip Base (Black)"
B08MPK31P6,"Glider v2 - Ergonomic Gliding Palm Rest, Soft Cooling Material, Sliding Wrist Pad That Moves with Your Mouse, Physician Designed for Carpal Tunnel Syndrome, Lightweight Wrist Rest (Black)",Electronics,Unknown,17.95,19.95,,819,FALSE,FALSE,FALSE,268,Available,https://images.pexels.com/photos/17484878/pexels-photo-17484878.jpeg,"Premium quality Glider v2 - Ergonomic Gliding Palm Rest, Soft Cooling Material, Sliding Wrist Pad That Moves with Your Mouse, Physician Designed for Carpal Tunnel Syndrome, Lightweight Wrist Rest (Black)"
B091HQ7W5R,"Dapesuom Mouse Wrist Rest, Ergonomic Memory Foam Mouse Wrist Support, Leather Hand Rest Pad Cushion for Gaming, Office, Computer, Laptop, Wireless Mouse, Men, Women, Pain Relief & Easy Typing,Black",Electronics,Unknown,6.99,7.99,,1797,FALSE,FALSE,FALSE,66,Available,https://images.pexels.com/photos/20432893/pexels-photo-20432893.jpeg,"Premium quality Dapesuom Mouse Wrist Rest, Ergonomic Memory Foam Mouse Wrist Support, Leather Hand Rest Pad Cushion for Gaming, Office, Computer, Laptop, Wireless Mouse, Men, Women, Pain Relief & Easy Typing,Black"
B0BJVCK766,Cute Wrist Rest Support for Mouse Keyboard Computer Elbow Pad Arm Rest for Desk Ergonomic Kawaii Office Supplies Slow Rising PU Mouse Pad Cat,Electronics,Unknown,6.99,6.99,,647,FALSE,FALSE,FALSE,140,Available,https://images.pexels.com/photos/15372897/pexels-photo-15372897.jpeg,Premium quality Cute Wrist Rest Support for Mouse Keyboard Computer Elbow Pad Arm Rest for Desk Ergonomic Kawaii Office Supplies Slow Rising PU Mouse Pad Cat
B01M11FLUJ,"Gimars Upgrade Enlarge Silky and Superfine Fabric Gel Memory Foam Keyboard Wrist Rest Set, Ergonomic Keyboard Mouse Wrist Support for Typing Pain Relief, Comfort for Office, Gaming, Computer, Black",Electronics,Unknown,9.97,9.97,,39072,FALSE,FALSE,FALSE,233,Available,https://images.pexels.com/photos/31076950/pexels-photo-31076950.jpeg,"Premium quality Gimars Upgrade Enlarge Silky and Superfine Fabric Gel Memory Foam Keyboard Wrist Rest Set, Ergonomic Keyboard Mouse Wrist Support for Typing Pain Relief, Comfort for Office, Gaming, Computer, Black"
B0B6NRTPMJ,Soft Mouse Wrist Rest Pad Comfortable Cool Silicone Gel Ergonomic Cushion Small-Sized Hand Pain Relief Support Pad with Gel-Filled for Laptop Computer Office & Home (Transparent),Electronics,Unknown,7.99,8.99,,178,FALSE,FALSE,FALSE,258,Available,https://images.pexels.com/photos/7241679/pexels-photo-7241679.jpeg,Premium quality Soft Mouse Wrist Rest Pad Comfortable Cool Silicone Gel Ergonomic Cushion Small-Sized Hand Pain Relief Support Pad with Gel-Filled for Laptop Computer Office & Home (Transparent)
B0DDSZD328,"2pcs Gliding Wrist Rest, Ergonomic Wrist Rest for Mouse, Gliding Palm Rest for Right and Left, Effectively Relieve Hand Fatigue and Stress on Hand Work, for Office Work, Competitive Gaming, Coding",Electronics,Unknown,14.99,14.99,,3,FALSE,FALSE,FALSE,75,Available,https://images.pexels.com/photos/17484878/pexels-photo-17484878.jpeg,"Premium quality 2pcs Gliding Wrist Rest, Ergonomic Wrist Rest for Mouse, Gliding Palm Rest for Right and Left, Effectively Relieve Hand Fatigue and Stress on Hand Work, for Office Work, Competitive Gaming, Coding"
B0CYBTP55F,"JIKIOU Right-Handed Truly Ergonomic Wrist Rest for Mouse 2 Pack, Carpal Tunnel Support, Pain Relief, Anti-Fatigue, Easy Glide, Office Computer Laptop Gaming",Electronics,Unknown,12.99,12.99,,747,FALSE,FALSE,FALSE,126,Available,https://images.pexels.com/photos/11129922/pexels-photo-11129922.jpeg,"Premium quality JIKIOU Right-Handed Truly Ergonomic Wrist Rest for Mouse 2 Pack, Carpal Tunnel Support, Pain Relief, Anti-Fatigue, Easy Glide, Office Computer Laptop Gaming"
B000XZ8MB6,"Allsop 29808 Comfortbead Mouse Rest, 10.4 x 14 x 2.8 cm, Black",Electronics,Unknown,11.86,15.99,,606,FALSE,FALSE,FALSE,67,Available,https://images.pexels.com/photos/7172697/pexels-photo-7172697.jpeg,"Premium quality Allsop 29808 Comfortbead Mouse Rest, 10.4 x 14 x 2.8 cm, Black"
B09NH2BTYJ,"Large Mouse Wrist Rest Bean Bag, Ergonomic Mouse Support Pad Filled Ergo Beads for Computer, Laptop, PC Gaming, Yellow",Electronics,Unknown,15.99,15.99,,296,FALSE,FALSE,FALSE,80,Available,https://images.pexels.com/photos/11129922/pexels-photo-11129922.jpeg,"Premium quality Large Mouse Wrist Rest Bean Bag, Ergonomic Mouse Support Pad Filled Ergo Beads for Computer, Laptop, PC Gaming, Yellow"
B0BJ98RT8L,"BRILA Ergonomic Silicone Mouse Wrist Rest, Cooling Silica Gel PU Leather Mouse Wrist Support Pad for Office Work and Laptop Computer Gaming",Electronics,Unknown,9.49,9.49,,180,FALSE,FALSE,FALSE,45,Available,https://images.pexels.com/photos/6001241/pexels-photo-6001241.jpeg,"Premium quality BRILA Ergonomic Silicone Mouse Wrist Rest, Cooling Silica Gel PU Leather Mouse Wrist Support Pad for Office Work and Laptop Computer Gaming"
B08C56DKS5,"Vaydeer Wrist Rest for Keyboard and Mouse, Computer Ergonomic Wrist Support Pad, Soft Memory Foam Arm Cushion for Desk, Palm Hand Office Laptop Typing",Electronics,Unknown,17.99,17.99,,1409,FALSE,FALSE,FALSE,276,Available,https://images.pexels.com/photos/1604025/pexels-photo-1604025.jpeg,"Premium quality Vaydeer Wrist Rest for Keyboard and Mouse, Computer Ergonomic Wrist Support Pad, Soft Memory Foam Arm Cushion for Desk, Palm Hand Office Laptop Typing"
B09HZ3971K,"Ergonomic Mouse Wrist Rest, 2 Pieces Mouse Wrist Pad Glide for Gaming, Sliding Wrist Support for Keyboard and Mouse, Smoth Gliding Wrist Rest for Office Computer, Laptop, Wrist Pain Relief",Electronics,Unknown,18.6,18.6,,313,FALSE,FALSE,FALSE,27,Available,https://images.pexels.com/photos/8532766/pexels-photo-8532766.jpeg,"Premium quality Ergonomic Mouse Wrist Rest, 2 Pieces Mouse Wrist Pad Glide for Gaming, Sliding Wrist Support for Keyboard and Mouse, Smoth Gliding Wrist Rest for Office Computer, Laptop, Wrist Pain Relief"
B083NRTG6R,"Mouse Pad, SOQOOL 2 Pack Ergonomic Mouse Pads with Comfortable and Cooling Gel Wrist Rest Support and Non-Slip PU Base for Easy Typing Pain Relief, Durable and Washable for Easy Cleaning",Electronics,Unknown,19.99,19.99,,7225,FALSE,FALSE,FALSE,132,Available,https://images.pexels.com/photos/17484878/pexels-photo-17484878.jpeg,"Premium quality Mouse Pad, SOQOOL 2 Pack Ergonomic Mouse Pads with Comfortable and Cooling Gel Wrist Rest Support and Non-Slip PU Base for Easy Typing Pain Relief, Durable and Washable for Easy Cleaning"
B0B2DMV2ZW,Gel Keyboard & Mouse Wrist Rest Set - Keyboard Wrist Rest Pad & Mouse Support for Office Gaming Pad Computer Laptop Ergonomic Comfortable Pain Relief- Pad Set (Mouse Support Only),Electronics,Unknown,6.99,6.99,,1248,FALSE,FALSE,FALSE,272,Available,https://images.pexels.com/photos/1604025/pexels-photo-1604025.jpeg,Premium quality Gel Keyboard & Mouse Wrist Rest Set - Keyboard Wrist Rest Pad & Mouse Support for Office Gaming Pad Computer Laptop Ergonomic Comfortable Pain Relief- Pad Set (Mouse Support Only)
B0CQC8JD8T,"MOSISO Wrist Rest Support for Mouse Pad&Keyboard Set, Rectangular Ergonomic Mousepad Non-Slip Base Home/Office Pain Relief&Easy Typing Pad with Neoprene Cloth&Raised Curved Memory Foam, Green",Electronics,Unknown,19.99,19.99,,154,FALSE,FALSE,FALSE,199,Available,https://images.pexels.com/photos/4792720/pexels-photo-4792720.jpeg,"Premium quality MOSISO Wrist Rest Support for Mouse Pad&Keyboard Set, Rectangular Ergonomic Mousepad Non-Slip Base Home/Office Pain Relief&Easy Typing Pad with Neoprene Cloth&Raised Curved Memory Foam, Green"
B0CNBS4HT3,"Ergonomic Mouse Pad with Wrist Rest Support, Mousepad with Comfortable Gel Wrist and Non-Slip PU Base for Pain Relief, Computer, Laptop, Office, Home (Black)",Electronics,Unknown,6.99,6.99,,549,FALSE,FALSE,FALSE,226,Available,https://images.pexels.com/photos/19935029/pexels-photo-19935029.jpeg,"Premium quality Ergonomic Mouse Pad with Wrist Rest Support, Mousepad with Comfortable Gel Wrist and Non-Slip PU Base for Pain Relief, Computer, Laptop, Office, Home (Black)"
B077CHMLQP,"Aelfox Memory Foam Keyboard Wrist Rest&Mouse Wrist Rest, Ergonomic Design Wrist Pad for Computer Keyboard Laptop Wrist Support, Arm Rest for Desk Accessories in Home Office School(Black)",Electronics,Unknown,19.99,19.99,,3297,FALSE,FALSE,FALSE,146,Available,https://images.pexels.com/photos/8569471/pexels-photo-8569471.jpeg,"Premium quality Aelfox Memory Foam Keyboard Wrist Rest&Mouse Wrist Rest, Ergonomic Design Wrist Pad for Computer Keyboard Laptop Wrist Support, Arm Rest for Desk Accessories in Home Office School(Black)"
B0B87SL8D9,"Ergonomic Mouse Wrist Rest Support, Sliding Wrist Pad That Moves with Mouse for Office Work, Gaming, Coding, Relief Sliding Gliding Wrist Pad (Black)",Electronics,Unknown,8.99,8.99,,101,FALSE,FALSE,FALSE,75,Available,https://images.pexels.com/photos/3946013/pexels-photo-3946013.jpeg,"Premium quality Ergonomic Mouse Wrist Rest Support, Sliding Wrist Pad That Moves with Mouse for Office Work, Gaming, Coding, Relief Sliding Gliding Wrist Pad (Black)"
B01NCH9P2Y,"Glorious Gaming Wooden Mouse Wrist Rest - ONYX/BLACK - for Gaming Mice, Wood Ergonomic Palm Rest| 8x4x0.75 inches/19mm Thick (GV-M-DARK)",Electronics,Unknown,19.99,19.99,,2932,FALSE,FALSE,FALSE,233,Available,https://images.pexels.com/photos/13870513/pexels-photo-13870513.jpeg,"Premium quality Glorious Gaming Wooden Mouse Wrist Rest - ONYX/BLACK - for Gaming Mice, Wood Ergonomic Palm Rest| 8x4x0.75 inches/19mm Thick (GV-M-DARK)"
B09NV3RYFF,"Zibly Ergonomic Gel Keyboard Wrist Rest & Mousepad Rests for Computer, Silky Memory Foam for Typing, Laptop Keyboard and Mouse Desk Pads Support Hand and Arm, 2 Piece Pad for Office and Travel",Electronics,Unknown,9.99,9.99,,3015,FALSE,FALSE,FALSE,33,Available,https://images.pexels.com/photos/5942722/pexels-photo-5942722.jpeg,"Premium quality Zibly Ergonomic Gel Keyboard Wrist Rest & Mousepad Rests for Computer, Silky Memory Foam for Typing, Laptop Keyboard and Mouse Desk Pads Support Hand and Arm, 2 Piece Pad for Office and Travel"
B0BV1RSXBY,"Hokafenle Ergonomic Mouse Pad Wrist Support, Wrist Rest Mousepad for Carpal Tunnel Pain Relief with Integrated Memory Foam Slope Massage Bulge (11.8x7.9 inch,Topographic Contour)",Electronics,Unknown,24.99,24.99,,670,FALSE,FALSE,FALSE,47,Available,https://images.pexels.com/photos/17484878/pexels-photo-17484878.jpeg,"Premium quality Hokafenle Ergonomic Mouse Pad Wrist Support, Wrist Rest Mousepad for Carpal Tunnel Pain Relief with Integrated Memory Foam Slope Massage Bulge (11.8x7.9 inch,Topographic Contour)"
B07ZZKZF63,"1InTheOffice Mouse Wrist Rest, Beaded Wrist Support Pad Ergobeads, Black",Electronics,Unknown,15.49,15.49,,319,FALSE,FALSE,FALSE,97,Available,https://images.pexels.com/photos/38006271/pexels-photo-38006271.jpeg,"Premium quality 1InTheOffice Mouse Wrist Rest, Beaded Wrist Support Pad Ergobeads, Black"
B0CDK4SKT6,"MEKASS Ergonomic Wrist Rest for Keyboard and Mouse, Soft Memory Foam Keyboard Wrist Rest Set with Non-Slip Silicone Base, Easy Typing, Pain Relief, Comfort for Office, Work, Gaming (Classic Black)",Electronics,Unknown,19.95,19.95,,498,FALSE,FALSE,FALSE,235,Available,https://images.pexels.com/photos/4792732/pexels-photo-4792732.jpeg,"Premium quality MEKASS Ergonomic Wrist Rest for Keyboard and Mouse, Soft Memory Foam Keyboard Wrist Rest Set with Non-Slip Silicone Base, Easy Typing, Pain Relief, Comfort for Office, Work, Gaming (Classic Black)"
B0D5BYTTNX,Comfy Glide Palm/Wrist Rest - Smooth Gliding Left and Right-Hand Ergonomic Memory Foam Wrist Support for Mouse or Keyboard - Anti-Fatigue - Stress and Pain Relief for Carpal Tunnel (Jet Black),Electronics,Unknown,9.99,15.99,,18,FALSE,FALSE,FALSE,173,Available,https://images.pexels.com/photos/5805490/pexels-photo-5805490.jpeg,Premium quality Comfy Glide Palm/Wrist Rest - Smooth Gliding Left and Right-Hand Ergonomic Memory Foam Wrist Support for Mouse or Keyboard - Anti-Fatigue - Stress and Pain Relief for Carpal Tunnel (Jet Black)
B0191YRNE6,"Glorious Mouse Wrist Pad/Rest - Black - Stitched Edges, Ergonomic, Foam Interior | 8x4 inches/(0.7in/17mm) Thick (GW-M)",Electronics,Unknown,12.99,12.99,,6498,FALSE,FALSE,FALSE,33,Available,https://images.pexels.com/photos/7240351/pexels-photo-7240351.jpeg,"Premium quality Glorious Mouse Wrist Pad/Rest - Black - Stitched Edges, Ergonomic, Foam Interior | 8x4 inches/(0.7in/17mm) Thick (GW-M)"
B0D9BP8PR6,"KLIM Mouse & Keyboard Wrist Rest Set - Silky Gel Memory Foam - Ergonomic Wrist Rest for Computer Keyboard, Wrist Pad for Keyboard + Wrist Rest for Mouse - for Gaming and Office - Pain Relief - Black",Electronics,Unknown,6.97,6.97,,1883,FALSE,FALSE,FALSE,206,Available,https://images.pexels.com/photos/35504606/pexels-photo-35504606.jpeg,"Premium quality KLIM Mouse & Keyboard Wrist Rest Set - Silky Gel Memory Foam - Ergonomic Wrist Rest for Computer Keyboard, Wrist Pad for Keyboard + Wrist Rest for Mouse - for Gaming and Office - Pain Relief - Black"
B0DJQD7ZWS,"Kensington Slim Duo Gel Mouse Wrist Rest Support Cushion for Low Profile Mice & Trackballs, Ergonomic Mouse Wrist Support for Pain Relief, Comfortable Non-Skid Gel, Red 7.56"" x 2.83"" x 0.87"" K62440NA",Electronics,Unknown,13.81,13.81,,0,FALSE,FALSE,FALSE,26,Available,https://images.pexels.com/photos/13870516/pexels-photo-13870516.jpeg,"Premium quality Kensington Slim Duo Gel Mouse Wrist Rest Support Cushion for Low Profile Mice & Trackballs, Ergonomic Mouse Wrist Support for Pain Relief, Comfortable Non-Skid Gel, Red 7.56"" x 2.83"" x 0.87"" K62440NA"
B0B7J95M3G,"Yunsailing 8 Pack Ergonomic Mouse Pad with Wrist Rest Support Gel Memory Foam Mouse Pad Comfortable Computer Mouse Pad for Laptop Pain Relief Mousepad for Laptop, Computer, Gaming (Solid Black Style)",Electronics,Unknown,29.99,29.99,,23,FALSE,FALSE,FALSE,22,Available,https://images.pexels.com/photos/15399855/pexels-photo-15399855.jpeg,"Premium quality Yunsailing 8 Pack Ergonomic Mouse Pad with Wrist Rest Support Gel Memory Foam Mouse Pad Comfortable Computer Mouse Pad for Laptop Pain Relief Mousepad for Laptop, Computer, Gaming (Solid Black Style)"
B0CDKF8TTT,"MEKASS Ergonomic Mouse Wrist Rest, Premium Memory Foam Mouse Wrist Pad Support Relieve Wrist Pain for Long Hours of Work, Gaming (Classic Black?",Electronics,Unknown,10.99,10.99,,787,FALSE,FALSE,FALSE,130,Available,https://images.pexels.com/photos/7240351/pexels-photo-7240351.jpeg,"Premium quality MEKASS Ergonomic Mouse Wrist Rest, Premium Memory Foam Mouse Wrist Pad Support Relieve Wrist Pain for Long Hours of Work, Gaming (Classic Black?"
B08LV35MC1,"Aelfox Memory Foam Mouse Wrist Rest, Ergonomic Mouse Pad Wrist Support Mouse Wrist Pad Cushion - Breathable, Sweat-absorbent, Help with Wrist Pain for Computer, Home, Office?5.74 x 3.03 x 0.98 inch?",Electronics,Unknown,7.59,7.59,,320,FALSE,FALSE,FALSE,257,Available,https://images.pexels.com/photos/7151696/pexels-photo-7151696.jpeg,"Premium quality Aelfox Memory Foam Mouse Wrist Rest, Ergonomic Mouse Pad Wrist Support Mouse Wrist Pad Cushion - Breathable, Sweat-absorbent, Help with Wrist Pain for Computer, Home, Office?5.74 x 3.03 x 0.98 inch?"
B0CQY9S3Q4,"Cat Ergonomic Mouse Pad with Wrist Rest, Gaming Mouse Pad with Wrist Support, Funny Mouse Pads for Desk, Computer Mousepad with Non-Slip Pain Relief PU Base, Cute Office Desk Accessories",Electronics,Unknown,8.99,8.99,,236,FALSE,FALSE,FALSE,258,Available,https://images.pexels.com/photos/13870516/pexels-photo-13870516.jpeg,"Premium quality Cat Ergonomic Mouse Pad with Wrist Rest, Gaming Mouse Pad with Wrist Support, Funny Mouse Pads for Desk, Computer Mousepad with Non-Slip Pain Relief PU Base, Cute Office Desk Accessories"
B08LV388SG,"Aelfox Leather-Gel Mouse Wrist Rest, Delicate Surface, Ergonomic Mouse Pad Wrist Support Mouse Wrist Pad Cushion - Wrist Pain Relief for in Office, Home, School?5.51 x 2.76 x 0.71 inch?",Electronics,Unknown,7.59,7.59,,955,FALSE,FALSE,FALSE,293,Available,https://images.pexels.com/photos/6932748/pexels-photo-6932748.jpeg,"Premium quality Aelfox Leather-Gel Mouse Wrist Rest, Delicate Surface, Ergonomic Mouse Pad Wrist Support Mouse Wrist Pad Cushion - Wrist Pain Relief for in Office, Home, School?5.51 x 2.76 x 0.71 inch?"
B09RDX4Z6B,"BRILA Ergonomic Silicone Mouse Wrist Rest, Cooling Silica Gel Mouse Wrist Support Pad for Office Work and Laptop Computer Gaming",Electronics,Unknown,9.49,9.49,,155,FALSE,FALSE,FALSE,246,Available,https://images.pexels.com/photos/8532766/pexels-photo-8532766.jpeg,"Premium quality BRILA Ergonomic Silicone Mouse Wrist Rest, Cooling Silica Gel Mouse Wrist Support Pad for Office Work and Laptop Computer Gaming"
B0CP7TRZWR,"Amazon Basics 24 Inch Monitor, FHD 1080P, Max 100Hz, VESA Compatible, Built-in Speakers, Black",Electronics,Unknown,99.99,99.99,,36,FALSE,FALSE,FALSE,34,Available,https://images.pexels.com/photos/12509206/pexels-photo-12509206.jpeg,"Premium quality Amazon Basics 24 Inch Monitor, FHD 1080P, Max 100Hz, VESA Compatible, Built-in Speakers, Black"
B08CLWH66J,"SAMSUNG FT45 Series 27-Inch FHD 1080p Computer Monitor, 75Hz, IPS Panel, HDMI, USB Hub, Height Adjustable Stand, 3 Yr WRNTY (LF27T450FQNXGO),Black",Electronics,Unknown,189.99,189.99,,579,FALSE,FALSE,FALSE,211,Available,https://images.pexels.com/photos/159299/graphic-design-studio-tracfone-programming-html-159299.jpeg,"Premium quality SAMSUNG FT45 Series 27-Inch FHD 1080p Computer Monitor, 75Hz, IPS Panel, HDMI, USB Hub, Height Adjustable Stand, 3 Yr WRNTY (LF27T450FQNXGO),Black"
B0CHHSFMRL,"Sceptre New 27-inch Gaming Monitor 100Hz 1ms DisplayPort HDMI x2 100% sRGB AMD FreeSync Build-in Speakers, Eye Care Frameless Machine Black 2024 (E275W-FW100T)",Electronics,Unknown,97.97,119.97,,33585,FALSE,FALSE,TRUE,138,Available,https://images.pexels.com/photos/115655/pexels-photo-115655.jpeg,"Premium quality Sceptre New 27-inch Gaming Monitor 100Hz 1ms DisplayPort HDMI x2 100% sRGB AMD FreeSync Build-in Speakers, Eye Care Frameless Machine Black 2024 (E275W-FW100T)"
B0C8ZKV5R9,"PHILIPS 24 inch Frameless Full HD (1920 x 1080) 100Hz Monitor, VESA, HDMI x1, VGA Port x1, Eye Care, 4 Year Advance Replacement Warranty, 241V8LB",Electronics,Unknown,79.99,89.99,,5022,FALSE,FALSE,FALSE,47,Available,https://images.pexels.com/photos/5833752/pexels-photo-5833752.jpeg,"Premium quality PHILIPS 24 inch Frameless Full HD (1920 x 1080) 100Hz Monitor, VESA, HDMI x1, VGA Port x1, Eye Care, 4 Year Advance Replacement Warranty, 241V8LB"
B07743412C,"Sceptre 20"" 1600x900 75Hz Ultra Thin LED Monitor 2x HDMI VGA Built-in Speakers, Machine Black Wide Viewing Angle 170° (Horizontal) / 160° (Vertical)",Electronics,Unknown,66.28,69.97,,24716,FALSE,FALSE,FALSE,221,Available,https://images.pexels.com/photos/326505/pexels-photo-326505.jpeg,"Premium quality Sceptre 20"" 1600x900 75Hz Ultra Thin LED Monitor 2x HDMI VGA Built-in Speakers, Machine Black Wide Viewing Angle 170° (Horizontal) / 160° (Vertical)"
B0BTKJFRDV,"Sceptre Curved 24.5-inch Gaming Monitor up to 240Hz 1080p R1500 1ms DisplayPort x2 HDMI x2 Blue Light Shift Build-in Speakers, Machine Black 2023 (C255B-FWT240)",Electronics,Unknown,139.84,149.97,,6698,FALSE,FALSE,FALSE,58,Available,https://images.pexels.com/photos/1714202/pexels-photo-1714202.jpeg,"Premium quality Sceptre Curved 24.5-inch Gaming Monitor up to 240Hz 1080p R1500 1ms DisplayPort x2 HDMI x2 Blue Light Shift Build-in Speakers, Machine Black 2023 (C255B-FWT240)"
B08WJ26WP6,"Amazon Basics 24-inch IPS Monitor 75 Hz Powered with AOC Technology FHD 1080P HDMI, Display Port and VGA Input VESA Compatible Built-in Speakers for Office and Home, Black",Electronics,Unknown,99.99,99.99,,711,FALSE,FALSE,FALSE,292,Available,https://images.pexels.com/photos/326505/pexels-photo-326505.jpeg,"Premium quality Amazon Basics 24-inch IPS Monitor 75 Hz Powered with AOC Technology FHD 1080P HDMI, Display Port and VGA Input VESA Compatible Built-in Speakers for Office and Home, Black"
B08FF3JQ28,"SAMSUNG 27"" T35F Series FHD 1080p Computer Monitor, 75Hz, IPS Panel, HDMI, VGA (D-Sub), 3-Sided Border-Less, FreeSync, LF27T350FHNXZA",Electronics,Unknown,119.99,149.99,,5294,FALSE,FALSE,FALSE,250,Available,https://images.pexels.com/photos/159299/graphic-design-studio-tracfone-programming-html-159299.jpeg,"Premium quality SAMSUNG 27"" T35F Series FHD 1080p Computer Monitor, 75Hz, IPS Panel, HDMI, VGA (D-Sub), 3-Sided Border-Less, FreeSync, LF27T350FHNXZA"
B0C8ZJ6RW8,"AOC 27B2H2 27” Frameless IPS Monitor, FHD 1920x1080, 100Hz, 101% sRGB, for Home and Office, HDMI x2, Low Blue Mode, VESA Compatible, Black",Electronics,Unknown,89.99,99.99,,2446,FALSE,FALSE,FALSE,105,Available,https://images.pexels.com/photos/12509206/pexels-photo-12509206.jpeg,"Premium quality AOC 27B2H2 27” Frameless IPS Monitor, FHD 1920x1080, 100Hz, 101% sRGB, for Home and Office, HDMI x2, Low Blue Mode, VESA Compatible, Black"
B0CYDLX8XW,"Acer KB272 E0bi 27"" IPS Full HD (1920 x 1080) Zero-Frame Gaming Office Monitor AMD FreeSync Technology Up to 100Hz Refresh 1ms (VRB) Low Blue Light Tilt HDMI & VGA Ports",Electronics,Unknown,99.99,131.35,,1930,FALSE,FALSE,FALSE,145,Available,https://images.pexels.com/photos/37848030/pexels-photo-37848030.jpeg,"Premium quality Acer KB272 E0bi 27"" IPS Full HD (1920 x 1080) Zero-Frame Gaming Office Monitor AMD FreeSync Technology Up to 100Hz Refresh 1ms (VRB) Low Blue Light Tilt HDMI & VGA Ports"
B0CGVY3YYB,"AOC 24G15N 24"" Gaming Monitor, Full HD 1920x1080, 180Hz 1ms, 1x HDMI 2.0, 1x Display Port, Adaptive-Sync, 3-Sided Frameless, HDR Ready, Console Gaming Ready, 3-Year Zero-Bright-Dot",Electronics,Unknown,99.99,109.99,,17791,FALSE,FALSE,FALSE,44,Available,https://images.pexels.com/photos/3315303/pexels-photo-3315303.jpeg,"Premium quality AOC 24G15N 24"" Gaming Monitor, Full HD 1920x1080, 180Hz 1ms, 1x HDMI 2.0, 1x Display Port, Adaptive-Sync, 3-Sided Frameless, HDR Ready, Console Gaming Ready, 3-Year Zero-Bright-Dot"
B09VSTTGL5,"CRUA 27"" Curved Monitor, FHD(1920x1080P) VA Panel 100HZ 99% sRGB Professional Computer Monitor, Narrow Bezels on Three Sides, Blue Light Filter, Office and Dormitory(HDMI, VGA)-Black",Electronics,Unknown,109.99,139.99,,700,FALSE,FALSE,FALSE,164,Available,https://images.pexels.com/photos/17112932/pexels-photo-17112932.jpeg,"Premium quality CRUA 27"" Curved Monitor, FHD(1920x1080P) VA Panel 100HZ 99% sRGB Professional Computer Monitor, Narrow Bezels on Three Sides, Blue Light Filter, Office and Dormitory(HDMI, VGA)-Black"
B0CL8KSJ7C,"ASUS 24” (23.8-inch viewable) Eye Care Monitor (VY249HF) - Full HD, IPS, 100Hz, IPS, SmoothMotion, 1ms, Adaptive Sync, Blue Light Filter, Flicker Free, HDMI, VESA Mountable, 3 Year Warranty",Electronics,Unknown,76.99,99,,2020,FALSE,FALSE,FALSE,32,Available,https://images.pexels.com/photos/17112932/pexels-photo-17112932.jpeg,"Premium quality ASUS 24” (23.8-inch viewable) Eye Care Monitor (VY249HF) - Full HD, IPS, 100Hz, IPS, SmoothMotion, 1ms, Adaptive Sync, Blue Light Filter, Flicker Free, HDMI, VESA Mountable, 3 Year Warranty"
B0C6LSD69F,"SAMSUNG 34"" ViewFinity S50GC Series Ultrawide QHD Monitor, 100Hz, 5ms, HDR10, AMD FreeSync, Eye Care, Borderless Design, PIP, PBP, LS34C50DGANXZA, 2023, Black",Electronics,Unknown,322.83,349.99,,2779,FALSE,FALSE,FALSE,231,Available,https://images.pexels.com/photos/3315303/pexels-photo-3315303.jpeg,"Premium quality SAMSUNG 34"" ViewFinity S50GC Series Ultrawide QHD Monitor, 100Hz, 5ms, HDR10, AMD FreeSync, Eye Care, Borderless Design, PIP, PBP, LS34C50DGANXZA, 2023, Black"
B0BLQRXG6N,"Packard Bell airFrame 21"" FHD Monitor, 1920x1080, Ultrawide, VESA Mount Compatible, Tilt Adjustment, HDMI/VGA, Slim Bezel, for Home, Office, and Light Gaming",Electronics,Unknown,59.99,59.99,,1702,FALSE,FALSE,FALSE,44,Available,https://images.pexels.com/photos/37848030/pexels-photo-37848030.jpeg,"Premium quality Packard Bell airFrame 21"" FHD Monitor, 1920x1080, Ultrawide, VESA Mount Compatible, Tilt Adjustment, HDMI/VGA, Slim Bezel, for Home, Office, and Light Gaming"
B0D4QVHWPJ,"KTC 27 Inch QHD(2560 * 1440) 100Hz Computer Monitor - IPS Panel, Anti-Blue Light Screen, 100% High Color Gamut, 123% sRGB, Support FreeSync and GSync, PC Monitor for Casual Gaming and Working",Electronics,Unknown,139.99,139.99,,1135,FALSE,FALSE,FALSE,87,Available,https://images.pexels.com/photos/3315303/pexels-photo-3315303.jpeg,"Premium quality KTC 27 Inch QHD(2560 * 1440) 100Hz Computer Monitor - IPS Panel, Anti-Blue Light Screen, 100% High Color Gamut, 123% sRGB, Support FreeSync and GSync, PC Monitor for Casual Gaming and Working"
B0B17J144M,"CRUA 24"" Curved Monitor, FHD(1920×1080P) 100HZ, 99% sRGB Color Gamut Computer Monitors, Narrow Bezels on Three Sides, Blue Light Filter PC Monitor for Home, Office and Dormitory(HDMI, VGA)-Black",Electronics,Unknown,79.89,119.99,,928,FALSE,FALSE,FALSE,86,Available,https://images.pexels.com/photos/159299/graphic-design-studio-tracfone-programming-html-159299.jpeg,"Premium quality CRUA 24"" Curved Monitor, FHD(1920×1080P) 100HZ, 99% sRGB Color Gamut Computer Monitors, Narrow Bezels on Three Sides, Blue Light Filter PC Monitor for Home, Office and Dormitory(HDMI, VGA)-Black"
B0CTSHK7H7,"MSI PRO MP223, 22-inch VA 1920 x 1080 (FHD) Computer Monitor, 100Hz, Adaptive-Synch, HDMI, Video Port, VESA Mountable, Less Blue Light, Tilt, 1ms, Black",Electronics,Unknown,64.99,69.99,,183,FALSE,FALSE,FALSE,252,Available,https://images.pexels.com/photos/17112932/pexels-photo-17112932.jpeg,"Premium quality MSI PRO MP223, 22-inch VA 1920 x 1080 (FHD) Computer Monitor, 100Hz, Adaptive-Synch, HDMI, Video Port, VESA Mountable, Less Blue Light, Tilt, 1ms, Black"
B0CRH7YY7G,"SANSUI Monitor 24 inch 100Hz IPS 1080P Computer Monitor HDMI VGA HDR Tilt Adjustable/VESA Compatible, for Game and Office (ES-24X3AL HDMI Cable Included)",Electronics,Unknown,79.99,79.99,,1238,FALSE,FALSE,FALSE,128,Available,https://images.pexels.com/photos/17112932/pexels-photo-17112932.jpeg,"Premium quality SANSUI Monitor 24 inch 100Hz IPS 1080P Computer Monitor HDMI VGA HDR Tilt Adjustable/VESA Compatible, for Game and Office (ES-24X3AL HDMI Cable Included)"
B0CNDGKKK1,"SAMSUNG 27-Inch S43GC Series Business Essential Computer Monitor, IPS Panel, Height Adjustable Stand, Triple Input, New DisplayPort, 100Hz, AMD FreeSync, Advanced Eye Care LS27C432GANXZA, 2024",Electronics,Unknown,139.99,209.99,,2165,FALSE,FALSE,FALSE,165,Available,https://images.pexels.com/photos/326505/pexels-photo-326505.jpeg,"Premium quality SAMSUNG 27-Inch S43GC Series Business Essential Computer Monitor, IPS Panel, Height Adjustable Stand, Triple Input, New DisplayPort, 100Hz, AMD FreeSync, Advanced Eye Care LS27C432GANXZA, 2024"
B0BS9T3FNB,"Acer KC242Y Hbi 23.8"" Full HD (1920 x 1080) Zero-Frame Gaming Office Monitor | AMD FreeSync Technology | 100Hz | 1ms (VRB) | Low Blue Light | Tilt | HDMI & VGA Ports,Black",Electronics,Unknown,89.99,117.99,,3690,FALSE,FALSE,FALSE,130,Available,https://images.pexels.com/photos/8100064/pexels-photo-8100064.jpeg,"Premium quality Acer KC242Y Hbi 23.8"" Full HD (1920 x 1080) Zero-Frame Gaming Office Monitor | AMD FreeSync Technology | 100Hz | 1ms (VRB) | Low Blue Light | Tilt | HDMI & VGA Ports,Black"
B0C38FJ6HY,KOORUI Monitor 21.5 Inch Gaming Monitor FHD 1080P/Full HD 100HZ PC Monitor VA Panel LCD Display with Speakers Adpitive sync (HDMI/VGA/VESA Compatible/Audio Terminal) S01,Electronics,Unknown,69.99,85.99,,2336,FALSE,FALSE,FALSE,247,Available,https://images.pexels.com/photos/37848030/pexels-photo-37848030.jpeg,Premium quality KOORUI Monitor 21.5 Inch Gaming Monitor FHD 1080P/Full HD 100HZ PC Monitor VA Panel LCD Display with Speakers Adpitive sync (HDMI/VGA/VESA Compatible/Audio Terminal) S01
B0BTK1C533,"Sceptre 34-Inch Curved Ultrawide WQHD Monitor 3440 x 1440 R1500 up to 165Hz DisplayPort x2 99% sRGB 1ms Picture by Picture, Machine Black 2023 (C345B-QUT168)",Electronics,Unknown,219.97,269.97,,6698,FALSE,FALSE,FALSE,130,Available,https://images.pexels.com/photos/777001/pexels-photo-777001.jpeg,"Premium quality Sceptre 34-Inch Curved Ultrawide WQHD Monitor 3440 x 1440 R1500 up to 165Hz DisplayPort x2 99% sRGB 1ms Picture by Picture, Machine Black 2023 (C345B-QUT168)"
B0D2JM3NQG,"Sceptre Curved 27-inch Gaming Monitor 1500R 100Hz HDMI X2 DisplayPort 1ms 100% sRGB, Build-in Speakers Machine Black 2024 (C275W-FW100T)",Electronics,Unknown,99.97,119.97,,23105,FALSE,FALSE,FALSE,53,Available,https://images.pexels.com/photos/1714202/pexels-photo-1714202.jpeg,"Premium quality Sceptre Curved 27-inch Gaming Monitor 1500R 100Hz HDMI X2 DisplayPort 1ms 100% sRGB, Build-in Speakers Machine Black 2024 (C275W-FW100T)"
B0BZR83GZT,"ASUS 24” (23.8-inch viewable) 1080P Eye Care Monitor (VA24EHF) - IPS, Full HD, Frameless, 100Hz, 1ms, Adaptive-Sync, for Working and Gaming, Low Blue Light, HDMI, VESA Mountable, Tilt, BLACK",Electronics,Unknown,74,99,,4326,FALSE,FALSE,FALSE,130,Available,https://images.pexels.com/photos/7858742/pexels-photo-7858742.jpeg,"Premium quality ASUS 24” (23.8-inch viewable) 1080P Eye Care Monitor (VA24EHF) - IPS, Full HD, Frameless, 100Hz, 1ms, Adaptive-Sync, for Working and Gaming, Low Blue Light, HDMI, VESA Mountable, Tilt, BLACK"
B0CXK6HGMB,"LG 24MS500-B 24 inch IPS FHD (1920x1080) 100Hz 5ms Reader Mode Borderless Design OnScreen Control Black Stabilizer DAS Crosshair HDMI Black (WxHxD) 21.3"" x 16.3"" x 7.5""",Other,Unknown,89.99,89.99,,1330,FALSE,FALSE,FALSE,283,Available,https://images.pexels.com/photos/1714202/pexels-photo-1714202.jpeg,"Premium quality LG 24MS500-B 24 inch IPS FHD (1920x1080) 100Hz 5ms Reader Mode Borderless Design OnScreen Control Black Stabilizer DAS Crosshair HDMI Black (WxHxD) 21.3"" x 16.3"" x 7.5"""
B096MXR34N,"Dell SE2422HX Monitor - 24 inch FHD (1920 x 1080) 16:9 Ratio with Comfortview (TUV-Certified), 75Hz Refresh Rate, 16.7 Million Colors, Anti-Glare Screen with 3H Hardness, AMD FreeSync- Black",Electronics,Unknown,59.99,59.99,,4079,FALSE,FALSE,FALSE,255,Available,https://images.pexels.com/photos/37848030/pexels-photo-37848030.jpeg,"Premium quality Dell SE2422HX Monitor - 24 inch FHD (1920 x 1080) 16:9 Ratio with Comfortview (TUV-Certified), 75Hz Refresh Rate, 16.7 Million Colors, Anti-Glare Screen with 3H Hardness, AMD FreeSync- Black"
B01CX26WIG,"SAMSUNG 27"" CF39 Series FHD 1080p Curved Computer Monitor, Ultra Slim Design, AMD FreeSync, 4ms response, HDMI, DisplayPort, VESA Compatible, Wide Viewing Angle, LC27F398FWNXZA, Black",Electronics,Unknown,59.99,59.99,,9115,FALSE,FALSE,FALSE,102,Available,https://images.pexels.com/photos/115655/pexels-photo-115655.jpeg,"Premium quality SAMSUNG 27"" CF39 Series FHD 1080p Curved Computer Monitor, Ultra Slim Design, AMD FreeSync, 4ms response, HDMI, DisplayPort, VESA Compatible, Wide Viewing Angle, LC27F398FWNXZA, Black"
B0B17KHCQN,"SANSUI Monitor 24 Inch 100Hz PC Monitor, HDMI VGA Ports VESA Mount, FHD Computer Monitor Ultra-Slim Ergonomic Tilt Eye Care for Home Office (ES-24F2, HDMI Cable Included)",Electronics,Unknown,79.99,109.99,,3533,FALSE,FALSE,FALSE,61,Available,https://images.pexels.com/photos/17112932/pexels-photo-17112932.jpeg,"Premium quality SANSUI Monitor 24 Inch 100Hz PC Monitor, HDMI VGA Ports VESA Mount, FHD Computer Monitor Ultra-Slim Ergonomic Tilt Eye Care for Home Office (ES-24F2, HDMI Cable Included)"
B09HN7PBPL,"YEYIAN ODRAZ 32” PC Gaming Frameless 4K UHD HDR Monitor 3840x2160 IPS Panel, 1 Billion Colors, Low Blue, 350cd/m2, 1000:1, 60Hz, 4ms, 16:9, 178°, G-Sync, FreeSync, DP/HDMI/USB, Speakers, VESA, Tilt",Electronics,Unknown,249.99,249.99,,111,FALSE,FALSE,FALSE,120,Available,https://images.pexels.com/photos/115655/pexels-photo-115655.jpeg,"Premium quality YEYIAN ODRAZ 32” PC Gaming Frameless 4K UHD HDR Monitor 3840x2160 IPS Panel, 1 Billion Colors, Low Blue, 350cd/m2, 1000:1, 60Hz, 4ms, 16:9, 178°, G-Sync, FreeSync, DP/HDMI/USB, Speakers, VESA, Tilt"
B09B4C6H1G,"VisionTek Radeon RX 550 4GB GDDR5 4K Monitor Graphics Card, 4X DisplayPort Outputs, PCI Express 3.0, DirectX 12, Bus-Powered - 901458",Electronics,Unknown,219.99,269.99,,66,FALSE,FALSE,FALSE,25,Available,https://images.pexels.com/photos/8100064/pexels-photo-8100064.jpeg,"Premium quality VisionTek Radeon RX 550 4GB GDDR5 4K Monitor Graphics Card, 4X DisplayPort Outputs, PCI Express 3.0, DirectX 12, Bus-Powered - 901458"
B098HQ8YRX,"Sceptre 4K IPS 27"" 3840 x 2160 UHD Monitor up to 70Hz DisplayPort HDMI 99% sRGB Build-in Speakers, Black 2021 (U275W-UPT)",Electronics,Unknown,186.9,199.97,,1577,FALSE,FALSE,TRUE,199,Available,https://images.pexels.com/photos/12509206/pexels-photo-12509206.jpeg,"Premium quality Sceptre 4K IPS 27"" 3840 x 2160 UHD Monitor up to 70Hz DisplayPort HDMI 99% sRGB Build-in Speakers, Black 2021 (U275W-UPT)"
B08DQWG3JG,"Dell S2721QS Monitor 27 Inch, 4K UHD (3840 x 2160) IPS Display, Ultra-Thin Bezel, AMD FreeSync, HDMI, DisplayPort, VESA Certified - Silver",Electronics,Unknown,59.99,59.99,,6838,FALSE,FALSE,FALSE,245,Available,https://images.pexels.com/photos/3315303/pexels-photo-3315303.jpeg,"Premium quality Dell S2721QS Monitor 27 Inch, 4K UHD (3840 x 2160) IPS Display, Ultra-Thin Bezel, AMD FreeSync, HDMI, DisplayPort, VESA Certified - Silver"
B0D9R7Q449,LG 27US500-W Ultrafine Monitor 27-Inch 4K UHD (3840x2160) HDR10 IPS Borderless Design Reader Mode Flicker Safe Switch App HDMI DisplayPort - White,Electronics,Unknown,248.25,248.25,,3499,FALSE,FALSE,FALSE,248,Available,https://images.pexels.com/photos/1714202/pexels-photo-1714202.jpeg,Premium quality LG 27US500-W Ultrafine Monitor 27-Inch 4K UHD (3840x2160) HDR10 IPS Borderless Design Reader Mode Flicker Safe Switch App HDMI DisplayPort - White
B0D6GJDSSL,"KOORUI 27 inch 4K Computer Monitor, UHD (3840 x 2160) IPS, HDR400, DCI-P3 95%, 1.07 Billion Colors, USB-C, HDMI, DisplayPort, Tilt Pivot Vertical Height Adjustable, VESA Compatible, Black, 27N7U",Electronics,Unknown,219.99,279.99,,1058,FALSE,FALSE,FALSE,169,Available,https://images.pexels.com/photos/326505/pexels-photo-326505.jpeg,"Premium quality KOORUI 27 inch 4K Computer Monitor, UHD (3840 x 2160) IPS, HDR400, DCI-P3 95%, 1.07 Billion Colors, USB-C, HDMI, DisplayPort, Tilt Pivot Vertical Height Adjustable, VESA Compatible, Black, 27N7U"
B07CS3JGPC,"SAMSUNG 32"" UJ59 Series 4K UHD (3840x2160) Computer Monitor, HDMI, Display Port, Eye Saver/Flicker Free Mode, FreeSync, LU32J590UQNXZA, Black",Electronics,Unknown,302.98,339.99,,4862,FALSE,FALSE,FALSE,296,Available,https://images.pexels.com/photos/3315303/pexels-photo-3315303.jpeg,"Premium quality SAMSUNG 32"" UJ59 Series 4K UHD (3840x2160) Computer Monitor, HDMI, Display Port, Eye Saver/Flicker Free Mode, FreeSync, LU32J590UQNXZA, Black"
B0D51L1475,"AOC U27B3A 4K 27"" IPS 3840x2160 UHD Frameless Monitor, Display Port x1, HDMI x2, Built in Speaker, Eye Care, Flicker Free, 1 Billion+ Colors, sRGB 128.7%, VESA",Electronics,Unknown,179.99,199.99,,2990,FALSE,FALSE,FALSE,217,Available,https://images.pexels.com/photos/159299/graphic-design-studio-tracfone-programming-html-159299.jpeg,"Premium quality AOC U27B3A 4K 27"" IPS 3840x2160 UHD Frameless Monitor, Display Port x1, HDMI x2, Built in Speaker, Eye Care, Flicker Free, 1 Billion+ Colors, sRGB 128.7%, VESA"
B0845NXCXF,"ASUS TUF Gaming VG289Q 28” Gaming Monitor 4K (3840 x 2160) IPS FreeSync Eye Care DisplayPort Dual HDMI HDR 10,BLACK",Electronics,Unknown,239,239,,2083,FALSE,FALSE,FALSE,89,Available,https://images.pexels.com/photos/37848030/pexels-photo-37848030.jpeg,"Premium quality ASUS TUF Gaming VG289Q 28” Gaming Monitor 4K (3840 x 2160) IPS FreeSync Eye Care DisplayPort Dual HDMI HDR 10,BLACK"
B08CVTTNN4,"LG UltraFine UHD 27-Inch 4K UHD 2160p Computer Monitor 27UN850-W, IPS with VESA DisplayHDR 400, AMD FreeSync, and USB-C, White,Silver",Electronics,Unknown,352.56,379.99,,2289,FALSE,FALSE,FALSE,131,Available,https://images.pexels.com/photos/326505/pexels-photo-326505.jpeg,"Premium quality LG UltraFine UHD 27-Inch 4K UHD 2160p Computer Monitor 27UN850-W, IPS with VESA DisplayHDR 400, AMD FreeSync, and USB-C, White,Silver"
B0DCHZ8TDK,"34 Inch Ultrawide Curved Gaming Monitor, 1500R PC Screen 165hz UWQHD 3440x1440, Curved Computer Screen with FreeSync,Multi-Directional Adjustable Base",Electronics,Unknown,249.99,249.99,,634,FALSE,FALSE,FALSE,23,Available,https://images.pexels.com/photos/5833752/pexels-photo-5833752.jpeg,"Premium quality 34 Inch Ultrawide Curved Gaming Monitor, 1500R PC Screen 165hz UWQHD 3440x1440, Curved Computer Screen with FreeSync,Multi-Directional Adjustable Base"
B0D51H96GD,"PHILIPS 27E1N1800A 27"" IPS 4K UHD (3840 x 2160) Monitor, Built-in Speakers, HDR 10, LowBlue Mode, Flicker-Free, VESA, 4Yr Advance Replacement Warranty",Electronics,Unknown,199.99,209.99,,0,FALSE,FALSE,FALSE,114,Available,https://images.pexels.com/photos/17112932/pexels-photo-17112932.jpeg,"Premium quality PHILIPS 27E1N1800A 27"" IPS 4K UHD (3840 x 2160) Monitor, Built-in Speakers, HDR 10, LowBlue Mode, Flicker-Free, VESA, 4Yr Advance Replacement Warranty"
B0C6T7Y81Q,KOORUI 27 Inch 4K UHD(3840 * 2160) Monitor IPS Ultra-Thin Computer Monitor up to 70Hz with 90% DCI-P3 Displayport&HDMI VESA HDR10 (N07),Electronics,Unknown,179.99,229.99,,2336,FALSE,FALSE,FALSE,171,Available,https://images.pexels.com/photos/115655/pexels-photo-115655.jpeg,Premium quality KOORUI 27 Inch 4K UHD(3840 * 2160) Monitor IPS Ultra-Thin Computer Monitor up to 70Hz with 90% DCI-P3 Displayport&HDMI VESA HDR10 (N07)
B0DFV8DKC5,"32 Inch 4K UHD Computer Monitor, Ultra-Clear (3840×2160p) Screen, 100% sRGB,178° Viewing Angle, HDMI?Display Port, Compatible with Wall mounting 100 * 100MM - Black",Electronics,Unknown,239.99,239.99,,502,FALSE,FALSE,FALSE,156,Available,https://images.pexels.com/photos/7491599/pexels-photo-7491599.jpeg,"Premium quality 32 Inch 4K UHD Computer Monitor, Ultra-Clear (3840×2160p) Screen, 100% sRGB,178° Viewing Angle, HDMI?Display Port, Compatible with Wall mounting 100 * 100MM - Black"
B0CQPHJ32Y,"Acer Predator XB273K 27"" 4k Gaming Monitor | AMD FreeSync Premium | ZeroFrame Design | 160Hz Refresh | Up to 0.5ms Response | Height, Tilt, Swivel, Pivot Adjust | HDR 400 | 1 x DP 1.4 & 2 x HDMI 2.1",Electronics,Unknown,369.99,449.99,,809,FALSE,FALSE,FALSE,266,Available,https://images.pexels.com/photos/37848030/pexels-photo-37848030.jpeg,"Premium quality Acer Predator XB273K 27"" 4k Gaming Monitor | AMD FreeSync Premium | ZeroFrame Design | 160Hz Refresh | Up to 0.5ms Response | Height, Tilt, Swivel, Pivot Adjust | HDR 400 | 1 x DP 1.4 & 2 x HDMI 2.1"
B0DFH5RSJX,ZZA 34 inch Curved Gaming monitor 122%sRGB 4K Computer Monitor FreeSync & G-Sync|R1500|up to 165Hz| DisplayPort x2 | 99% sRGB | Picture by Picture | Machine Black|HDR10|DP/HDMI| VESA Mount Compatible,Electronics,Unknown,219.99,219.99,,60,FALSE,FALSE,FALSE,262,Available,https://images.pexels.com/photos/5833752/pexels-photo-5833752.jpeg,Premium quality ZZA 34 inch Curved Gaming monitor 122%sRGB 4K Computer Monitor FreeSync & G-Sync|R1500|up to 165Hz| DisplayPort x2 | 99% sRGB | Picture by Picture | Machine Black|HDR10|DP/HDMI| VESA Mount Compatible
B0D9HWRQM7,"MSI PRO MP273U, IPS 3840 x 2160 (UHD) Computer Monitor, 4K, 60 Hz, Adaptive-Synch, HDMI, DisplayPort, 4ms (GTG), Black",Electronics,Unknown,199.99,199.99,,256,FALSE,FALSE,FALSE,50,Available,https://images.pexels.com/photos/159299/graphic-design-studio-tracfone-programming-html-159299.jpeg,"Premium quality MSI PRO MP273U, IPS 3840 x 2160 (UHD) Computer Monitor, 4K, 60 Hz, Adaptive-Synch, HDMI, DisplayPort, 4ms (GTG), Black"
B0D3WGM8X8,LG 32UR500K-B Ultrafine 32-inch 4K UHD (3840x2160) Computer Monitor HDR10 Built-in Speaker x2 OnScreen Control Reader Mode Flicker Safe Borderless Design HDMIx2 DisplayPort Black,Electronics,Unknown,299,299,,15,FALSE,FALSE,FALSE,59,Available,https://images.pexels.com/photos/1714202/pexels-photo-1714202.jpeg,Premium quality LG 32UR500K-B Ultrafine 32-inch 4K UHD (3840x2160) Computer Monitor HDR10 Built-in Speaker x2 OnScreen Control Reader Mode Flicker Safe Borderless Design HDMIx2 DisplayPort Black
B0C15K7C5S,"MSI Modern MD271UL, 27"" Monitor, 3840 x 2160 (UHD), IPS, 60 Hz, 4ms, HDMI, DP Port, USB C, Tilt, Silver",Electronics,Unknown,59.99,59.99,,304,FALSE,FALSE,FALSE,248,Available,https://images.pexels.com/photos/12509206/pexels-photo-12509206.jpeg,"Premium quality MSI Modern MD271UL, 27"" Monitor, 3840 x 2160 (UHD), IPS, 60 Hz, 4ms, HDMI, DP Port, USB C, Tilt, Silver"
B09MD7PVV2,"Thunderbolt 3 Dock, USB C Laptop Docking Station Dual Monitor, 16-in-1 Laptop Dock for MacBook Pro/Air/Dell/Lenovo/HP, Single 5K/Dual 4K@60Hz Display, USB-C to HDMI Adapter, 60W PD, 10Gbps, Ethernet",Electronics,Unknown,199.99,199.99,,75,FALSE,FALSE,FALSE,55,Available,https://images.pexels.com/photos/13736497/pexels-photo-13736497.jpeg,"Premium quality Thunderbolt 3 Dock, USB C Laptop Docking Station Dual Monitor, 16-in-1 Laptop Dock for MacBook Pro/Air/Dell/Lenovo/HP, Single 5K/Dual 4K@60Hz Display, USB-C to HDMI Adapter, 60W PD, 10Gbps, Ethernet"
B0CP7TNX8C,"Amazon Basics 24 Inch Gaming Monitor, FHD 1080P, 165Hz, VESA Compatible, Adaptive sync, 1ms Response, Black",Electronics,Unknown,129.99,129.99,,36,FALSE,FALSE,FALSE,242,Available,https://images.pexels.com/photos/8100064/pexels-photo-8100064.jpeg,"Premium quality Amazon Basics 24 Inch Gaming Monitor, FHD 1080P, 165Hz, VESA Compatible, Adaptive sync, 1ms Response, Black"
B0D3H42BGV,"GAMEPOWER Bull T10 23.8' 0.5ms 180Hz, 1920x1080p FHD, HDR, Adaptive Sync, Frameless Design, 300 Candela, IPS Panel, Blue Light Filter, Zero Dead Pixel Warranty Gaming Monitor",Electronics,Unknown,95.99,105.99,,165,FALSE,FALSE,FALSE,25,Available,https://images.pexels.com/photos/17112932/pexels-photo-17112932.jpeg,"Premium quality GAMEPOWER Bull T10 23.8' 0.5ms 180Hz, 1920x1080p FHD, HDR, Adaptive Sync, Frameless Design, 300 Candela, IPS Panel, Blue Light Filter, Zero Dead Pixel Warranty Gaming Monitor"
B07TXM7K4T,"Sceptre 30-inch Curved Gaming Monitor 21:9 2560x1080 Ultra Wide/ Slim HDMI DisplayPort up to 200Hz Build-in Speakers, Metal Black (C305B-200UN1)",Electronics,Unknown,180.54,189.97,,11979,FALSE,FALSE,FALSE,239,Available,https://images.pexels.com/photos/326505/pexels-photo-326505.jpeg,"Premium quality Sceptre 30-inch Curved Gaming Monitor 21:9 2560x1080 Ultra Wide/ Slim HDMI DisplayPort up to 200Hz Build-in Speakers, Metal Black (C305B-200UN1)"
B0C7BMXV18,"ASUS TUF Gaming 27” 1080P Monitor (VG279Q3A) – Full HD, 180Hz, 1ms, Fast IPS, Extreme Low Motion Blur Sync, FreeSync Premium, G-SYNC Compatible, Variable Overdrive, 99% sRGB, DisplayPort, HDMI",Electronics,Unknown,139.99,199,,1293,FALSE,FALSE,FALSE,94,Available,https://images.pexels.com/photos/7858742/pexels-photo-7858742.jpeg,"Premium quality ASUS TUF Gaming 27” 1080P Monitor (VG279Q3A) – Full HD, 180Hz, 1ms, Fast IPS, Extreme Low Motion Blur Sync, FreeSync Premium, G-SYNC Compatible, Variable Overdrive, 99% sRGB, DisplayPort, HDMI"
B0CHHK97X5,"Sceptre New 24-inch Gaming Monitor 100Hz 1ms DisplayPort HDMI x2 100% sRGB AMD FreeSync Build-in Speakers, Eye Care Frameless Machine Black 2024 (E248W-FW100T)",Electronics,Unknown,89,95,,33585,FALSE,FALSE,FALSE,23,Available,https://images.pexels.com/photos/326505/pexels-photo-326505.jpeg,"Premium quality Sceptre New 24-inch Gaming Monitor 100Hz 1ms DisplayPort HDMI x2 100% sRGB AMD FreeSync Build-in Speakers, Eye Care Frameless Machine Black 2024 (E248W-FW100T)"
B0CZ23DN8N,"Acer Nitro 27"" 1500R Curved Full HD PC Gaming Monitor | AMD FreeSync Premium | 240Hz | 1ms VRB | Speakers | HDR10 | ErgoStand | VESA Mounting Compliant | 1 x DP 1.4 & 2 x HDMI 2.0 | XZ270 X2bmiiphx",Electronics,Unknown,159.99,249.99,,2003,FALSE,FALSE,FALSE,153,Available,https://images.pexels.com/photos/159299/graphic-design-studio-tracfone-programming-html-159299.jpeg,"Premium quality Acer Nitro 27"" 1500R Curved Full HD PC Gaming Monitor | AMD FreeSync Premium | 240Hz | 1ms VRB | Speakers | HDR10 | ErgoStand | VESA Mounting Compliant | 1 x DP 1.4 & 2 x HDMI 2.0 | XZ270 X2bmiiphx"
B0CZ5KN8HB,"Sceptre Curved 24-inch Gaming Monitor 1500R DisplayPort HDMI X2 Eye Care 100% sRGB Build-in Speakers, 1ms 100Hz Machine Black 2024 (C248W-FW100T Series)",Electronics,Unknown,93.25,99.97,,23105,FALSE,FALSE,FALSE,137,Available,https://images.pexels.com/photos/12509206/pexels-photo-12509206.jpeg,"Premium quality Sceptre Curved 24-inch Gaming Monitor 1500R DisplayPort HDMI X2 Eye Care 100% sRGB Build-in Speakers, 1ms 100Hz Machine Black 2024 (C248W-FW100T Series)"
B0B6JWXZZP,"Acer Nitro 27"" Full HD 1920 x 1080 1500R Curve PC Gaming Monitor | AMD FreeSync Premium | 165Hz Refresh | 1ms (VRB) | ZeroFrame Design | 1 x Display Port 1.4 & 2 x HDMI 2.0 Ports ED270R Mbmiiphx",Electronics,Unknown,129.99,161.99,,2063,FALSE,FALSE,FALSE,113,Available,https://images.pexels.com/photos/115655/pexels-photo-115655.jpeg,"Premium quality Acer Nitro 27"" Full HD 1920 x 1080 1500R Curve PC Gaming Monitor | AMD FreeSync Premium | 165Hz Refresh | 1ms (VRB) | ZeroFrame Design | 1 x Display Port 1.4 & 2 x HDMI 2.0 Ports ED270R Mbmiiphx"
B0B56DVML2,"27 inch Curved Gaming Monitor,144Hz/180Hz PC Monitor Full HD 1080P, Frameless 1800R Computer Display with FreeSync & Eye-Care Technology, Wall Mountable, DP, HDMI Port (Black)",Electronics,Unknown,129.99,159.99,,1527,FALSE,FALSE,FALSE,81,Available,https://images.pexels.com/photos/3315303/pexels-photo-3315303.jpeg,"Premium quality 27 inch Curved Gaming Monitor,144Hz/180Hz PC Monitor Full HD 1080P, Frameless 1800R Computer Display with FreeSync & Eye-Care Technology, Wall Mountable, DP, HDMI Port (Black)"
B0D5ZKSR9C,"SAMSUNG 27-Inch Odyssey G3 (G30D) Series FHD Gaming Monitor, 1ms, 180Hz, AMD FreeSync, Adjustable Stand, Black Equalizer, Virtual Aim Point, Eye Saver Mode, Flicker-Free, LS27DG302ENXZA, 2024",Electronics,Unknown,159.99,229.99,,3431,FALSE,FALSE,FALSE,213,Available,https://images.pexels.com/photos/37848030/pexels-photo-37848030.jpeg,"Premium quality SAMSUNG 27-Inch Odyssey G3 (G30D) Series FHD Gaming Monitor, 1ms, 180Hz, AMD FreeSync, Adjustable Stand, Black Equalizer, Virtual Aim Point, Eye Saver Mode, Flicker-Free, LS27DG302ENXZA, 2024"
B0C4Z8RFY9,"Acer Nitro 27"" WQHD 2560 x 1440 PC Gaming IPS Monitor | AMD FreeSync Premium Up to 180Hz Refresh 0.5ms DCI-P3 95% 1 Display Port 1.2 & 2 HDMI 2.0 XV271U M3bmiiprx,Black",Electronics,Unknown,199.99,289.99,,981,FALSE,FALSE,FALSE,222,Available,https://images.pexels.com/photos/8100064/pexels-photo-8100064.jpeg,"Premium quality Acer Nitro 27"" WQHD 2560 x 1440 PC Gaming IPS Monitor | AMD FreeSync Premium Up to 180Hz Refresh 0.5ms DCI-P3 95% 1 Display Port 1.2 & 2 HDMI 2.0 XV271U M3bmiiprx,Black"
B088MKF848,"ASUS TUF Gaming 32"" 1440P HDR Curved Monitor (VG32VQ1B) - QHD (2560 x 1440), 165Hz (Supports 144Hz), 1ms, Extreme Low Motion Blur, Speaker, FreeSync Premium, VESA Mountable, DisplayPort, HDMI,BLACK",Electronics,Unknown,241,299,,8310,FALSE,FALSE,FALSE,45,Available,https://images.pexels.com/photos/326505/pexels-photo-326505.jpeg,"Premium quality ASUS TUF Gaming 32"" 1440P HDR Curved Monitor (VG32VQ1B) - QHD (2560 x 1440), 165Hz (Supports 144Hz), 1ms, Extreme Low Motion Blur, Speaker, FreeSync Premium, VESA Mountable, DisplayPort, HDMI,BLACK"
B09P7ZK4CJ,"CRUA 27"" 144Hz/180Hz Curved Gaming Monitor, FHD 1080P VA Screen, 99% sRGB Computer Monitors Support FreeSync, PC Monitor Support Wall Mount Install(HDMI, DP)- Black",Electronics,Unknown,129.69,135.99,,2561,FALSE,FALSE,FALSE,192,Available,https://images.pexels.com/photos/17112932/pexels-photo-17112932.jpeg,"Premium quality CRUA 27"" 144Hz/180Hz Curved Gaming Monitor, FHD 1080P VA Screen, 99% sRGB Computer Monitors Support FreeSync, PC Monitor Support Wall Mount Install(HDMI, DP)- Black"
B0DFQ8V151,"Z-Edge 27 inch Curved Gaming Monitor 300Hz Monitor, 1ms 16:9 FHD 1080P Frameless Curved Monitor, UG27S Freesync Eye Care, 2×Display Port, 2×HDMI",Electronics,Unknown,179.99,179.99,,311,FALSE,FALSE,FALSE,152,Available,https://images.pexels.com/photos/3315303/pexels-photo-3315303.jpeg,"Premium quality Z-Edge 27 inch Curved Gaming Monitor 300Hz Monitor, 1ms 16:9 FHD 1080P Frameless Curved Monitor, UG27S Freesync Eye Care, 2×Display Port, 2×HDMI"
B0B6DFG1FQ,"Acer Nitro KG241Y Sbiip 23.8” Full HD (1920 x 1080) VA Gaming Monitor | AMD FreeSync Premium Technology | 165Hz Refresh Rate | 1ms (VRB) | ZeroFrame Design | 1 x Display Port 1.2 & 2 x HDMI 2.0,Black",Electronics,Unknown,114.99,172.99,,2684,FALSE,FALSE,FALSE,137,Available,https://images.pexels.com/photos/5833752/pexels-photo-5833752.jpeg,"Premium quality Acer Nitro KG241Y Sbiip 23.8” Full HD (1920 x 1080) VA Gaming Monitor | AMD FreeSync Premium Technology | 165Hz Refresh Rate | 1ms (VRB) | ZeroFrame Design | 1 x Display Port 1.2 & 2 x HDMI 2.0,Black"
B0CYYV34LK,"INNOCN 27 Inch 1920 x 1080p 180Hz IPS Computer Gaming Monitor, 1ms, G-Sync Compatible HDMI DisplayPort PC Monitor, Ultra Thin, Flicker-Free Eye Care, VESA Mountable, Black",Electronics,Unknown,149.49,149.49,,679,FALSE,FALSE,FALSE,294,Available,https://images.pexels.com/photos/7858742/pexels-photo-7858742.jpeg,"Premium quality INNOCN 27 Inch 1920 x 1080p 180Hz IPS Computer Gaming Monitor, 1ms, G-Sync Compatible HDMI DisplayPort PC Monitor, Ultra Thin, Flicker-Free Eye Care, VESA Mountable, Black"
B0CGD9R7PT,"SANSUI 24 Inch Gaming Monitor 180Hz, DP 1.4 x1 HDMI 2.0 x2 Ports IPS Panel High Refresh Rate Computer Monitor, Racing FPS RTS Modes, 1ms Response Time 110% sRGB (ES-G24F4, HDMI Cable Included)",Electronics,Unknown,99.99,99.99,,1238,FALSE,FALSE,FALSE,231,Available,https://images.pexels.com/photos/12509206/pexels-photo-12509206.jpeg,"Premium quality SANSUI 24 Inch Gaming Monitor 180Hz, DP 1.4 x1 HDMI 2.0 x2 Ports IPS Panel High Refresh Rate Computer Monitor, Racing FPS RTS Modes, 1ms Response Time 110% sRGB (ES-G24F4, HDMI Cable Included)"
B0C48D7Q22,"SAMSUNG 49"" Odyssey OLED G9 (G95SC) Series Curved Smart Gaming Monitor, 240Hz, 0.03ms, G-Sync Compatible, Dual QHD, Neo Quantum Processor Pro, LS49CG954SNXZA, 2023",Electronics,Unknown,59.99,59.99,,4825,FALSE,FALSE,FALSE,244,Available,https://images.pexels.com/photos/8100064/pexels-photo-8100064.jpeg,"Premium quality SAMSUNG 49"" Odyssey OLED G9 (G95SC) Series Curved Smart Gaming Monitor, 240Hz, 0.03ms, G-Sync Compatible, Dual QHD, Neo Quantum Processor Pro, LS49CG954SNXZA, 2023"
B0BV6Q5WPF,"27 Inch Curved Monitor 2K 165Hz 1500R, QHD 2560 x 1440p Gaming Computer Monitor, 16:9 HDMI Display, 1ms, FreeSync, 99% sRGB, Eye Care HDR PC Screen Built-in Speakers, VESA, Tilt Adjustable",Electronics,Unknown,138.99,199.99,,298,FALSE,FALSE,FALSE,39,Available,https://images.pexels.com/photos/37848030/pexels-photo-37848030.jpeg,"Premium quality 27 Inch Curved Monitor 2K 165Hz 1500R, QHD 2560 x 1440p Gaming Computer Monitor, 16:9 HDMI Display, 1ms, FreeSync, 99% sRGB, Eye Care HDR PC Screen Built-in Speakers, VESA, Tilt Adjustable"
B0CZ1THGBR,"PHILIPS 271E1SCA Curved 27 inch Full HD (1920 x 1080) Monitor, 1500R, HDMI x1, VGA x1, AMD FreeSync, Built-in Speakers, LowBlue Mode, VESA Compatible, 4 Year Advance Replacement Warranty",Electronics,Unknown,104.99,119.99,,5022,FALSE,FALSE,FALSE,132,Available,https://images.pexels.com/photos/12509206/pexels-photo-12509206.jpeg,"Premium quality PHILIPS 271E1SCA Curved 27 inch Full HD (1920 x 1080) Monitor, 1500R, HDMI x1, VGA x1, AMD FreeSync, Built-in Speakers, LowBlue Mode, VESA Compatible, 4 Year Advance Replacement Warranty"
B0CQPG9T3J,"acer Nitro 34"" UWQHD 3440 x 1440 1000R Curved PC Gaming Monitor | AMD FreeSync Premium | Up to 180Hz Refresh | Up to 0.5ms | AdobeRGB 90%| Delta E<2 | 1 x DP 1.2 & 2 x HDMI 2.0| EDA343CUR V3bmiippx",Electronics,Unknown,249.99,308.01,,818,FALSE,FALSE,FALSE,159,Available,https://images.pexels.com/photos/3315303/pexels-photo-3315303.jpeg,"Premium quality acer Nitro 34"" UWQHD 3440 x 1440 1000R Curved PC Gaming Monitor | AMD FreeSync Premium | Up to 180Hz Refresh | Up to 0.5ms | AdobeRGB 90%| Delta E<2 | 1 x DP 1.2 & 2 x HDMI 2.0| EDA343CUR V3bmiippx"
B0CDQMQQS2,"SAMSUNG 49"" Odyssey G93SC Series OLED Curved Gaming Monitor, 240Hz, 0.03ms, Dual QHD, DisplayHDR True Black 400, FreeSync Premium Pro, Height Adjustable Stand, 3 Year Warranty, LS49CG932SNXZA, 2023",Electronics,Unknown,59.99,59.99,,1171,FALSE,FALSE,FALSE,66,Available,https://images.pexels.com/photos/5833747/pexels-photo-5833747.jpeg,"Premium quality SAMSUNG 49"" Odyssey G93SC Series OLED Curved Gaming Monitor, 240Hz, 0.03ms, Dual QHD, DisplayHDR True Black 400, FreeSync Premium Pro, Height Adjustable Stand, 3 Year Warranty, LS49CG932SNXZA, 2023"
B0CF6RXZJX,LG 45GR65DC-B Ultragear Curved Gaming Monitor 45-Inch 32:9 QHD 200Hz 1ms UltraWide Display AMD FreeSync Premium Pro VESA DisplayHDR 600 HDMI 2.1 x2 DP UBS x3 Tilt/Height/Swivel Stand - Black,Electronics,Unknown,59.99,59.99,,341,FALSE,FALSE,FALSE,20,Available,https://images.pexels.com/photos/5833752/pexels-photo-5833752.jpeg,Premium quality LG 45GR65DC-B Ultragear Curved Gaming Monitor 45-Inch 32:9 QHD 200Hz 1ms UltraWide Display AMD FreeSync Premium Pro VESA DisplayHDR 600 HDMI 2.1 x2 DP UBS x3 Tilt/Height/Swivel Stand - Black
B09XTNY742,"LG 34WP60C-B 34-Inch 21:9 Curved UltraWide QHD (3440x1440) VA Display with sRGB 99% Color Gamut and HDR 10, AMD FreeSync Premium and 3-Side Virtually Borderless Screen Curved QHD Tilt,Black",Other,Unknown,308.15,349.99,,660,FALSE,FALSE,FALSE,109,Available,https://images.pexels.com/photos/5833752/pexels-photo-5833752.jpeg,"Premium quality LG 34WP60C-B 34-Inch 21:9 Curved UltraWide QHD (3440x1440) VA Display with sRGB 99% Color Gamut and HDR 10, AMD FreeSync Premium and 3-Side Virtually Borderless Screen Curved QHD Tilt,Black"
B0CMC2FZFD,LG 32MR50C-B Curved Monitor 32-Inch FHD 100Hz AMD FreeSync OnScreen Control Dynamic Action Sync Black Stabilizer Tilt Stand (HDMI) - Black,Electronics,Unknown,179.99,179.99,,294,FALSE,FALSE,FALSE,161,Available,https://images.pexels.com/photos/1714202/pexels-photo-1714202.jpeg,Premium quality LG 32MR50C-B Curved Monitor 32-Inch FHD 100Hz AMD FreeSync OnScreen Control Dynamic Action Sync Black Stabilizer Tilt Stand (HDMI) - Black
B0DCYYR4BL,24 inch Curved Gaming Monitor 75Hz Refresh Rate 16:9 Aspect Ratio Ergonomic Tilt & VESA Compatible - Home Office Sync FHD 1920x1080p Visual Experience for Work & Play,Electronics,Unknown,75.99,75.99,,13,FALSE,FALSE,FALSE,57,Available,https://images.pexels.com/photos/7491599/pexels-photo-7491599.jpeg,Premium quality 24 inch Curved Gaming Monitor 75Hz Refresh Rate 16:9 Aspect Ratio Ergonomic Tilt & VESA Compatible - Home Office Sync FHD 1920x1080p Visual Experience for Work & Play
B0CWQMZPJC,"SANSUI 34-Inch Curved Gaming Monitor UWQHD 3440 x 1440 165Hz Curved 1500R - PIP/PBP, 1ms(MPRT), HDR, 300nits, sRGB 125%, DCI-P3 95%,FreeSync,HDMI2.1(TMDS) x2,DP1.4 x2(ES-G34C5 DP Cable Included)",Electronics,Unknown,259.99,259.99,,1503,FALSE,FALSE,FALSE,158,Available,https://images.pexels.com/photos/1714202/pexels-photo-1714202.jpeg,"Premium quality SANSUI 34-Inch Curved Gaming Monitor UWQHD 3440 x 1440 165Hz Curved 1500R - PIP/PBP, 1ms(MPRT), HDR, 300nits, sRGB 125%, DCI-P3 95%,FreeSync,HDMI2.1(TMDS) x2,DP1.4 x2(ES-G34C5 DP Cable Included)"
B0CWR5JVDM,"SANSUI 32-Inch Curved Gaming Monitor WQHD 2560 x 1440 165Hz Curved 1500R -1ms(OD), HDR, 300nits, sRGB 125%, DCI-P3 95%, FreeSync, HDMI2.1(TMDS) x2, DP1.2x2(ES-G32C3 DP Cable Included)",Electronics,Unknown,229.99,229.99,,3533,FALSE,FALSE,FALSE,278,Available,https://images.pexels.com/photos/5833747/pexels-photo-5833747.jpeg,"Premium quality SANSUI 32-Inch Curved Gaming Monitor WQHD 2560 x 1440 165Hz Curved 1500R -1ms(OD), HDR, 300nits, sRGB 125%, DCI-P3 95%, FreeSync, HDMI2.1(TMDS) x2, DP1.2x2(ES-G32C3 DP Cable Included)"
B0DB9Q5G3R,"SAMSUNG 27"" Essential S3 (S36GD) Series FHD 1800R Curved Computer Monitor, 100Hz, Game Mode, Advanced Eye Comfort, HDMI and D-sub Ports, LS27D366GANXZA, 2024",Electronics,Unknown,139.99,179.99,,55,FALSE,FALSE,FALSE,180,Available,https://images.pexels.com/photos/8100064/pexels-photo-8100064.jpeg,"Premium quality SAMSUNG 27"" Essential S3 (S36GD) Series FHD 1800R Curved Computer Monitor, 100Hz, Game Mode, Advanced Eye Comfort, HDMI and D-sub Ports, LS27D366GANXZA, 2024"
B08LCMYT54,"ASUS TUF 34 Inch Curved Gaming Monitor - WQHD (3440x1440), 165Hz, 1ms, Extreme Low Motion Blur, FreeSync Premium, Eye Care, Height Adjustable, DisplayHDR 400, DisplayPort, HDMI, USB - VG34VQL1B",Electronics,Unknown,289,369,,3544,FALSE,FALSE,FALSE,197,Available,https://images.pexels.com/photos/326505/pexels-photo-326505.jpeg,"Premium quality ASUS TUF 34 Inch Curved Gaming Monitor - WQHD (3440x1440), 165Hz, 1ms, Extreme Low Motion Blur, FreeSync Premium, Eye Care, Height Adjustable, DisplayHDR 400, DisplayPort, HDMI, USB - VG34VQL1B"
B0DFGZ4B5N,"34 Inch Ultrawide Curved 144Hz Gaming Computer Monitor 1500R PC Screen?21:9 UWQHD (3440x1440),Adaptive Sync,178° Viewing Angle,Display Port?HDMI,Compatible with Wall mounting - Black",Electronics,Unknown,199.99,199.99,,73,FALSE,FALSE,FALSE,29,Available,https://images.pexels.com/photos/326505/pexels-photo-326505.jpeg,"Premium quality 34 Inch Ultrawide Curved 144Hz Gaming Computer Monitor 1500R PC Screen?21:9 UWQHD (3440x1440),Adaptive Sync,178° Viewing Angle,Display Port?HDMI,Compatible with Wall mounting - Black"
B09ZNQX51B,"AOC CU34G3S 34"" Frameless Curved Ultrawide Gaming Monitor, WQHD 3440 x1440, 165Hz 1ms, FreeSync Premium, Height Adjustable, 3-Year Zero-Bright-dot, Black",Electronics,Unknown,269.99,339.99,,17791,FALSE,FALSE,FALSE,280,Available,https://images.pexels.com/photos/5833752/pexels-photo-5833752.jpeg,"Premium quality AOC CU34G3S 34"" Frameless Curved Ultrawide Gaming Monitor, WQHD 3440 x1440, 165Hz 1ms, FreeSync Premium, Height Adjustable, 3-Year Zero-Bright-dot, Black"
B0CYZ5ZX6V,"CRUA 30Inch Ultrawide Curved Monitor, 21:9 WFHD(2560x1080P) VA Computer Monitor, 99% sRGB 100HZ 1500R PC Monitors Support FreeSync, Wall-Mounted, with HDMI/DP Display Port-Black",Electronics,Unknown,159.99,179.99,,2561,FALSE,FALSE,FALSE,157,Available,https://images.pexels.com/photos/159299/graphic-design-studio-tracfone-programming-html-159299.jpeg,"Premium quality CRUA 30Inch Ultrawide Curved Monitor, 21:9 WFHD(2560x1080P) VA Computer Monitor, 99% sRGB 100HZ 1500R PC Monitors Support FreeSync, Wall-Mounted, with HDMI/DP Display Port-Black"
B0876DBCBX,"LG UltraWide WFHD 29-Inch FHD 1080p Computer Monitor 29WN600-W, IPS with HDR 10 Compatibility, Silver",Electronics,Unknown,199.99,199.99,,4831,FALSE,FALSE,FALSE,191,Available,https://images.pexels.com/photos/1714202/pexels-photo-1714202.jpeg,"Premium quality LG UltraWide WFHD 29-Inch FHD 1080p Computer Monitor 29WN600-W, IPS with HDR 10 Compatibility, Silver"
B08MVBYWGQ,"SAMSUNG 34"" Odyssey G5 Ultra-Wide Gaming Monitor with 1000R Curved Screen, 165Hz, 1ms, FreeSync Premium, WQHD, LC34G55TWWNXZA, 2020, Black",Electronics,Unknown,369.99,549.99,,2358,FALSE,FALSE,FALSE,32,Available,https://images.pexels.com/photos/8100064/pexels-photo-8100064.jpeg,"Premium quality SAMSUNG 34"" Odyssey G5 Ultra-Wide Gaming Monitor with 1000R Curved Screen, 165Hz, 1ms, FreeSync Premium, WQHD, LC34G55TWWNXZA, 2020, Black"
B0B928B6BC,"LG UltraGear QHD 34-Inch Curved Gaming Monitor 34GP63A-B, VA with HDR 10 Compatibility and AMD FreeSync Premium, 160Hz, Black",Electronics,Unknown,318,399.99,,1403,FALSE,FALSE,FALSE,187,Available,https://images.pexels.com/photos/5833752/pexels-photo-5833752.jpeg,"Premium quality LG UltraGear QHD 34-Inch Curved Gaming Monitor 34GP63A-B, VA with HDR 10 Compatibility and AMD FreeSync Premium, 160Hz, Black"
B0CV4HXHJ8,"Sceptre 30-inch IPS Monitor 21:9 DisplayPort x2 up to 210Hz 1ms Ultra Wide/Slim Build-in Speakers, Machine Black 2024 (E305B-FU200T)",Electronics,Unknown,179.97,199.97,,11979,FALSE,FALSE,FALSE,149,Available,https://images.pexels.com/photos/17112932/pexels-photo-17112932.jpeg,"Premium quality Sceptre 30-inch IPS Monitor 21:9 DisplayPort x2 up to 210Hz 1ms Ultra Wide/Slim Build-in Speakers, Machine Black 2024 (E305B-FU200T)"
B0CP6HW894,"SAMSUNG 49-Inch Odyssey G9 Series DQHD 1000R Curved Gaming Monitor, 1ms(GtG), VESA DisplayHDR 1000, 240Hz, AMD FreeSync Premium Pro, Height Adjustable Stand, LS49CG954ENXZA, 2024",Electronics,Unknown,59.99,59.99,,4825,FALSE,FALSE,FALSE,103,Available,https://images.pexels.com/photos/37848030/pexels-photo-37848030.jpeg,"Premium quality SAMSUNG 49-Inch Odyssey G9 Series DQHD 1000R Curved Gaming Monitor, 1ms(GtG), VESA DisplayHDR 1000, 240Hz, AMD FreeSync Premium Pro, Height Adjustable Stand, LS49CG954ENXZA, 2024"
B08V86LGBS,"LG 29WP60G-B UltraWide Monitor 29"" 21:9 FHD (2560 x 1080) IPS Display, sRGB 99% Color Gamut, HDR 10, USB Type-C Connectivity, 3-Side Virtually Borderless Display - Black",Electronics,Unknown,199.99,199.99,,1052,FALSE,FALSE,FALSE,120,Available,https://images.pexels.com/photos/12509206/pexels-photo-12509206.jpeg,"Premium quality LG 29WP60G-B UltraWide Monitor 29"" 21:9 FHD (2560 x 1080) IPS Display, sRGB 99% Color Gamut, HDR 10, USB Type-C Connectivity, 3-Side Virtually Borderless Display - Black"
B0BY9NPLP4,"Acer KB272 EBI 27"" IPS Full HD (1920 x 1080) Zero-Frame Gaming Office Monitor | AMD FreeSync Technology | Up to 100Hz Refresh | 1ms (VRB) | Low Blue Light | Tilt | HDMI & VGA Ports,Black",Electronics,Unknown,99.99,154.99,,1930,FALSE,FALSE,FALSE,292,Available,https://images.pexels.com/photos/17112932/pexels-photo-17112932.jpeg,"Premium quality Acer KB272 EBI 27"" IPS Full HD (1920 x 1080) Zero-Frame Gaming Office Monitor | AMD FreeSync Technology | Up to 100Hz Refresh | 1ms (VRB) | Low Blue Light | Tilt | HDMI & VGA Ports,Black"
B0CXZW42CD,"AOC 22B2HM2 22"" Full HD (1920 x 1080) 100Hz LED Monitor, Adaptive Sync, VGA x1, HDMI x1, Flicker-Free, Low Blue Light, HDR Ready, VESA, Tilt Adjust, Earphone Out, Eco-Friendly",Electronics,Unknown,59.99,69.99,,2446,FALSE,FALSE,FALSE,284,Available,https://images.pexels.com/photos/12509206/pexels-photo-12509206.jpeg,"Premium quality AOC 22B2HM2 22"" Full HD (1920 x 1080) 100Hz LED Monitor, Adaptive Sync, VGA x1, HDMI x1, Flicker-Free, Low Blue Light, HDR Ready, VESA, Tilt Adjust, Earphone Out, Eco-Friendly"
B0C8ZJKPWC,"AOC Q27G3XMN 27"" Mini LED Gaming Monitor, 2K QHD 2560x1440, 180Hz 1ms, 2X HDMI 2.0, 2X Display Port, Height Adjustable, Xbox/PS5/Switch Ready, 3-Year Zero-Bright-dot",Electronics,Unknown,279.99,279.99,,17791,FALSE,FALSE,FALSE,57,Available,https://images.pexels.com/photos/17112932/pexels-photo-17112932.jpeg,"Premium quality AOC Q27G3XMN 27"" Mini LED Gaming Monitor, 2K QHD 2560x1440, 180Hz 1ms, 2X HDMI 2.0, 2X Display Port, Height Adjustable, Xbox/PS5/Switch Ready, 3-Year Zero-Bright-dot"
B08TKRRCTC,"ViewSonic VA2447-MH 24 Inch Full HD 1080p Monitor with Ultra-Thin Bezel, Adaptive Sync, 75Hz, Eye Care, and HDMI, VGA Inputs for Home and Office",Electronics,Unknown,59.99,59.99,,942,FALSE,FALSE,FALSE,113,Available,https://images.pexels.com/photos/777001/pexels-photo-777001.jpeg,"Premium quality ViewSonic VA2447-MH 24 Inch Full HD 1080p Monitor with Ultra-Thin Bezel, Adaptive Sync, 75Hz, Eye Care, and HDMI, VGA Inputs for Home and Office"
B0C7BMTX7Y,"ASUS 27 Inch Monitor - 1080P, IPS, Full HD, Frameless, 100Hz, 1ms, Adaptive-Sync, for Working and Gaming, Low Blue Light, Flicker Free, HDMI, VESA Mountable, Tilt - VA27EHF,Black",Electronics,Unknown,115,115,,3461,FALSE,FALSE,FALSE,114,Available,https://images.pexels.com/photos/777001/pexels-photo-777001.jpeg,"Premium quality ASUS 27 Inch Monitor - 1080P, IPS, Full HD, Frameless, 100Hz, 1ms, Adaptive-Sync, for Working and Gaming, Low Blue Light, Flicker Free, HDMI, VESA Mountable, Tilt - VA27EHF,Black"
B078HSKBG3,"Sceptre 27-Inch FHD LED Gaming Monitor 75Hz 2X HDMI VGA Build-in Speakers, Ultra Slim Metal Black",Electronics,Unknown,59.99,59.99,,3651,FALSE,FALSE,FALSE,88,Available,https://images.pexels.com/photos/5833747/pexels-photo-5833747.jpeg,"Premium quality Sceptre 27-Inch FHD LED Gaming Monitor 75Hz 2X HDMI VGA Build-in Speakers, Ultra Slim Metal Black"
B07CVL2D2S,"Acer 21.5 Inch Full HD (1920 x 1080) IPS Ultra-Thin Zero Frame Computer Monitor (HDMI & VGA Port), SB220Q bi",Electronics,Unknown,89.99,108,,42802,FALSE,FALSE,FALSE,255,Available,https://images.pexels.com/photos/12509206/pexels-photo-12509206.jpeg,"Premium quality Acer 21.5 Inch Full HD (1920 x 1080) IPS Ultra-Thin Zero Frame Computer Monitor (HDMI & VGA Port), SB220Q bi"
B0148NNKTC,Acer 23.8” Full HD 1920 x 1080 IPS Zero Frame Home Office Computer Monitor - 178° Wide View Angle - 16.7M - NTSC 72% Color Gamut - Low Blue Light - Tilt Compatible - VGA HDMI DVI R240HY bidx,Electronics,Unknown,121.18,121.18,,15907,FALSE,FALSE,FALSE,156,Available,https://images.pexels.com/photos/5833752/pexels-photo-5833752.jpeg,Premium quality Acer 23.8” Full HD 1920 x 1080 IPS Zero Frame Home Office Computer Monitor - 178° Wide View Angle - 16.7M - NTSC 72% Color Gamut - Low Blue Light - Tilt Compatible - VGA HDMI DVI R240HY bidx
B0C8ZJP65J,"AOC 24B2H2 24” Frameless IPS Monitor, FHD 1920x1080, 100Hz, 106% sRGB, for Home and Office, HDMI x2, Low Blue Mode, VESA Compatible, Black",Electronics,Unknown,69.99,79.99,,2446,FALSE,TRUE,TRUE,95,Available,https://images.pexels.com/photos/17112932/pexels-photo-17112932.jpeg,"Premium quality AOC 24B2H2 24” Frameless IPS Monitor, FHD 1920x1080, 100Hz, 106% sRGB, for Home and Office, HDMI x2, Low Blue Mode, VESA Compatible, Black"
B0CVM2GJCN,"PHILIPS 22 inch Class Thin Full HD (1920 x 1080) Monitor, 100Hz Refresh Rate, VESA, HDMI x1, VGA x1, LowBlue Mode, Adaptive Sync, 4 Year Advance Replacement Warranty, 221V8LB",Electronics,Unknown,69.99,69.99,,5022,FALSE,TRUE,FALSE,54,Available,https://images.pexels.com/photos/777001/pexels-photo-777001.jpeg,"Premium quality PHILIPS 22 inch Class Thin Full HD (1920 x 1080) Monitor, 100Hz Refresh Rate, VESA, HDMI x1, VGA x1, LowBlue Mode, Adaptive Sync, 4 Year Advance Replacement Warranty, 221V8LB"
B09TQZP9CL,"Dell UltraSharp U2723QE 27"" 4K UHD WLED LCD Monitor - 16:9 - Black, Silver",Electronics,Unknown,434.99,579.99,,760,FALSE,FALSE,FALSE,20,Available,https://images.pexels.com/photos/37848030/pexels-photo-37848030.jpeg,"Premium quality Dell UltraSharp U2723QE 27"" 4K UHD WLED LCD Monitor - 16:9 - Black, Silver"
B0CBVTGLBK,"Acer SH242Y Ebmihx 23.8"" FHD 1920x1080 Home Office Ultra-Thin IPS Computer Monitor AMD FreeSync 100Hz Zero Frame Height/Swivel/Tilt Adjustable Stand Built-in Speakers HDMI 1.4 & VGA Port",Electronics,Unknown,99.99,99.99,,42802,FALSE,TRUE,FALSE,79,Available,https://images.pexels.com/photos/1714202/pexels-photo-1714202.jpeg,"Premium quality Acer SH242Y Ebmihx 23.8"" FHD 1920x1080 Home Office Ultra-Thin IPS Computer Monitor AMD FreeSync 100Hz Zero Frame Height/Swivel/Tilt Adjustable Stand Built-in Speakers HDMI 1.4 & VGA Port"
B088D8JG3L,"KYY Portable Monitor 15.6inch 1080P FHD USB-C, HDMI Computer Display HDR IPS Gaming Monitor w/Premium Smart Cover & Screen Protector, Speakers, for Laptop PC MAC Phone PS4 Xbox Switch",Electronics,Unknown,69.99,129.99,,9149,FALSE,TRUE,FALSE,286,Available,https://images.pexels.com/photos/265144/pexels-photo-265144.jpeg,"Premium quality KYY Portable Monitor 15.6inch 1080P FHD USB-C, HDMI Computer Display HDR IPS Gaming Monitor w/Premium Smart Cover & Screen Protector, Speakers, for Laptop PC MAC Phone PS4 Xbox Switch"
B07774L6TT,"Sceptre 22 inch 75Hz 1080P LED Monitor 99% sRGB HDMI X2 VGA Build-In Speakers, Machine Black (E225W-19203R series)",Electronics,Unknown,70.92,70.92,,9786,FALSE,TRUE,FALSE,248,Available,https://images.pexels.com/photos/12509206/pexels-photo-12509206.jpeg,"Premium quality Sceptre 22 inch 75Hz 1080P LED Monitor 99% sRGB HDMI X2 VGA Build-In Speakers, Machine Black (E225W-19203R series)"
B0BYNVS3RP,"ViewSonic VA3209M 32 Inch IPS Full HD 1080p Monitor with Frameless Design, 75 Hz, Dual Speakers, HDMI, and VGA Inputs for Home and Office,Black",Electronics,Unknown,149.99,149.99,,355,FALSE,TRUE,FALSE,289,Available,https://images.pexels.com/photos/17112932/pexels-photo-17112932.jpeg,"Premium quality ViewSonic VA3209M 32 Inch IPS Full HD 1080p Monitor with Frameless Design, 75 Hz, Dual Speakers, HDMI, and VGA Inputs for Home and Office,Black"
B09TVZHV4W,"Dell UltraSharp U3223QE 31.5"" 4K UHD WLED LCD Monitor - 16:9 - Black, Silver",Electronics,Unknown,609,879.99,,276,FALSE,FALSE,FALSE,232,Available,https://images.pexels.com/photos/115655/pexels-photo-115655.jpeg,"Premium quality Dell UltraSharp U3223QE 31.5"" 4K UHD WLED LCD Monitor - 16:9 - Black, Silver"
B0CP9THGP2,"BenQ GW2490 24"" Computer Monitor 100Hz FHD 1920x1080p | IPS | Eye-Care Tech | VESA Mount |Thin Bezel | Low Blue Light| Adaptive Brightness| Wall Mount | Built-in Speakers | DisplayPort | HDMI x 2",Electronics,Unknown,89.99,99.99,,19268,FALSE,TRUE,FALSE,184,Available,https://images.pexels.com/photos/5833747/pexels-photo-5833747.jpeg,"Premium quality BenQ GW2490 24"" Computer Monitor 100Hz FHD 1920x1080p | IPS | Eye-Care Tech | VESA Mount |Thin Bezel | Low Blue Light| Adaptive Brightness| Wall Mount | Built-in Speakers | DisplayPort | HDMI x 2"
B0B9NNWXVP,"MNN Portable Monitor 15.6inch FHD 1080P USB C HDMI Gaming Ultra-Slim IPS Display w/Smart Cover & Speakers,HDR Plug&Play, External Monitor for Laptop PC Phone Mac (15.6'' 1080P)",Electronics,Unknown,79.99,89.98,,7906,TRUE,TRUE,FALSE,24,Available,https://images.pexels.com/photos/7241679/pexels-photo-7241679.jpeg,"Premium quality MNN Portable Monitor 15.6inch FHD 1080P USB C HDMI Gaming Ultra-Slim IPS Display w/Smart Cover & Speakers,HDR Plug&Play, External Monitor for Laptop PC Phone Mac (15.6'' 1080P)"
B0BS9RH7GX,Acer SB272 27 Inch FHD (1920x1080P) IPS ZeroFrame Home & Office Monitor | AMD FreeSync Technology | Ultra-Thin design | 100Hz Response | Tilt,Electronics,Unknown,99.99,164.99,,839,FALSE,TRUE,FALSE,97,Available,https://images.pexels.com/photos/5833747/pexels-photo-5833747.jpeg,Premium quality Acer SB272 27 Inch FHD (1920x1080P) IPS ZeroFrame Home & Office Monitor | AMD FreeSync Technology | Ultra-Thin design | 100Hz Response | Tilt
B0CWL14K13,SANSUI 27 Inch WQHD 240Hz Gaming Monitor 1440P-1ms AMD FreeSync ?DCI-P3 98% ?Fast IPS?Speakers?HDR10 ?2×DisplayPort 1.4?2×HDMI?Height Adjustable Vertical/Horizontal Rotating Gaming PC Monitor,Electronics,Unknown,249.99,249.99,,1503,FALSE,TRUE,FALSE,81,Available,https://images.pexels.com/photos/5833752/pexels-photo-5833752.jpeg,Premium quality SANSUI 27 Inch WQHD 240Hz Gaming Monitor 1440P-1ms AMD FreeSync ?DCI-P3 98% ?Fast IPS?Speakers?HDR10 ?2×DisplayPort 1.4?2×HDMI?Height Adjustable Vertical/Horizontal Rotating Gaming PC Monitor
B0DDNVFMWS,"24.5 inch Gaming Monitor 180Hz, FHD 1080p, IPS Panel, 0.5ms Response Time, Adaptive sync, PC Computer Monitor, 3-Sided Frameless, Ultra Slim, 100% sRGB, Bluelight Filter, DP*1, HDMI*1",Electronics,Unknown,99.9,99.9,,19,FALSE,TRUE,FALSE,151,Available,https://images.pexels.com/photos/17112932/pexels-photo-17112932.jpeg,"Premium quality 24.5 inch Gaming Monitor 180Hz, FHD 1080p, IPS Panel, 0.5ms Response Time, Adaptive sync, PC Computer Monitor, 3-Sided Frameless, Ultra Slim, 100% sRGB, Bluelight Filter, DP*1, HDMI*1"
B0DGMQ2M1G,"Dell G2725D Gaming Monitor - 27-inch QHD (2560x1440) up to 180 Hz, 2ms Response time, 99% RGB Display, DisplayPort/HDMI Connectivity, AMD FreeSync, Comfortview, Tilt Adjustable - Black",Electronics,Unknown,192.09,192.09,,3,FALSE,TRUE,FALSE,108,Available,https://images.pexels.com/photos/115655/pexels-photo-115655.jpeg,"Premium quality Dell G2725D Gaming Monitor - 27-inch QHD (2560x1440) up to 180 Hz, 2ms Response time, 99% RGB Display, DisplayPort/HDMI Connectivity, AMD FreeSync, Comfortview, Tilt Adjustable - Black"
B08BF4CZSV,HP 24mh FHD Computer Monitor with 23.8-Inch IPS Display (1080p) - Built-In Speakers and VESA Mounting - Height/Tilt Adjustment for Ergonomic Viewing - HDMI and DisplayPort - (1D0J9AA#ABA),Electronics,Unknown,159.49,159.49,,25188,FALSE,FALSE,FALSE,256,Available,https://images.pexels.com/photos/37848030/pexels-photo-37848030.jpeg,Premium quality HP 24mh FHD Computer Monitor with 23.8-Inch IPS Display (1080p) - Built-In Speakers and VESA Mounting - Height/Tilt Adjustment for Ergonomic Viewing - HDMI and DisplayPort - (1D0J9AA#ABA)
B093R6C6B4,"LG 24MP60G-B 24"" Full HD (1920 x 1080) IPS Monitor with AMD FreeSync and 1ms MBR Response Time, and 3-Side Virtually Borderless Design - Black",Electronics,Unknown,99.99,99.99,,1522,FALSE,TRUE,FALSE,61,Available,https://images.pexels.com/photos/1714202/pexels-photo-1714202.jpeg,"Premium quality LG 24MP60G-B 24"" Full HD (1920 x 1080) IPS Monitor with AMD FreeSync and 1ms MBR Response Time, and 3-Side Virtually Borderless Design - Black"
B0C7WGTKJZ,"Acer Nitro 23.8"" Full HD 1920 x 1080 PC Gaming IPS Monitor | AMD FreeSync Premium | 180Hz Refresh | Up to 0.5ms | HDR10 Support | 99% sRGB | 1 x Display Port 1.2 & 2 x HDMI 2.0 | VG240Y M3biip",Electronics,Unknown,109.99,149.99,,2262,FALSE,TRUE,FALSE,108,Available,https://images.pexels.com/photos/115655/pexels-photo-115655.jpeg,"Premium quality Acer Nitro 23.8"" Full HD 1920 x 1080 PC Gaming IPS Monitor | AMD FreeSync Premium | 180Hz Refresh | Up to 0.5ms | HDR10 Support | 99% sRGB | 1 x Display Port 1.2 & 2 x HDMI 2.0 | VG240Y M3biip"
B0CYLMKFSV,27 inch Gaming Monitor IPS 100Hz Computer Monitor Built-in Speakers Full HD 1920 x 1080P with HDMI VGA Interface Eye Care Frameless 100 x 100mm VESA with 3-Side Virtually Borderless Design,Electronics,Unknown,98.99,105.99,,16,FALSE,TRUE,FALSE,123,Available,https://images.pexels.com/photos/5833747/pexels-photo-5833747.jpeg,Premium quality 27 inch Gaming Monitor IPS 100Hz Computer Monitor Built-in Speakers Full HD 1920 x 1080P with HDMI VGA Interface Eye Care Frameless 100 x 100mm VESA with 3-Side Virtually Borderless Design
B088VMY23M,"Sceptre IPS 24” Gaming Monitor 165Hz 144Hz Full HD (1920 x 1080) FreeSync Eye Care FPS RTS DisplayPort HDMI Build-in Speakers, Machine Black 2020 (E248B-FPT168),IPS 24"" 165Hz",Electronics,Unknown,119.66,129.97,,5384,FALSE,TRUE,FALSE,33,Available,https://images.pexels.com/photos/5833747/pexels-photo-5833747.jpeg,"Premium quality Sceptre IPS 24” Gaming Monitor 165Hz 144Hz Full HD (1920 x 1080) FreeSync Eye Care FPS RTS DisplayPort HDMI Build-in Speakers, Machine Black 2020 (E248B-FPT168),IPS 24"" 165Hz"
B07YGZL8XF,"LG UltraGear QHD 27-Inch Gaming Monitor 27GL83A-B - IPS 1ms (GtG), with HDR 10 Compatibility, NVIDIA G-SYNC, and AMD FreeSync, 144Hz, Black",Electronics,Unknown,236,299.99,,12026,FALSE,FALSE,FALSE,198,Available,https://images.pexels.com/photos/8100064/pexels-photo-8100064.jpeg,"Premium quality LG UltraGear QHD 27-Inch Gaming Monitor 27GL83A-B - IPS 1ms (GtG), with HDR 10 Compatibility, NVIDIA G-SYNC, and AMD FreeSync, 144Hz, Black"
B0C1T35BCF,"Acer Nitro 27"" WQHD 2560 x 1440 PC Gaming IPS Monitor | AMD FreeSync Premium | Up to 240Hz Refresh | Up to 0.5ms | DisplayHDR 400 | sRGB 99% | 1 x Display Port 1.4 & 2 x HDMI 2.1 | XV272U W2bmiiprx",Electronics,Unknown,239.99,399.99,,252,FALSE,TRUE,FALSE,144,Available,https://images.pexels.com/photos/326505/pexels-photo-326505.jpeg,"Premium quality Acer Nitro 27"" WQHD 2560 x 1440 PC Gaming IPS Monitor | AMD FreeSync Premium | Up to 240Hz Refresh | Up to 0.5ms | DisplayHDR 400 | sRGB 99% | 1 x Display Port 1.4 & 2 x HDMI 2.1 | XV272U W2bmiiprx"
B0DFMS9GPW,"LG 34"" UltraWide Full HD (2560 x 1080) IPS Monitor, 100Hz, 5ms Response Time, VESA DisplayHDR 400, AMD FreeSync, HDMI, DisplayPort, USB-C - 34WQ500",Electronics,Unknown,229.99,229.99,,4,FALSE,FALSE,FALSE,42,Available,https://images.pexels.com/photos/12509206/pexels-photo-12509206.jpeg,"Premium quality LG 34"" UltraWide Full HD (2560 x 1080) IPS Monitor, 100Hz, 5ms Response Time, VESA DisplayHDR 400, AMD FreeSync, HDMI, DisplayPort, USB-C - 34WQ500"
B0B6CYVXF7,"HP 27h Full HD Monitor - Diagonal - IPS Panel & 75Hz Refresh Rate - Smooth Screen - 3-Sided Micro-Edge Bezel - 100mm Height/Tilt Adjust - Built-in Dual Speakers - for Hybrid Workers,Black",Electronics,Unknown,159.99,229.99,,5039,FALSE,TRUE,FALSE,82,Available,https://images.pexels.com/photos/3315303/pexels-photo-3315303.jpeg,"Premium quality HP 27h Full HD Monitor - Diagonal - IPS Panel & 75Hz Refresh Rate - Smooth Screen - 3-Sided Micro-Edge Bezel - 100mm Height/Tilt Adjust - Built-in Dual Speakers - for Hybrid Workers,Black"
B0D13S2F9T,"KTC 27 Inch QHD Gaming Monitor, 180Hz 1ms GTG Fast IPS 2K Computer Gamer Monitor, 1440P HDR Frameless Monitor with Adaptive Sync, Tilt Adjustment, VESA Compatible, Eye Care, DisplayPort HDMI, H27T22S",Electronics,Unknown,149.99,199.99,,65,FALSE,FALSE,FALSE,162,Available,https://images.pexels.com/photos/7858742/pexels-photo-7858742.jpeg,"Premium quality KTC 27 Inch QHD Gaming Monitor, 180Hz 1ms GTG Fast IPS 2K Computer Gamer Monitor, 1440P HDR Frameless Monitor with Adaptive Sync, Tilt Adjustment, VESA Compatible, Eye Care, DisplayPort HDMI, H27T22S"
B0CLPMK95P,"HP OMEN 24 Inch Monitor Gaming 1080p FHD 165Hz 1ms AMD FreeSync Premium Height Adjustable Anti-Glare Pivot Rotation Eyesafe Certified for PC Desktop Laptop Computer PS4 PS5 Xbox Gamer, Black (Renewed)",Electronics,Unknown,99.99,99.99,,63,FALSE,TRUE,FALSE,172,Available,https://images.pexels.com/photos/5793947/pexels-photo-5793947.jpeg,"Premium quality HP OMEN 24 Inch Monitor Gaming 1080p FHD 165Hz 1ms AMD FreeSync Premium Height Adjustable Anti-Glare Pivot Rotation Eyesafe Certified for PC Desktop Laptop Computer PS4 PS5 Xbox Gamer, Black (Renewed)"
B0B3MNRDGL,"CRUA 24 Inch 144hz/180hz Curved Gaming Monitor, FHD 1080P Frameless Computer Monitors, Support AMD freesync Low Motion Blur, Eye Care, DP, HDMI, Compatible Wall Mountable Installs-Black",Electronics,Unknown,99.99,105.99,,1843,FALSE,TRUE,FALSE,164,Available,https://images.pexels.com/photos/5833747/pexels-photo-5833747.jpeg,"Premium quality CRUA 24 Inch 144hz/180hz Curved Gaming Monitor, FHD 1080P Frameless Computer Monitors, Support AMD freesync Low Motion Blur, Eye Care, DP, HDMI, Compatible Wall Mountable Installs-Black"
B0CSS9X886,"24 Inch Gaming Monitor with 165hz/144hz, IPS 1ms, FHD 1080p and HDR 10 | PC Computer Monitor with 105% sRGB, Bluelight Filter, 2 HDMI & 1 DP Port, Support Freesync and VESA",Electronics,Unknown,89.99,129.99,,346,FALSE,TRUE,FALSE,244,Available,https://images.pexels.com/photos/5833752/pexels-photo-5833752.jpeg,"Premium quality 24 Inch Gaming Monitor with 165hz/144hz, IPS 1ms, FHD 1080p and HDR 10 | PC Computer Monitor with 105% sRGB, Bluelight Filter, 2 HDMI & 1 DP Port, Support Freesync and VESA"
B0997NRZ3F,"ASUS TUF Gaming 23.8” 1080P Monitor (VG247Q1A) - Full HD, 165Hz (Supports 144Hz), 1ms, Extreme Low Motion Blur, Adaptive-sync, FreeSync Premium, Shadow Boost, Speakers, Eye Care, HDMI, DisplayPort",Electronics,Unknown,141.94,159,,8011,FALSE,TRUE,FALSE,123,Available,https://images.pexels.com/photos/326505/pexels-photo-326505.jpeg,"Premium quality ASUS TUF Gaming 23.8” 1080P Monitor (VG247Q1A) - Full HD, 165Hz (Supports 144Hz), 1ms, Extreme Low Motion Blur, Adaptive-sync, FreeSync Premium, Shadow Boost, Speakers, Eye Care, HDMI, DisplayPort"
B09HR8RC46,"Sceptre 24-inch Curved Gaming Monitor 1080p up to 165Hz DisplayPort HDMI 99% sRGB, AMD FreeSync Build-in Speakers Machine Black (C248B-FWT168)",Electronics,Unknown,109.97,129.97,,23105,FALSE,TRUE,FALSE,123,Available,https://images.pexels.com/photos/159299/graphic-design-studio-tracfone-programming-html-159299.jpeg,"Premium quality Sceptre 24-inch Curved Gaming Monitor 1080p up to 165Hz DisplayPort HDMI 99% sRGB, AMD FreeSync Build-in Speakers Machine Black (C248B-FWT168)"
B09TTDRXNS,"KOORUI 24 Inch Computer Monitor -FHD 1080P Gaming Monitor 165Hz VA 1ms, AdaptiveSync Technology, LED Monitors with Ultra-Thin, HDMI X2 /DP, VESA Compatible, Tilt Adjustable, Eye Care 24E4",Electronics,Unknown,99.99,139.99,,3575,FALSE,TRUE,FALSE,58,Available,https://images.pexels.com/photos/777001/pexels-photo-777001.jpeg,"Premium quality KOORUI 24 Inch Computer Monitor -FHD 1080P Gaming Monitor 165Hz VA 1ms, AdaptiveSync Technology, LED Monitors with Ultra-Thin, HDMI X2 /DP, VESA Compatible, Tilt Adjustable, Eye Care 24E4"
B08LLD2QXJ,LG 27GN800-B UltraGear 27 inch QHD (2560x1440) IPS 144Hz 1ms Gaming Monitor AMD FreeSync Premium G-Sync Compatible HDR10 HDMI DisplayPort Black,Electronics,Unknown,204.99,299.99,,2457,FALSE,TRUE,FALSE,217,Available,https://images.pexels.com/photos/37848030/pexels-photo-37848030.jpeg,Premium quality LG 27GN800-B UltraGear 27 inch QHD (2560x1440) IPS 144Hz 1ms Gaming Monitor AMD FreeSync Premium G-Sync Compatible HDR10 HDMI DisplayPort Black
B0D97HDVT3,SANSUI 24 Inch Gaming Monitor 180Hz 1Ms FreeSync HDR 110% sRGB FHD 1080P Computer Monitor HDMI DP Ports Eye Care Frameless VESA Mount Cable Management(ES-G24F4L DP Cable Included),Electronics,Unknown,112.99,139.99,,3533,FALSE,TRUE,FALSE,153,Available,https://images.pexels.com/photos/17112932/pexels-photo-17112932.jpeg,Premium quality SANSUI 24 Inch Gaming Monitor 180Hz 1Ms FreeSync HDR 110% sRGB FHD 1080P Computer Monitor HDMI DP Ports Eye Care Frameless VESA Mount Cable Management(ES-G24F4L DP Cable Included)
B0C2C9KP1F,"Z-Edge 24.5"" Gaming Monitor, Z-Edge UG25I FHD 1920x1080 240Hz Gaming Monitor, 1ms Frameless LED, AMD Freesync Premium Display Port HDMI",Electronics,Unknown,139.99,139.99,,1534,FALSE,TRUE,FALSE,86,Available,https://images.pexels.com/photos/326505/pexels-photo-326505.jpeg,"Premium quality Z-Edge 24.5"" Gaming Monitor, Z-Edge UG25I FHD 1920x1080 240Hz Gaming Monitor, 1ms Frameless LED, AMD Freesync Premium Display Port HDMI"
B0DG1MR5T9,"Gaming Monitor 27 inch QHD (2560x1440p) 240Hz Computer Monitor, 1ms HDR10 IPS DisplayPort HDMI 2K Vertical Monitor, VESA Mountable Built-in Speakers",Electronics,Unknown,259.99,299.99,,346,FALSE,TRUE,FALSE,198,Available,https://images.pexels.com/photos/115655/pexels-photo-115655.jpeg,"Premium quality Gaming Monitor 27 inch QHD (2560x1440p) 240Hz Computer Monitor, 1ms HDR10 IPS DisplayPort HDMI 2K Vertical Monitor, VESA Mountable Built-in Speakers"
B0CN1RDB18,"Sceptre New 24.5-inch Gaming Monitor 240Hz 1ms DisplayPort x2 HDMI x2 100% sRGB AMD FreeSync Premium Build-in Speakers, Machine Black 2024 (E255B-FWD240 Series)",Electronics,Unknown,139.97,149.97,,6698,FALSE,TRUE,TRUE,61,Available,https://images.pexels.com/photos/1714202/pexels-photo-1714202.jpeg,"Premium quality Sceptre New 24.5-inch Gaming Monitor 240Hz 1ms DisplayPort x2 HDMI x2 100% sRGB AMD FreeSync Premium Build-in Speakers, Machine Black 2024 (E255B-FWD240 Series)"
B0B45998BM,"SAMSUNG 25"" Odyssey G4 Series FHD Gaming Monitor, IPS, 240Hz, 1ms, G-Sync Compatible, AMD FreeSync Premium, HDR10, Ultrawide Game View, DisplayPort, HDMI, Fully Adjustable Stand, LS25BG402ENXGO",Electronics,Unknown,217.97,349.99,,483,FALSE,TRUE,FALSE,34,Available,https://images.pexels.com/photos/159299/graphic-design-studio-tracfone-programming-html-159299.jpeg,"Premium quality SAMSUNG 25"" Odyssey G4 Series FHD Gaming Monitor, IPS, 240Hz, 1ms, G-Sync Compatible, AMD FreeSync Premium, HDR10, Ultrawide Game View, DisplayPort, HDMI, Fully Adjustable Stand, LS25BG402ENXGO"
B0BXC41BTD,"AOC CQ27G3Z 27"" Curved Gaming Monitor, QHD 2K 2560x1440, 1000R VA, 240Hz 0.5ms, FreeSync Premium, Height Adjustable Stand, Xbox PS5 Switch, 3-Year Zero-Bright-dot,Black",Electronics,Unknown,249.99,279.99,,14825,FALSE,TRUE,FALSE,130,Available,https://images.pexels.com/photos/326505/pexels-photo-326505.jpeg,"Premium quality AOC CQ27G3Z 27"" Curved Gaming Monitor, QHD 2K 2560x1440, 1000R VA, 240Hz 0.5ms, FreeSync Premium, Height Adjustable Stand, Xbox PS5 Switch, 3-Year Zero-Bright-dot,Black"
B0DFMCXJCK,KTC 27'' 280Hz 240Hz Gaming Monitor 1ms GTG 350nits Fast VA 1080P Tilt 126% sRGB Adaptive Sync 4000:1 Contrast Ratio HDR DisplayPort 1.4/HDMI 2.0 VESA,Electronics,Unknown,169.99,169.99,,318,FALSE,TRUE,FALSE,176,Available,https://images.pexels.com/photos/115655/pexels-photo-115655.jpeg,Premium quality KTC 27'' 280Hz 240Hz Gaming Monitor 1ms GTG 350nits Fast VA 1080P Tilt 126% sRGB Adaptive Sync 4000:1 Contrast Ratio HDR DisplayPort 1.4/HDMI 2.0 VESA
B0DF786923,LG ?27GS93QE 27-inch Ultragear OLED Gaming Monitor QHD 240Hz 0.03ms DisplayHDR True Black 400 AMD FreeSync Premium Pro NVIDIA G-Sync HDMI 2.1 DisplayPort Tilt/Height/Pivot Stand Black,Electronics,Unknown,599.99,899.99,,377,FALSE,TRUE,FALSE,250,Available,https://images.pexels.com/photos/37848030/pexels-photo-37848030.jpeg,Premium quality LG ?27GS93QE 27-inch Ultragear OLED Gaming Monitor QHD 240Hz 0.03ms DisplayHDR True Black 400 AMD FreeSync Premium Pro NVIDIA G-Sync HDMI 2.1 DisplayPort Tilt/Height/Pivot Stand Black
B0C3R5X2RL,"CRUA 27 Inch Curved Gaming Monitor,Full HD(1920x1080P) VA Panel 1800R 240Hz Refresh Rate Computer Monitor with Blue Light Filter,for Gaming & Office(DP,HDMI) - Wall Mountable, Black",Electronics,Unknown,149.99,149.99,,524,FALSE,TRUE,FALSE,176,Available,https://images.pexels.com/photos/17112932/pexels-photo-17112932.jpeg,"Premium quality CRUA 27 Inch Curved Gaming Monitor,Full HD(1920x1080P) VA Panel 1800R 240Hz Refresh Rate Computer Monitor with Blue Light Filter,for Gaming & Office(DP,HDMI) - Wall Mountable, Black"
B09DCBJWDB,"Z-Edge 27-inch Curved Gaming Monitor 16:9 1920x1080 240Hz 1ms Frameless LED Gaming Monitor, UG27P AMD Freesync Premium Display Port HDMI",Electronics,Unknown,159.99,159.99,,460,FALSE,TRUE,FALSE,57,Available,https://images.pexels.com/photos/3315303/pexels-photo-3315303.jpeg,"Premium quality Z-Edge 27-inch Curved Gaming Monitor 16:9 1920x1080 240Hz 1ms Frameless LED Gaming Monitor, UG27P AMD Freesync Premium Display Port HDMI"
B088LG2BSW,"AOC C27G2Z 27"" Curved Frameless Ultra-Fast Gaming Monitor, FHD 1080p, 0.5ms 240Hz, FreeSync, 2x HDMI 2.0, 1x Display Port, Height Adjustable, Xbox PS5 Switch Ready, 3-Year Zero-Bright-Dot",Electronics,Unknown,154.99,179.99,,17791,FALSE,TRUE,FALSE,116,Available,https://images.pexels.com/photos/8100064/pexels-photo-8100064.jpeg,"Premium quality AOC C27G2Z 27"" Curved Frameless Ultra-Fast Gaming Monitor, FHD 1080p, 0.5ms 240Hz, FreeSync, 2x HDMI 2.0, 1x Display Port, Height Adjustable, Xbox PS5 Switch Ready, 3-Year Zero-Bright-Dot"
B0DDXHPVM6,"25 inch Gaming Monitor 1080P FHD 240Hz 1ms, YEYIAN 24.5"" Flat Framless PC Monitors, 92% sRGB VA Screen Computer Monitor, HDR 10, HDMI x2, DP, Freesync Premium, Adaptive G-Sync, VESA Mount, Tilt Adjust",Electronics,Unknown,124.99,124.99,,20,FALSE,FALSE,FALSE,273,Available,https://images.pexels.com/photos/777001/pexels-photo-777001.jpeg,"Premium quality 25 inch Gaming Monitor 1080P FHD 240Hz 1ms, YEYIAN 24.5"" Flat Framless PC Monitors, 92% sRGB VA Screen Computer Monitor, HDR 10, HDMI x2, DP, Freesync Premium, Adaptive G-Sync, VESA Mount, Tilt Adjust"
B0876KP2CK,"ASUS TUF Gaming VG259QM 24.5” Monitor, 1080P Full HD (1920 x 1080), Fast IPS, 280Hz, G-SYNC Compatible, Extreme Low Motion Blur Sync,1ms, DisplayHDR 400, Eye Care, DisplayPort HDMI BLACK",Electronics,Unknown,249,249,,4815,FALSE,TRUE,FALSE,215,Available,https://images.pexels.com/photos/17112932/pexels-photo-17112932.jpeg,"Premium quality ASUS TUF Gaming VG259QM 24.5” Monitor, 1080P Full HD (1920 x 1080), Fast IPS, 280Hz, G-SYNC Compatible, Extreme Low Motion Blur Sync,1ms, DisplayHDR 400, Eye Care, DisplayPort HDMI BLACK"
B0D3QFKBXT,"YEYIAN Avance 24 inch Gaming Monitor 240Hz, FHD 1080P Framless 25” PC Monitors 240Hz 1ms Flat VA Screen HDR 10, 2 HDMI & 1 DP Port, 92% sRGB Computer Monitor, Support Freesync and G-Sync, VESA Mount",Electronics,Unknown,139.99,139.99,,20,FALSE,TRUE,FALSE,105,Available,https://images.pexels.com/photos/7858742/pexels-photo-7858742.jpeg,"Premium quality YEYIAN Avance 24 inch Gaming Monitor 240Hz, FHD 1080P Framless 25” PC Monitors 240Hz 1ms Flat VA Screen HDR 10, 2 HDMI & 1 DP Port, 92% sRGB Computer Monitor, Support Freesync and G-Sync, VESA Mount"
B0C5RW3DPS,"Acer Nitro 27"" WQHD 2560 x 1440 PC Gaming Monitor | AMD FreeSync Premium | Up to 240Hz Refresh | Up to 0.5ms HDR350 | DCI-P3 90% | 1 x Display Port 1.4 & 2 x HDMI 2.1 | KG271U Xbmiipx",Electronics,Unknown,199.99,294.99,,157,FALSE,TRUE,FALSE,29,Available,https://images.pexels.com/photos/777001/pexels-photo-777001.jpeg,"Premium quality Acer Nitro 27"" WQHD 2560 x 1440 PC Gaming Monitor | AMD FreeSync Premium | Up to 240Hz Refresh | Up to 0.5ms HDR350 | DCI-P3 90% | 1 x Display Port 1.4 & 2 x HDMI 2.1 | KG271U Xbmiipx"
B09SG26D3F,"KOORUI 27 Inch QHD Gaming Monitor 144 Hz, IPS, 1ms, DCI-P3 90% Color Gamut, FreeSync G-Sync Compatible, HDMI, DisplayPort, Black",Electronics,Unknown,159.99,159.99,,270,FALSE,TRUE,FALSE,24,Available,https://images.pexels.com/photos/326505/pexels-photo-326505.jpeg,"Premium quality KOORUI 27 Inch QHD Gaming Monitor 144 Hz, IPS, 1ms, DCI-P3 90% Color Gamut, FreeSync G-Sync Compatible, HDMI, DisplayPort, Black"
B0BX1X4382,"MSI G27C4X 27"" Curved Gaming Monitor, 1920 x 1080 (FHD), 1ms, 250Hz, FreeSync, HDMI, DisplayPort, Anti-Flicker, Anti-Glare, HDR Ready,Black",Electronics,Unknown,169.95,169.95,,1911,FALSE,TRUE,FALSE,142,Available,https://images.pexels.com/photos/159299/graphic-design-studio-tracfone-programming-html-159299.jpeg,"Premium quality MSI G27C4X 27"" Curved Gaming Monitor, 1920 x 1080 (FHD), 1ms, 250Hz, FreeSync, HDMI, DisplayPort, Anti-Flicker, Anti-Glare, HDR Ready,Black"
B0CHYLNZZ7,KOORUI 27 inch 240Hz Ultra-Fast FHD Gaming Monitor 1080P HDR10 1MS Framesless Computer Monitors AMD FreeSync DP HDMI 2 Years Warranty Xbox PS5 Switch gam,Electronics,Unknown,169.99,169.99,,9,FALSE,TRUE,FALSE,137,Available,https://images.pexels.com/photos/37848030/pexels-photo-37848030.jpeg,Premium quality KOORUI 27 inch 240Hz Ultra-Fast FHD Gaming Monitor 1080P HDR10 1MS Framesless Computer Monitors AMD FreeSync DP HDMI 2 Years Warranty Xbox PS5 Switch gam
B0CZ1RTYQY,"S2425HS Monitor - 23.8 Inch, FHD (1920x1080) Display, 100Hz Refresh Rate 1500:1 Contrast Ratio, TÜV Rheinland Eye Comfort 4 Star, Integrated 2x5W Speaker, Height/Tilt/Swivel/Pivot - Ash White",Electronics,Dell,119.99,139.99,,1510,FALSE,TRUE,TRUE,178,Available,https://images.pexels.com/photos/7858742/pexels-photo-7858742.jpeg,"Premium quality S2425HS Monitor - 23.8 Inch, FHD (1920x1080) Display, 100Hz Refresh Rate 1500:1 Contrast Ratio, TÜV Rheinland Eye Comfort 4 Star, Integrated 2x5W Speaker, Height/Tilt/Swivel/Pivot - Ash White"
B09DTDRJWP,"S2722QC Monitor - 27 inch 4K USB-C , UHD (3840 x 2160) Display, 60Hz Refresh Rate, 8MS Grey-to-Grey Response Time, Built-in Dual 3W Speakers, 1.07 Billion Colors - Platinum Silver",Electronics,Dell,315.08,369.99,,6838,FALSE,TRUE,FALSE,247,Available,https://images.pexels.com/photos/5833752/pexels-photo-5833752.jpeg,"Premium quality S2722QC Monitor - 27 inch 4K USB-C , UHD (3840 x 2160) Display, 60Hz Refresh Rate, 8MS Grey-to-Grey Response Time, Built-in Dual 3W Speakers, 1.07 Billion Colors - Platinum Silver"
B0D3FGFPPB,"S2725DS Monitor - 27 Inch, QHD (2560x1440) Display, 100Hz refresh rate, 1500:1 contrast ratio, TÜV Rheinland Eye comfort 4 Star, Integrated 2x5W speaker, Height/Tilt/Swivel/Pivot- Ash White color",Electronics,Dell,198.97,219.99,,195,FALSE,FALSE,FALSE,235,Available,https://images.pexels.com/photos/17112932/pexels-photo-17112932.jpeg,"Premium quality S2725DS Monitor - 27 Inch, QHD (2560x1440) Display, 100Hz refresh rate, 1500:1 contrast ratio, TÜV Rheinland Eye comfort 4 Star, Integrated 2x5W speaker, Height/Tilt/Swivel/Pivot- Ash White color"
B095X7RV77,"S3422DWG Curved Gaming Monitor - 34 Inch 1800R Curved Screen with 144Hz Refresh Rate, WQHD (3440 x 1440) Display, HDMI, DP to DP 1.4 Cable, AMD FreeSync - Black",Electronics,Dell,380,399.99,,4109,FALSE,TRUE,FALSE,203,Available,https://images.pexels.com/photos/159299/graphic-design-studio-tracfone-programming-html-159299.jpeg,"Premium quality S3422DWG Curved Gaming Monitor - 34 Inch 1800R Curved Screen with 144Hz Refresh Rate, WQHD (3440 x 1440) Display, HDMI, DP to DP 1.4 Cable, AMD FreeSync - Black"
B07Q3H381D,"DELL 24inch PRO P2419H IPS FULL HD 1920X1080 HDMI VGA DISPLAY PORT LED LCD MONITOR (Renewed), Windows",Electronics,Unknown,87.99,278,,251,FALSE,FALSE,FALSE,34,Available,https://images.pexels.com/photos/5833747/pexels-photo-5833747.jpeg,"Premium quality DELL 24inch PRO P2419H IPS FULL HD 1920X1080 HDMI VGA DISPLAY PORT LED LCD MONITOR (Renewed), Windows"
B0DF9DQG7L,"24"" FHD VA (1920x1080) 60Hz Flicker Free Monitor, Anti-Glare Display, 1 x DisplayPort, 1 x VGA, VESA Mount (100x100mm), Ideal for Home & Business, Black Color (2024 Latest Model)",Electronics,Dell,129.99,129.99,,0,FALSE,TRUE,FALSE,176,Available,https://images.pexels.com/photos/7491599/pexels-photo-7491599.jpeg,"Premium quality 24"" FHD VA (1920x1080) 60Hz Flicker Free Monitor, Anti-Glare Display, 1 x DisplayPort, 1 x VGA, VESA Mount (100x100mm), Ideal for Home & Business, Black Color (2024 Latest Model)"
B09JQZ3HVB,"E2422H 23.8"" FHD 1080p LED LCD Monitor - 16:9 - Black",Electronics,Dell,123,123,,32,FALSE,FALSE,FALSE,155,Available,https://images.pexels.com/photos/115655/pexels-photo-115655.jpeg,"Premium quality E2422H 23.8"" FHD 1080p LED LCD Monitor - 16:9 - Black"
B0971MZ4VB,"24 Monitor - SE2422H 24 5ms (gtg), VA (Vertical Alignment), Full HD (1920 x 1080), 60 Hz (VGA) / 75 Hz (HDMI), Monitor Connectivity: VGA, HDMI 1.4, AMD FreeSync",Electronics,Dell,85.9,127.99,,73,FALSE,FALSE,FALSE,280,Available,https://images.pexels.com/photos/115655/pexels-photo-115655.jpeg,"Premium quality 24 Monitor - SE2422H 24 5ms (gtg), VA (Vertical Alignment), Full HD (1920 x 1080), 60 Hz (VGA) / 75 Hz (HDMI), Monitor Connectivity: VGA, HDMI 1.4, AMD FreeSync"
B09H59H72W,"C1422H 14"" Full HD LCD Monitor - 16:9 - Silver",Electronics,Dell,314.99,314.99,,128,FALSE,FALSE,FALSE,176,Available,https://images.pexels.com/photos/1714202/pexels-photo-1714202.jpeg,"Premium quality C1422H 14"" Full HD LCD Monitor - 16:9 - Silver"
B0C6QRTBHM,"UltraSharp U4924DW 49"" Dual Quad HD (DQHD) Curved Screen Edge WLED LCD Monitor - 32:9,Black",Electronics,Dell,1199.99,1359.99,,27,FALSE,TRUE,FALSE,66,Available,https://images.pexels.com/photos/7491599/pexels-photo-7491599.jpeg,"Premium quality UltraSharp U4924DW 49"" Dual Quad HD (DQHD) Curved Screen Edge WLED LCD Monitor - 32:9,Black"
B07TKN7K2W,"Dell P2219H 21.5-inch Full HD IPS Display with DP, HDMI, VGA & USB 3.0 Ports (Renewed)",Electronics,Unknown,74.49,169,,139,FALSE,FALSE,FALSE,192,Available,https://images.pexels.com/photos/20510008/pexels-photo-20510008.jpeg,"Premium quality Dell P2219H 21.5-inch Full HD IPS Display with DP, HDMI, VGA & USB 3.0 Ports (Renewed)"
B084LB7RN2,"U4320Q 43 Inch 2160p 4K UltraSharp, IPS Thin Bezel Monitor, HDMI, DisplayPort, USB-C, VESA Certified, Black",Electronics,Dell,1079,1079,,212,FALSE,FALSE,FALSE,149,Available,https://images.pexels.com/photos/1714202/pexels-photo-1714202.jpeg,"Premium quality U4320Q 43 Inch 2160p 4K UltraSharp, IPS Thin Bezel Monitor, HDMI, DisplayPort, USB-C, VESA Certified, Black"
B08WNQFWQN,"S2421HN 24 Inch Full HD 1080p (1920 x 1080) 75Hz IPS Ultra-Thin Bezel Monitor 2 x HDMI Ports, Audio Line Out, Adaptive AMD FreeSync, Silver",Electronics,Dell,169.89,169.89,,229,FALSE,FALSE,FALSE,114,Available,https://images.pexels.com/photos/115655/pexels-photo-115655.jpeg,"Premium quality S2421HN 24 Inch Full HD 1080p (1920 x 1080) 75Hz IPS Ultra-Thin Bezel Monitor 2 x HDMI Ports, Audio Line Out, Adaptive AMD FreeSync, Silver"
B0C1KPXPM9,"34"" ViewFinity S50GC Series Ultra-WQHD Monitor, 100Hz, 5ms, HDR10, AMD FreeSync, Eye Care, Borderless Design, PIP, PBP, LS34C502GANXZA, 2023, Black",Electronics,SAMSUNG,279.99,379.99,,2779,FALSE,TRUE,FALSE,134,Available,https://images.pexels.com/photos/7491599/pexels-photo-7491599.jpeg,"Premium quality 34"" ViewFinity S50GC Series Ultra-WQHD Monitor, 100Hz, 5ms, HDR10, AMD FreeSync, Eye Care, Borderless Design, PIP, PBP, LS34C502GANXZA, 2023, Black"
B0CRGJC5ZD,"32-Inch Odyssey G55C Series QHD 1000R Curved Gaming Monitor, 1ms(MPRT), HDR10, 165Hz, AMD Radeon FreeSync, Eye Care, LS32CG550ENXZA, 2024",Electronics,SAMSUNG,280,329.99,,2358,FALSE,FALSE,FALSE,262,Available,https://images.pexels.com/photos/326505/pexels-photo-326505.jpeg,"Premium quality 32-Inch Odyssey G55C Series QHD 1000R Curved Gaming Monitor, 1ms(MPRT), HDR10, 165Hz, AMD Radeon FreeSync, Eye Care, LS32CG550ENXZA, 2024"
B08WGLL83S,"FT45 Series 24-Inch FHD 1080p Computer Monitor, 75Hz, IPS Panel, HDMI, DisplayPort, USB Hub, Height Adjustable Stand, 3 Yr WRNTY (LF24T454FQNXGO),Black",Electronics,SAMSUNG,159.99,159.99,,579,FALSE,TRUE,FALSE,88,Available,https://images.pexels.com/photos/159299/graphic-design-studio-tracfone-programming-html-159299.jpeg,"Premium quality FT45 Series 24-Inch FHD 1080p Computer Monitor, 75Hz, IPS Panel, HDMI, DisplayPort, USB Hub, Height Adjustable Stand, 3 Yr WRNTY (LF24T454FQNXGO),Black"
B0D5ZZ9G26,"24-Inch Odyssey G3 (G30D) Series FHD Gaming Monitor, 1ms, 180Hz, AMD FreeSync, Adjustable Stand, Black Equalizer, Virtual Aim Point, Eye Saver Mode, Flicker-Free, LS24DG302ENXZA, 2024",Electronics,SAMSUNG,139.99,199.99,,3431,FALSE,TRUE,FALSE,167,Available,https://images.pexels.com/photos/8100064/pexels-photo-8100064.jpeg,"Premium quality 24-Inch Odyssey G3 (G30D) Series FHD Gaming Monitor, 1ms, 180Hz, AMD FreeSync, Adjustable Stand, Black Equalizer, Virtual Aim Point, Eye Saver Mode, Flicker-Free, LS24DG302ENXZA, 2024"
B0CK1LL7LF,"24-Inch S33GC Series Business Essential Computer Monitor, IPS Panel, Tilt Only Display Stand, 100Hz, HDMI and DisplayPort, AMD FreeSync, Advanced Eye Care, LS24C332GANXZA, 2023",Electronics,SAMSUNG,119.99,139.99,,341,FALSE,TRUE,FALSE,30,Available,https://images.pexels.com/photos/115655/pexels-photo-115655.jpeg,"Premium quality 24-Inch S33GC Series Business Essential Computer Monitor, IPS Panel, Tilt Only Display Stand, 100Hz, HDMI and DisplayPort, AMD FreeSync, Advanced Eye Care, LS24C332GANXZA, 2023"
B09SKW8D9K,"27” Curved 1080p Full HD Ultra Slim Computer Monitor, AMD FreeSync, HDMI, VGA, 4ms, VESA Mountable, NLY HDMI Cable, White",Electronics,SAMSUNG,147.99,165,,80,FALSE,FALSE,FALSE,273,Available,https://images.pexels.com/photos/5833747/pexels-photo-5833747.jpeg,"Premium quality 27” Curved 1080p Full HD Ultra Slim Computer Monitor, AMD FreeSync, HDMI, VGA, 4ms, VESA Mountable, NLY HDMI Cable, White"
B0D6CKL4HV,"32-Inch S30B Series Business Flat Computer Monitor, 75Hz, Borderless Display, AMD FreeSync, Game Mode, Advanced Eye Care, HDMI and DisplayPort, LS32B304NWNXGO, 2024",Electronics,SAMSUNG,199.99,199.99,,32,FALSE,TRUE,FALSE,57,Available,https://images.pexels.com/photos/115655/pexels-photo-115655.jpeg,"Premium quality 32-Inch S30B Series Business Flat Computer Monitor, 75Hz, Borderless Display, AMD FreeSync, Game Mode, Advanced Eye Care, HDMI and DisplayPort, LS32B304NWNXGO, 2024"
B0D1DBQRRS,"32-Inch M8 (M80D) Series 4K UHD Smart Monitor with Streaming TV, Speakers, HDR10+, AI Upscaling, USB-C, Ergonomic Stand, SlimFit Camera, Gaming Hub, LS32DM801UNXZA, 2024",Electronics,SAMSUNG,649,699.99,,839,FALSE,TRUE,FALSE,153,Available,https://images.pexels.com/photos/159299/graphic-design-studio-tracfone-programming-html-159299.jpeg,"Premium quality 32-Inch M8 (M80D) Series 4K UHD Smart Monitor with Streaming TV, Speakers, HDR10+, AI Upscaling, USB-C, Ergonomic Stand, SlimFit Camera, Gaming Hub, LS32DM801UNXZA, 2024"
B089HPRSJ4,"32"" CR50 FHD 1500R Curved Monitor, 75Hz, 4ms GTG, AMD Freesync, HDMI, VGA (LC32R500FHNXZA)",Electronics,SAMSUNG,196.52,196.52,,2624,FALSE,TRUE,FALSE,219,Available,https://images.pexels.com/photos/326505/pexels-photo-326505.jpeg,"Premium quality 32"" CR50 FHD 1500R Curved Monitor, 75Hz, 4ms GTG, AMD Freesync, HDMI, VGA (LC32R500FHNXZA)"
B09G74YD23,"FHD 27-Inch Computer Monitor 27MP60G-B, IPS with AMD FreeSync, Black",Electronics,LG,129.99,129.99,,1522,FALSE,TRUE,FALSE,42,Available,https://images.pexels.com/photos/7858742/pexels-photo-7858742.jpeg,"Premium quality FHD 27-Inch Computer Monitor 27MP60G-B, IPS with AMD FreeSync, Black"
B0CV27X9K7,34GS95QE 34-inch Ultragear OLED Curved Gaming Monitor WQHD 800R 240Hz 0.03ms DisplayHDR True Black 400 AMD FreeSync Premium Pro NVIDIA G-Sync HDMI 2.1 DisplayPort Tilt/Height/Swivel Stand Black,Electronics,LG,794.99,1299.99,,377,FALSE,TRUE,FALSE,237,Available,https://images.pexels.com/photos/326505/pexels-photo-326505.jpeg,Premium quality 34GS95QE 34-inch Ultragear OLED Curved Gaming Monitor WQHD 800R 240Hz 0.03ms DisplayHDR True Black 400 AMD FreeSync Premium Pro NVIDIA G-Sync HDMI 2.1 DisplayPort Tilt/Height/Swivel Stand Black
B088YN9LBK,"QHD 32-Inch Computer Monitor 32QN600-B, IPS with HDR 10 Compatibility and AMD FreeSync, Black",Electronics,LG,239.67,239.67,,2894,FALSE,TRUE,FALSE,160,Available,https://images.pexels.com/photos/17112932/pexels-photo-17112932.jpeg,"Premium quality QHD 32-Inch Computer Monitor 32QN600-B, IPS with HDR 10 Compatibility and AMD FreeSync, Black"
B093TB6HZH,"UltraWide QHD 34-Inch Computer Monitor 34WP65C-B, VA with HDR 10 Compatibility and AMD FreeSync Premium, Black",Electronics,LG,319.99,399.99,,1034,FALSE,FALSE,FALSE,123,Available,https://images.pexels.com/photos/159299/graphic-design-studio-tracfone-programming-html-159299.jpeg,"Premium quality UltraWide QHD 34-Inch Computer Monitor 34WP65C-B, VA with HDR 10 Compatibility and AMD FreeSync Premium, Black"
B07PDHSVSW,"FHD 32-Inch Computer Monitor 32ML600M-B, IPS with HDR 10 Compatibility, Black",Electronics,LG,199.99,199.99,,2586,FALSE,TRUE,FALSE,229,Available,https://images.pexels.com/photos/7858742/pexels-photo-7858742.jpeg,"Premium quality FHD 32-Inch Computer Monitor 32ML600M-B, IPS with HDR 10 Compatibility, Black"
B09XTD5C7H,"28MQ780-B 28 Inch SDQHD (2560 x 2880) Nano IPS DualUp Monitor with Ergo Stand, DCI-P3 98% (Typ.) with HDR10, USB Type-C (90W PD) - Black",Electronics,LG,666.71,699.99,,496,FALSE,TRUE,FALSE,130,Available,https://images.pexels.com/photos/37848030/pexels-photo-37848030.jpeg,"Premium quality 28MQ780-B 28 Inch SDQHD (2560 x 2880) Nano IPS DualUp Monitor with Ergo Stand, DCI-P3 98% (Typ.) with HDR10, USB Type-C (90W PD) - Black"
B0CLGSW5LC,"32"" Smart Screen 1080p Portable Monitor with Incell Touch Screen, Android OS(Support Google Store), Built-in Battery(4-6H), Full Swivel Rotation, Voice Remote Control (Inches, 32)",Electronics,ApoloSign,849.99,1099.99,,55,FALSE,TRUE,FALSE,123,Available,https://images.pexels.com/photos/7491599/pexels-photo-7491599.jpeg,"Premium quality 32"" Smart Screen 1080p Portable Monitor with Incell Touch Screen, Android OS(Support Google Store), Built-in Battery(4-6H), Full Swivel Rotation, Voice Remote Control (Inches, 32)"
B0D1G831F1,"34 Inch Ultrawide Curved 144Hz Gaming Computer Monitor 1500R PC Screen 21:9 UWQHD (3440x1440),Adaptive Sync,178° Viewing Angle,HDMI?Display Port,Compatible with Wall mounting - Black",Electronics,Unknown,239.99,239.99,,502,FALSE,TRUE,FALSE,190,Available,https://images.pexels.com/photos/3315303/pexels-photo-3315303.jpeg,"Premium quality 34 Inch Ultrawide Curved 144Hz Gaming Computer Monitor 1500R PC Screen 21:9 UWQHD (3440x1440),Adaptive Sync,178° Viewing Angle,HDMI?Display Port,Compatible with Wall mounting - Black"
B0CDM89FL9,"Nitro 27"" Full HD 1920 x 1080 PC Gaming IPS Monitor | AMD FreeSync Premium | 180Hz Refresh | Up to 0.5ms | HDR10 Support | 99% sRGB | 1 x Display Port 1.2 & 2 x HDMI 2.0 | KG271 M3biip,Black",Electronics,acer,144.99,194.99,,176,FALSE,TRUE,FALSE,152,Available,https://images.pexels.com/photos/115655/pexels-photo-115655.jpeg,"Premium quality Nitro 27"" Full HD 1920 x 1080 PC Gaming IPS Monitor | AMD FreeSync Premium | 180Hz Refresh | Up to 0.5ms | HDR10 Support | 99% sRGB | 1 x Display Port 1.2 & 2 x HDMI 2.0 | KG271 M3biip,Black"
B0BS9RGKZZ,"SB242Y EBI 23.8"" Full HD (1920 x 1080) IPS Zero-Frame Gaming Office Monitor | AMD FreeSync Technology Ultra-Thin Stylish Design 100Hz 1ms (VRB) Low Blue Light Tilt HDMI & VGA Ports",Electronics,acer,108,124.98,,727,FALSE,FALSE,FALSE,146,Available,https://images.pexels.com/photos/17112932/pexels-photo-17112932.jpeg,"Premium quality SB242Y EBI 23.8"" Full HD (1920 x 1080) IPS Zero-Frame Gaming Office Monitor | AMD FreeSync Technology Ultra-Thin Stylish Design 100Hz 1ms (VRB) Low Blue Light Tilt HDMI & VGA Ports"
B07YGY3RLN,"EZ321Q wi 31.5"" Full HD (1920 x 1080) IPS Monitor (HDMI & VGA port), White",Electronics,acer,164.99,199.99,,1535,FALSE,TRUE,FALSE,125,Available,https://images.pexels.com/photos/7858742/pexels-photo-7858742.jpeg,"Premium quality EZ321Q wi 31.5"" Full HD (1920 x 1080) IPS Monitor (HDMI & VGA port), White"
B07TNM8L6S,"VG248QG 24"" G-SYNC Gaming Monitor 165Hz 1080p 0.5ms Eye Care with DP HDMI DVI,Black",Electronics,ASUS,169,169,,7448,FALSE,TRUE,FALSE,111,Available,https://images.pexels.com/photos/12509206/pexels-photo-12509206.jpeg,"Premium quality VG248QG 24"" G-SYNC Gaming Monitor 165Hz 1080p 0.5ms Eye Care with DP HDMI DVI,Black"
B07WQ4FXY9,"TUF Gaming 27"" 2K HDR Gaming Monitor (VG27AQ) - QHD (2560 x 1440), 165Hz (Supports 144Hz), 1ms, Extreme Low Motion Blur, Speaker, G-SYNC Compatible, VESA Mountable, DisplayPort, HDMI ,Black",Electronics,ASUS,265,279,,4485,FALSE,TRUE,FALSE,70,Available,https://images.pexels.com/photos/159299/graphic-design-studio-tracfone-programming-html-159299.jpeg,"Premium quality TUF Gaming 27"" 2K HDR Gaming Monitor (VG27AQ) - QHD (2560 x 1440), 165Hz (Supports 144Hz), 1ms, Extreme Low Motion Blur, Speaker, G-SYNC Compatible, VESA Mountable, DisplayPort, HDMI ,Black"
B08C5MGFXQ,"VA24DQ 23.8” Monitor, 1080P Full HD, 75Hz, IPS, Adaptive-Sync/FreeSync, Eye Care, HDMI DisplayPort VGA, Frameless, VESA Wall Mountable ,BLACK",Electronics,ASUS,114.99,114.99,,1938,FALSE,TRUE,FALSE,48,Available,https://images.pexels.com/photos/17112932/pexels-photo-17112932.jpeg,"Premium quality VA24DQ 23.8” Monitor, 1080P Full HD, 75Hz, IPS, Adaptive-Sync/FreeSync, Eye Care, HDMI DisplayPort VGA, Frameless, VESA Wall Mountable ,BLACK"
B0BQPZYKH1,"ROG Strix 27” 1440P Gaming Monitor (XG27AQMR) - 27”, QHD (2560 x 1440), Fast IPS, 300Hz, 1ms, G-SYNC Compatible, FreeSync Premium Pro, Extreme Low Motion Blur Sync, DisplayPort, DisplayHDR 600",Electronics,ASUS,399,599,,100,FALSE,TRUE,FALSE,233,Available,https://images.pexels.com/photos/1714202/pexels-photo-1714202.jpeg,"Premium quality ROG Strix 27” 1440P Gaming Monitor (XG27AQMR) - 27”, QHD (2560 x 1440), Fast IPS, 300Hz, 1ms, G-SYNC Compatible, FreeSync Premium Pro, Extreme Low Motion Blur Sync, DisplayPort, DisplayHDR 600"
B0CV24GQ9W,"ROG Strix 27” QHD (2560x1440) HDR400 USB-C Gaming Monitor (XG27ACS), 180Hz,1ms, Fast IPS, 133% sRGB, Extreme Low Motion Blur Sync, G-Sync Compatible, DisplayWidget, Tripod Socket, 3 Year Warranty",Electronics,ASUS,257.25,299,,180,FALSE,FALSE,FALSE,286,Available,https://images.pexels.com/photos/7491599/pexels-photo-7491599.jpeg,"Premium quality ROG Strix 27” QHD (2560x1440) HDR400 USB-C Gaming Monitor (XG27ACS), 180Hz,1ms, Fast IPS, 133% sRGB, Extreme Low Motion Blur Sync, G-Sync Compatible, DisplayWidget, Tripod Socket, 3 Year Warranty"
B08K2DSMJV,"TUF Gaming 23.6"" 1080P Curved Monitor (VG24VQE) - Full HD, 165Hz, 1ms, Extreme Low Motion Blur, Adaptive-Sync, FreeSync Premium, Shadow Boost, VESA Mountable, DisplayPort, HDMI, BLACK",Electronics,ASUS,109.99,169,,2621,FALSE,TRUE,FALSE,276,Available,https://images.pexels.com/photos/17112932/pexels-photo-17112932.jpeg,"Premium quality TUF Gaming 23.6"" 1080P Curved Monitor (VG24VQE) - Full HD, 165Hz, 1ms, Extreme Low Motion Blur, Adaptive-Sync, FreeSync Premium, Shadow Boost, VESA Mountable, DisplayPort, HDMI, BLACK"
B09MZQ978N,"ZenScreen 15.6” 1080P Portable USB Monitor (MB166C) - Full HD, IPS, USB Type-C, , Tripod Mountable, Anti-Glare Surface, Protective Sleeve, 3-Year Warranty",Electronics,ASUS,119,139,,2924,FALSE,TRUE,FALSE,120,Available,https://images.pexels.com/photos/5833747/pexels-photo-5833747.jpeg,"Premium quality ZenScreen 15.6” 1080P Portable USB Monitor (MB166C) - Full HD, IPS, USB Type-C, , Tripod Mountable, Anti-Glare Surface, Protective Sleeve, 3-Year Warranty"
B0CV26XVMD,"ROG Swift 32” 4K OLED Gaming Monitor (PG32UCDM) - UHD (3840 x 2160), QD-OLED, 240Hz, 0.03ms, G-SYNC Compatible, Custom Heatsink, Graphene film, 99% DCI-P3, True 10-bit, 90W USB-C, 3 year warranty",Electronics,ASUS,1229.99,1299,,63,FALSE,TRUE,FALSE,129,Available,https://images.pexels.com/photos/159299/graphic-design-studio-tracfone-programming-html-159299.jpeg,"Premium quality ROG Swift 32” 4K OLED Gaming Monitor (PG32UCDM) - UHD (3840 x 2160), QD-OLED, 240Hz, 0.03ms, G-SYNC Compatible, Custom Heatsink, Graphene film, 99% DCI-P3, True 10-bit, 90W USB-C, 3 year warranty"
B0845QFDVM,"TUF Gaming VG279QM 27” HDR Monitor, 1080P Full HD (1920 x 1080), Fast IPS, 280Hz, G-SYNC Compatible, Extreme Low Motion Blur Sync (ELMB SYNC), 1ms, DisplayHDR 400,, BLACK",Electronics,ASUS,269.99,269.99,,4815,FALSE,TRUE,FALSE,201,Available,https://images.pexels.com/photos/326505/pexels-photo-326505.jpeg,"Premium quality TUF Gaming VG279QM 27” HDR Monitor, 1080P Full HD (1920 x 1080), Fast IPS, 280Hz, G-SYNC Compatible, Extreme Low Motion Blur Sync (ELMB SYNC), 1ms, DisplayHDR 400,, BLACK"
B08CYCF12P,"VP229Q 21.5” Monitor, 1080P Full HD, 75Hz, IPS, FreeSync/Adaptive-Sync, Eye Care, HDMI DisplayPort VGA, Frameless, VESA Wall Mountable BLACK",Electronics,ASUS,105.85,119,,3476,FALSE,TRUE,FALSE,20,Available,https://images.pexels.com/photos/3315303/pexels-photo-3315303.jpeg,"Premium quality VP229Q 21.5” Monitor, 1080P Full HD, 75Hz, IPS, FreeSync/Adaptive-Sync, Eye Care, HDMI DisplayPort VGA, Frameless, VESA Wall Mountable BLACK"
B093F8589L,"27” 1080P Monitor (VA27DQ) - Full HD, IPS, 75Hz, Speakers, Adaptive-sync/FreeSync™, Low Blue Light, Flicker Free, VESA Mountable, Frameless, HDMI, VGA, DisplayPort, Tilt Adjustable, BLACK",Electronics,ASUS,136.95,159,,1719,FALSE,FALSE,FALSE,74,Available,https://images.pexels.com/photos/5833747/pexels-photo-5833747.jpeg,"Premium quality 27” 1080P Monitor (VA27DQ) - Full HD, IPS, 75Hz, Speakers, Adaptive-sync/FreeSync™, Low Blue Light, Flicker Free, VESA Mountable, Frameless, HDMI, VGA, DisplayPort, Tilt Adjustable, BLACK"
B09NF49CDZ,"PD2705U Mac-Ready Monitor 27"" 4K UHD | IPS | DeltaE ?3 | ICC Sync | Calibration Report | Uniformity | HotKey Puck | Ergonomic | DisplayPort | USB-C (65W) | USB Hub,Black",Electronics,BenQ,419.99,499.99,,1076,FALSE,TRUE,FALSE,168,Available,https://images.pexels.com/photos/7491599/pexels-photo-7491599.jpeg,"Premium quality PD2705U Mac-Ready Monitor 27"" 4K UHD | IPS | DeltaE ?3 | ICC Sync | Calibration Report | Uniformity | HotKey Puck | Ergonomic | DisplayPort | USB-C (65W) | USB Hub,Black"
B09BJVZVTB,"MOBIUZ EX2710S Gaming Monitor 27"" FHD 1080p 165Hz 1ms | IPS | HDRi | 99% sRGB | Color Optimizer | Eye-Care Tech | Freesync | Adjustable Height, Swivel & Tilt | Speakers | DisplayPort | HDMI",Electronics,BenQ,159.99,179.99,,1751,FALSE,TRUE,FALSE,156,Available,https://images.pexels.com/photos/5833747/pexels-photo-5833747.jpeg,"Premium quality MOBIUZ EX2710S Gaming Monitor 27"" FHD 1080p 165Hz 1ms | IPS | HDRi | 99% sRGB | Color Optimizer | Eye-Care Tech | Freesync | Adjustable Height, Swivel & Tilt | Speakers | DisplayPort | HDMI"
B0DBBD6LB3,"MA320U 32” 4K 3840x2160 Monitor for MacBook® Pro/Air, Dual USB-C, 90W Power Delivery, Mac Color Match, USB Hub, Brightness & Volume Control on Mac, Height & Tilt Adjustable Stand, P3 Color Gamut",Electronics,BenQ,599.99,599.99,,0,FALSE,FALSE,FALSE,221,Available,https://images.pexels.com/photos/17112932/pexels-photo-17112932.jpeg,"Premium quality MA320U 32” 4K 3840x2160 Monitor for MacBook® Pro/Air, Dual USB-C, 90W Power Delivery, Mac Color Match, USB Hub, Brightness & Volume Control on Mac, Height & Tilt Adjustable Stand, P3 Color Gamut"
B08JHGH42Y,ZOWIE XL2540K 24.5-inch 240Hz Gaming Monitor 1080P 1ms Smaller Base Flexible Height & Tilt Adjustment XL Setting to Share Customizable Quick Menu Black eQualizer Color Vibrance,Electronics,BenQ,289,329,,1521,FALSE,TRUE,FALSE,136,Available,https://images.pexels.com/photos/777001/pexels-photo-777001.jpeg,Premium quality ZOWIE XL2540K 24.5-inch 240Hz Gaming Monitor 1080P 1ms Smaller Base Flexible Height & Tilt Adjustment XL Setting to Share Customizable Quick Menu Black eQualizer Color Vibrance
B0918QXTGN,"PD2725U Thunderbolt 3 Monitor for Macbook 27"" 4K UHD | 100% Rec.709 & sRGB,95% P3 | IPS | DeltaE?3 | Pantone | Calibration Report | Ergonomic | USB-C (65W) | Daisy Chain,Black",Electronics,BenQ,699.99,799.99,,453,FALSE,TRUE,FALSE,173,Available,https://images.pexels.com/photos/37848030/pexels-photo-37848030.jpeg,"Premium quality PD2725U Thunderbolt 3 Monitor for Macbook 27"" 4K UHD | 100% Rec.709 & sRGB,95% P3 | IPS | DeltaE?3 | Pantone | Calibration Report | Ergonomic | USB-C (65W) | Daisy Chain,Black"
B078HWBGH5,"EW3270U Premium Monitor 32"" 4K UHD | HDRi | DCI-P3 | Eye-Care Tech | Adaptive Brightness | Tilt Screen | Built-In Speakers | Eye Reminder | DisplayPort | HDMI | USB-C,Black",Electronics,BenQ,299.99,299.99,,4757,FALSE,TRUE,FALSE,82,Available,https://images.pexels.com/photos/159299/graphic-design-studio-tracfone-programming-html-159299.jpeg,"Premium quality EW3270U Premium Monitor 32"" 4K UHD | HDRi | DCI-P3 | Eye-Care Tech | Adaptive Brightness | Tilt Screen | Built-In Speakers | Eye Reminder | DisplayPort | HDMI | USB-C,Black"
B09C2TD9T4,"MOBIUZ EX2710Q Gaming Monitor 27"" QHD 1440p 165Hz 1ms | IPS | HDRi | DCI-P3 | Freesync Premium | Eye-Care Tech | Adjustable Height, Swivel & Tilt | 2.1 Speakers | DisplayPort | HDMI | USB Hub",Electronics,BenQ,269.99,349.99,,232,FALSE,TRUE,FALSE,263,Available,https://images.pexels.com/photos/115655/pexels-photo-115655.jpeg,"Premium quality MOBIUZ EX2710Q Gaming Monitor 27"" QHD 1440p 165Hz 1ms | IPS | HDRi | DCI-P3 | Freesync Premium | Eye-Care Tech | Adjustable Height, Swivel & Tilt | 2.1 Speakers | DisplayPort | HDMI | USB Hub"
B0BVXYJXK7,"GW2790QT Productivity Monitor 27"" 1440p | IPS| Eye-Care Tech | 99% sRGB | Brightness Intelligence Gen2 | Noise-Cancelling Mic & Speakers | Ergonomic | USB-C (65W) | USB Hub | DaisyChain | White",Electronics,BenQ,249.99,279.99,,314,FALSE,FALSE,FALSE,44,Available,https://images.pexels.com/photos/37848030/pexels-photo-37848030.jpeg,"Premium quality GW2790QT Productivity Monitor 27"" 1440p | IPS| Eye-Care Tech | 99% sRGB | Brightness Intelligence Gen2 | Noise-Cancelling Mic & Speakers | Ergonomic | USB-C (65W) | USB Hub | DaisyChain | White"
B0D2PHW5Y8,"RD280UA 28.2” 4K 3840x2560 Programming Monitor Backlight, Ergo Flexible Arm, 90W USB-C, Fine-Coated Panel, Advanced Coding Modes, Night Hours Protection, Coding HotKey, Eye-Care Tech",Electronics,BenQ,629.99,629.99,,19,FALSE,TRUE,FALSE,109,Available,https://images.pexels.com/photos/7858742/pexels-photo-7858742.jpeg,"Premium quality RD280UA 28.2” 4K 3840x2560 Programming Monitor Backlight, Ergo Flexible Arm, 90W USB-C, Fine-Coated Panel, Advanced Coding Modes, Night Hours Protection, Coding HotKey, Eye-Care Tech"
B0B3FVVL34,"MOBIUZ EX240 Gaming Monitor 24"" FHD 1080p 165Hz 1ms | IPS | HDRi | sRGB | Color Optimizer | Black eQualizer | Freesync | Eye-Care | Height, Swivel & Tilt | DisplayPort | HDMI | Built-In Speakers",Electronics,BenQ,159.99,169.99,,271,FALSE,TRUE,FALSE,94,Available,https://images.pexels.com/photos/5833747/pexels-photo-5833747.jpeg,"Premium quality MOBIUZ EX240 Gaming Monitor 24"" FHD 1080p 165Hz 1ms | IPS | HDRi | sRGB | Color Optimizer | Black eQualizer | Freesync | Eye-Care | Height, Swivel & Tilt | DisplayPort | HDMI | Built-In Speakers"
B0BZT3SLWV,"SW272Q 27-inch 2K 90W USB-C Photographer Monitor, 99% Adobe RGB, 98% DCI-P3/Display P3, Nano Matte Panel with TUV Anti-Reflection Certification, 1.07 Billion Colors, 16 bit 3D LUT, HDR",Electronics,BenQ,799.99,799.99,,80,FALSE,TRUE,FALSE,229,Available,https://images.pexels.com/photos/8100064/pexels-photo-8100064.jpeg,"Premium quality SW272Q 27-inch 2K 90W USB-C Photographer Monitor, 99% Adobe RGB, 98% DCI-P3/Display P3, Nano Matte Panel with TUV Anti-Reflection Certification, 1.07 Billion Colors, 16 bit 3D LUT, HDR"
B09NF2472W,"MOBIUZ EX3210U Gaming Monitor 32"" 4K UHD 144Hz 1ms w/Remote | IPS | HDRi | AdobeRGB | P3 | Freesync Premium Pro | Height, Swivel & Tilt | 2.1 Audio & Subwoofer | Noise-Cancelling Mic | HDMI 2.1",Electronics,BenQ,629.99,699.99,,240,FALSE,TRUE,FALSE,36,Available,https://images.pexels.com/photos/12509206/pexels-photo-12509206.jpeg,"Premium quality MOBIUZ EX3210U Gaming Monitor 32"" 4K UHD 144Hz 1ms w/Remote | IPS | HDRi | AdobeRGB | P3 | Freesync Premium Pro | Height, Swivel & Tilt | 2.1 Audio & Subwoofer | Noise-Cancelling Mic | HDMI 2.1"
B07WQBC96R,"EW2480 Gaming Monitor 24"" FHD 1080p | IPS | HDRi | Eye-Care Tech w/ Sensor | TUV Certified | Adaptive Brightness | FreeSync | Tilt Screen | Built-In Speakers | Eye Reminder | HDMI | VESA Ready",Electronics,BenQ,119.99,159.99,,673,FALSE,TRUE,FALSE,147,Available,https://images.pexels.com/photos/5833747/pexels-photo-5833747.jpeg,"Premium quality EW2480 Gaming Monitor 24"" FHD 1080p | IPS | HDRi | Eye-Care Tech w/ Sensor | TUV Certified | Adaptive Brightness | FreeSync | Tilt Screen | Built-In Speakers | Eye Reminder | HDMI | VESA Ready"
B09XT25M8M,"GW2480L Computer Monitor 24"" FHD 1920x1080p | IPS | Eye-Care Tech | Low Blue Light Plus Panel | Anti-Glare | Adaptive Brightness | Tilt Screen | Built-In Speakers | DisplayPort | HDMI | VGA,Black",Electronics,BenQ,161.71,161.71,,41,FALSE,FALSE,FALSE,270,Available,https://images.pexels.com/photos/1714202/pexels-photo-1714202.jpeg,"Premium quality GW2480L Computer Monitor 24"" FHD 1920x1080p | IPS | Eye-Care Tech | Low Blue Light Plus Panel | Anti-Glare | Adaptive Brightness | Tilt Screen | Built-In Speakers | DisplayPort | HDMI | VGA,Black"
B0CV7C55WQ,"Series 5 24 inch FHD Monitor, Full HD Display (1920 x 1080), IPS Panel, 99% sRGB, 1500:1 Contrast Ratio, 300 nits, Eye Ease with Eyesafe Certification, 524sw (2024)",Electronics,HP,134.99,169.99,,372,FALSE,TRUE,FALSE,198,Available,https://images.pexels.com/photos/115655/pexels-photo-115655.jpeg,"Premium quality Series 5 24 inch FHD Monitor, Full HD Display (1920 x 1080), IPS Panel, 99% sRGB, 1500:1 Contrast Ratio, 300 nits, Eye Ease with Eyesafe Certification, 524sw (2024)"
B0CV7JTKMK,"Series 5 27 inch FHD Monitor, Full HD Display (1920 x 1080), IPS Panel, 99% sRGB, 1500:1 Contrast Ratio, 300 nits, Eye Ease with Eyesafe Certification, 527sw (2024)",Electronics,HP,149.99,199.99,,495,FALSE,TRUE,FALSE,201,Available,https://images.pexels.com/photos/8100064/pexels-photo-8100064.jpeg,"Premium quality Series 5 27 inch FHD Monitor, Full HD Display (1920 x 1080), IPS Panel, 99% sRGB, 1500:1 Contrast Ratio, 300 nits, Eye Ease with Eyesafe Certification, 527sw (2024)"
B0CV7C5TH6,"Series 5 24 inch FHD Monitor, Full HD Display (1920 x 1080), IPS Panel, 99% sRGB, 1500:1 Contrast Ratio, 300 nits, Eye Ease with Eyesafe Certification, 524sa (2024)",Electronics,HP,149.99,179.99,,286,FALSE,TRUE,FALSE,171,Available,https://images.pexels.com/photos/8100064/pexels-photo-8100064.jpeg,"Premium quality Series 5 24 inch FHD Monitor, Full HD Display (1920 x 1080), IPS Panel, 99% sRGB, 1500:1 Contrast Ratio, 300 nits, Eye Ease with Eyesafe Certification, 524sa (2024)"
B0CQ12J5PP,"HP V22v G5 22 Inch Full HD 1080p Desktop Monitor 75Hz 5ms, AMD FreeSync, Anti-Glare, Low Blue Light, VESA, HDMI, VGA, 200 nits, 178 Viewing Angle, for Laptop, Computer, PC Flat Screen, Black (Renewed)",Electronics,Unknown,64.98,64.98,,24,FALSE,TRUE,FALSE,44,Available,https://images.pexels.com/photos/29249664/pexels-photo-29249664.jpeg,"Premium quality HP V22v G5 22 Inch Full HD 1080p Desktop Monitor 75Hz 5ms, AMD FreeSync, Anti-Glare, Low Blue Light, VESA, HDMI, VGA, 200 nits, 178 Viewing Angle, for Laptop, Computer, PC Flat Screen, Black (Renewed)"
B0CLFNQCBT,"27"" FHD IPS (1920x1080) Monitor Bundle with Docztorm Dock, 75Hz Refresh Rate, 1 HDMI 1.4, 1 DP 1.2, 1 VGA, Anti-Glare, VESA Mount (100x100 mm), Ideal for Office Work, Black (2023 Latest Model)",Electronics,HP,169.99,179.99,,18,FALSE,TRUE,FALSE,199,Available,https://images.pexels.com/photos/5833747/pexels-photo-5833747.jpeg,"Premium quality 27"" FHD IPS (1920x1080) Monitor Bundle with Docztorm Dock, 75Hz Refresh Rate, 1 HDMI 1.4, 1 DP 1.2, 1 VGA, Anti-Glare, VESA Mount (100x100 mm), Ideal for Office Work, Black (2023 Latest Model)"
B0B8KVCZZH,"V22v G5 FHD Monitor, AMD FreeSync technology, HDCP support for HDMI (V22v G5, Black)",Electronics,HP,59.99,59.99,,54,FALSE,FALSE,FALSE,217,Available,https://images.pexels.com/photos/37848030/pexels-photo-37848030.jpeg,"Premium quality V22v G5 FHD Monitor, AMD FreeSync technology, HDCP support for HDMI (V22v G5, Black)"
B0DHSM1CNZ,"527sf Series 5 27"" FHD 1920x1080 IPS Monitor, 100Hz, 99% sRGB, 1500:1, 5ms, Black/Silver (2024 Model)",Electronics,HP,139.99,139.99,,1,FALSE,FALSE,FALSE,180,Available,https://images.pexels.com/photos/8100064/pexels-photo-8100064.jpeg,"Premium quality 527sf Series 5 27"" FHD 1920x1080 IPS Monitor, 100Hz, 99% sRGB, 1500:1, 5ms, Black/Silver (2024 Model)"
B0BVD9YKZM,"V24v G5 24"" FHD Computer Monitor (1920x1080), 75Hz Anti-Glare Display, AMD FreeSync, HDMI, VESA Mount, Black, with Dockztorm Dock",Electronics,HP,130.99,130.99,,17,FALSE,TRUE,FALSE,196,Available,https://images.pexels.com/photos/1714202/pexels-photo-1714202.jpeg,"Premium quality V24v G5 24"" FHD Computer Monitor (1920x1080), 75Hz Anti-Glare Display, AMD FreeSync, HDMI, VESA Mount, Black, with Dockztorm Dock"
B0CV75WYTB,"Series 5 27 inch FHD Monitor, Full HD Display (1920 x 1080), IPS Panel, 99% sRGB, 1500:1 Contrast Ratio, 300 nits, Eye Ease with Eyesafe Certification, 527sa (2024)",Electronics,HP,159.99,209.99,,613,FALSE,TRUE,FALSE,82,Available,https://images.pexels.com/photos/5833752/pexels-photo-5833752.jpeg,"Premium quality Series 5 27 inch FHD Monitor, Full HD Display (1920 x 1080), IPS Panel, 99% sRGB, 1500:1 Contrast Ratio, 300 nits, Eye Ease with Eyesafe Certification, 527sa (2024)"
B08GSVTCLX,V22 FHD Monitor | 21.5-inch Diagonal FHD Computer Monitor with TN Panel and Blue Light Settings Monitor with Tiltable Screen HDMI and VGA Port | (9SV78AA#ABA),Electronics,HP,129,129,,599,FALSE,FALSE,FALSE,169,Available,https://images.pexels.com/photos/8100064/pexels-photo-8100064.jpeg,Premium quality V22 FHD Monitor | 21.5-inch Diagonal FHD Computer Monitor with TN Panel and Blue Light Settings Monitor with Tiltable Screen HDMI and VGA Port | (9SV78AA#ABA)
B09JL4W5CQ,"23.8"" LED Backlit Monitor, low blue light (V241ib, Black)",Electronics,HP,145,145,,187,FALSE,TRUE,FALSE,173,Available,https://images.pexels.com/photos/7858742/pexels-photo-7858742.jpeg,"Premium quality 23.8"" LED Backlit Monitor, low blue light (V241ib, Black)"
B08TX5BB1N,"E23 G4 23"" Full HD LCD Monitor - 16:9",Electronics,HP,168.98,168.98,,28,FALSE,TRUE,FALSE,175,Available,https://images.pexels.com/photos/7858742/pexels-photo-7858742.jpeg,"Premium quality E23 G4 23"" Full HD LCD Monitor - 16:9"
B08TX62PLQ,"E24i G4 24"" WUXGA LED LCD Monitor - 16:10 - Black, Silver",Electronics,HP,249,304,,18,FALSE,FALSE,FALSE,68,Available,https://images.pexels.com/photos/1714202/pexels-photo-1714202.jpeg,"Premium quality E24i G4 24"" WUXGA LED LCD Monitor - 16:10 - Black, Silver"
B0D44QFCPQ,"Portable Monitor 15.6 Inch 1080P USB-C HDMI Ultra-Slim Travel Monitor with Kickstand, for Laptop, PC, Mac Phone, PS, Xbox, Swich IPS Ultra-Thin Zero Frame Gaming Monitor",Electronics,Unknown,79.98,79.98,,446,FALSE,TRUE,FALSE,103,Available,https://images.pexels.com/photos/3747070/pexels-photo-3747070.jpeg,"Premium quality Portable Monitor 15.6 Inch 1080P USB-C HDMI Ultra-Slim Travel Monitor with Kickstand, for Laptop, PC, Mac Phone, PS, Xbox, Swich IPS Ultra-Thin Zero Frame Gaming Monitor"
B0CP7XRW9S,"15.6'' FHD IPS Portable Monitor – Ultra Slim External Screen with USB C/HDMI for Laptop, Mac, PC, Phone, PS4, PS5, Switch",Electronics,Unknown,81.99,81.99,,1586,FALSE,TRUE,FALSE,196,Available,https://images.pexels.com/photos/265144/pexels-photo-265144.jpeg,"Premium quality 15.6'' FHD IPS Portable Monitor – Ultra Slim External Screen with USB C/HDMI for Laptop, Mac, PC, Phone, PS4, PS5, Switch"
B0CYKMFN6R,"AYY Portable Monitor for Laptop 15 Inch,FHD 1080P USB C Travel Monitor External IPS HDMI for Computer, Second Display Screen Extender with Kickstand for PC Phone Switch PS4/5",Electronics,Unknown,49.99,49.99,,239,FALSE,TRUE,FALSE,167,Available,https://images.pexels.com/photos/20432893/pexels-photo-20432893.jpeg,"Premium quality AYY Portable Monitor for Laptop 15 Inch,FHD 1080P USB C Travel Monitor External IPS HDMI for Computer, Second Display Screen Extender with Kickstand for PC Phone Switch PS4/5"
B0BNWWF32B,"15.6inch Portable Monitor,1080P USB-C HDMI Second External Monitor for Laptop,PC,Mac Phone,PS,Xbox,Swich,IPS Ultra-Thin Zero Frame Gaming Monitor/Premium Smart Cover",Electronics,Unknown,85.99,85.99,,4578,FALSE,TRUE,FALSE,137,Available,https://images.pexels.com/photos/15940010/pexels-photo-15940010.jpeg,"Premium quality 15.6inch Portable Monitor,1080P USB-C HDMI Second External Monitor for Laptop,PC,Mac Phone,PS,Xbox,Swich,IPS Ultra-Thin Zero Frame Gaming Monitor/Premium Smart Cover"
B093GCL18V,"ARZOPA Portable Monitor, 15.6'' 1080P FHD Laptop Monitor USB C HDMI Computer Display HDR Eye Care External Screen w/Smart Cover for Mac Phone Xbox Switch PS5-S1 Table",Electronics,Unknown,75.99,75.99,,8743,FALSE,TRUE,FALSE,82,Available,https://images.pexels.com/photos/10655906/pexels-photo-10655906.jpeg,"Premium quality ARZOPA Portable Monitor, 15.6'' 1080P FHD Laptop Monitor USB C HDMI Computer Display HDR Eye Care External Screen w/Smart Cover for Mac Phone Xbox Switch PS5-S1 Table"
B0DCZCNHWP,"Portable Monitor, 15.6'' 1080P FHD gaming monitor, External monitor for laptop with USB C HDMI Ports/ Cover/ Premium Build-in Spearker for Laptop PC MAC Phone PS4 Xbox Switch",Electronics,Unknown,49.99,49.99,,10,FALSE,TRUE,FALSE,208,Available,https://images.pexels.com/photos/11129922/pexels-photo-11129922.jpeg,"Premium quality Portable Monitor, 15.6'' 1080P FHD gaming monitor, External monitor for laptop with USB C HDMI Ports/ Cover/ Premium Build-in Spearker for Laptop PC MAC Phone PS4 Xbox Switch"
B0CFKLK9JY,"Laptop Screen Extender, 14"" FHD 1080P IPS Laptop Monitor Extender Dual Screen, Portable Monitor for Laptops 13-17"" with USB-C/HDMI Port, Plug n Play for Windows/Mac/Android/Switch/PS5",Electronics,Unknown,179.99,179.99,,2242,FALSE,TRUE,FALSE,68,Available,https://images.pexels.com/photos/5793947/pexels-photo-5793947.jpeg,"Premium quality Laptop Screen Extender, 14"" FHD 1080P IPS Laptop Monitor Extender Dual Screen, Portable Monitor for Laptops 13-17"" with USB-C/HDMI Port, Plug n Play for Windows/Mac/Android/Switch/PS5"
B0C77WJ6F5,"Yodoit Portable Monitor for Laptop 1920×1080 15.6"" FHD Travel Monitor Screen IPS Display with USB Type C Port and Speakers with Smart Cover Metal Monitor Compatible with PC, MacBook, Xbox (Black)",Electronics,Unknown,49.99,69.99,,416,FALSE,TRUE,FALSE,276,Available,https://images.pexels.com/photos/10655906/pexels-photo-10655906.jpeg,"Premium quality Yodoit Portable Monitor for Laptop 1920×1080 15.6"" FHD Travel Monitor Screen IPS Display with USB Type C Port and Speakers with Smart Cover Metal Monitor Compatible with PC, MacBook, Xbox (Black)"
B0CD3WJXWH,VisionOwl Large Portable Monitor-18.5 Inch Computer Gaming Display 100Hz 120% sRGB FHD 1080P USB-C HDMI IPS Screen for Laptop Mac Surface PC PS4/PS5 Xbox with Kickstand VESA Mountable Speakers,Electronics,Unknown,199.99,199.99,,347,FALSE,TRUE,FALSE,243,Available,https://images.pexels.com/photos/7241679/pexels-photo-7241679.jpeg,Premium quality VisionOwl Large Portable Monitor-18.5 Inch Computer Gaming Display 100Hz 120% sRGB FHD 1080P USB-C HDMI IPS Screen for Laptop Mac Surface PC PS4/PS5 Xbox with Kickstand VESA Mountable Speakers
B088TLQR3K,"KYY Portable Monitor 15.6'' FHD 1080P USB C HDMI Gaming Monitor Ultra-Slim IPS Display w/Smart Cover & Speakers, Plug&Play, External Monitor for Laptop PC Phone Mac Xbox PS4",Electronics,Unknown,69.98,109.99,,4255,FALSE,TRUE,FALSE,160,Available,https://images.pexels.com/photos/10655906/pexels-photo-10655906.jpeg,"Premium quality KYY Portable Monitor 15.6'' FHD 1080P USB C HDMI Gaming Monitor Ultra-Slim IPS Display w/Smart Cover & Speakers, Plug&Play, External Monitor for Laptop PC Phone Mac Xbox PS4"
B0D3HV3DM4,"BIGASUO Portable Monitor, 15.6'' FHD 1080P USB-C HDMI Travel Laptop Monitor, HDR IPS Ultra-Slim Gaming Monitor with Kickstand & Speakers, External Monitor for Laptop PC MAC Phone PS4/5 Xbox Switch",Electronics,Unknown,50.39,55.99,,45,FALSE,TRUE,FALSE,234,Available,https://images.pexels.com/photos/6893890/pexels-photo-6893890.jpeg,"Premium quality BIGASUO Portable Monitor, 15.6'' FHD 1080P USB-C HDMI Travel Laptop Monitor, HDR IPS Ultra-Slim Gaming Monitor with Kickstand & Speakers, External Monitor for Laptop PC MAC Phone PS4/5 Xbox Switch"
B0BKKLV9HY,"KYY Portable Monitor Latest 15.6'' FHD 1080P USB-C HDMI Laptop Monitor w/Smart Cover Bag & Dual Speakers, External HDR Computer Screen, Travel Gaming Monitor for PC MAC Phone Xbox PS4/5 Switch",Electronics,Unknown,87.98,87.98,,1734,FALSE,TRUE,FALSE,230,Available,https://images.pexels.com/photos/7241679/pexels-photo-7241679.jpeg,"Premium quality KYY Portable Monitor Latest 15.6'' FHD 1080P USB-C HDMI Laptop Monitor w/Smart Cover Bag & Dual Speakers, External HDR Computer Screen, Travel Gaming Monitor for PC MAC Phone Xbox PS4/5 Switch"
B0DCYBR34X,"WGK Portable Monitor 15.6-inch 1080P USB-C HDMI Ultra Slim Travel Monitor with Kickstand for Laptop, PC, Mac Phone, PS, Xbox, Swich Gaming Monitor IPS Slim Zero Bezel",Electronics,Unknown,83.99,99.99,,93,FALSE,TRUE,FALSE,51,Available,https://images.pexels.com/photos/29249664/pexels-photo-29249664.jpeg,"Premium quality WGK Portable Monitor 15.6-inch 1080P USB-C HDMI Ultra Slim Travel Monitor with Kickstand for Laptop, PC, Mac Phone, PS, Xbox, Swich Gaming Monitor IPS Slim Zero Bezel"
B0BC9W3HS5,"LG 27-Inch Class StanbyMe 1080p-Portable Touch-Screen-Monitor 27ART10AKPL, Built-in Battery, Full Swivel Rotation, 60Hz Refresh Rate, Calming Beige",Electronics,Unknown,996.99,996.99,,400,FALSE,FALSE,FALSE,177,Available,https://images.pexels.com/photos/326505/pexels-photo-326505.jpeg,"Premium quality LG 27-Inch Class StanbyMe 1080p-Portable Touch-Screen-Monitor 27ART10AKPL, Built-in Battery, Full Swivel Rotation, 60Hz Refresh Rate, Calming Beige"
B0B5GRGCX5,"Lenovo L15 Portable Monitor, 15.6” Display, Full HD Resolution, IPS Panel, 250 nits Brightness, 60Hz Refresh Rate, USB-C Ports, Height-Adjustable Stand, Flicker-Free Technology, Grey",Electronics,Unknown,162,180.44,,46,FALSE,FALSE,FALSE,163,Available,https://images.pexels.com/photos/7491599/pexels-photo-7491599.jpeg,"Premium quality Lenovo L15 Portable Monitor, 15.6” Display, Full HD Resolution, IPS Panel, 250 nits Brightness, 60Hz Refresh Rate, USB-C Ports, Height-Adjustable Stand, Flicker-Free Technology, Grey"
B0CH9XW8RK,"ARZOPA Portable Monitor 15.6'' FHD 1080P - Ultra-Slim Portable Laptop Monitor with Kickstand - IPS Display for PC, MAC, Phone, Xbox, PS5 - USB C & HDMI Connectivity - A1",Electronics,Unknown,85.99,85.99,,1092,FALSE,TRUE,FALSE,38,Available,https://images.pexels.com/photos/8532766/pexels-photo-8532766.jpeg,"Premium quality ARZOPA Portable Monitor 15.6'' FHD 1080P - Ultra-Slim Portable Laptop Monitor with Kickstand - IPS Display for PC, MAC, Phone, Xbox, PS5 - USB C & HDMI Connectivity - A1"
B0CY896H5G,"Laptop Screen Extender 14"" 1080P FHD IPS, Portable Monitor for Laptop 13-17"", Triple Monitor Extended for laptops with Dual Speakers, Plug-Play with Type-C/HDMI/USB-A for Wins/Mac/Chrome",Electronics,Unknown,299.99,299.99,,422,FALSE,TRUE,FALSE,37,Available,https://images.pexels.com/photos/20432893/pexels-photo-20432893.jpeg,"Premium quality Laptop Screen Extender 14"" 1080P FHD IPS, Portable Monitor for Laptop 13-17"", Triple Monitor Extended for laptops with Dual Speakers, Plug-Play with Type-C/HDMI/USB-A for Wins/Mac/Chrome"
B0966YYP65,"ASUS ZenScreen 15.6” 1080P Portable Monitor (MB16ACV) - Full HD, IPS, Eye Care, Flicker Free, Blue Light Filter, Kickstand, USB-C Power Delivery, for Laptop, PC, Phone, Console",Electronics,Unknown,199.99,199.99,,854,FALSE,TRUE,FALSE,276,Available,https://images.pexels.com/photos/265144/pexels-photo-265144.jpeg,"Premium quality ASUS ZenScreen 15.6” 1080P Portable Monitor (MB16ACV) - Full HD, IPS, Eye Care, Flicker Free, Blue Light Filter, Kickstand, USB-C Power Delivery, for Laptop, PC, Phone, Console"
